ID,TITLE,ANSWER,Level,lex_score,grammar_score,dictation_score,reasons
1,#1 RS,"Next time, we'll discuss the influence of the media on public policy.",2,0,0,3,"lex=0(rare_avg=4.72: discuss(4.66), influence(4.78)) | dictation=contraction; long(12); dense(8)"
2,#2 RS,He would yell if he was interrupted while painting.,3,1,2,0,"lex=1(rare_avg=3.85: yell(3.85), interrupted(3.85)) | grammar=modal(would); passive(was interrupted)"
3,#3 RS,Please come to the next seminar properly prepared.,1,0,0,1,"lex=0(rare_avg=4.21: seminar(3.77), properly(4.64)) | dictation=dense(6)"
4,#4 RS,"Market research surveys might be conducted by telephone, the internet, or in person.",3,0,2,3,"lex=0(rare_avg=4.21: surveys(4.00), telephone(4.41)) | grammar=modal(might); passive(be conducted) | dictation=list_enum; long(13); dense(7)"
5,#5 RS,"Usually, but not always, reviews provide an unbiased source of information.",2,0,0,3,"lex=0(rare_avg=3.96: unbiased(3.33), reviews(4.58)) | dictation=list_enum; long(11); dense(6)"
6,#6 RS,"The research looked at neighborhood cooperative schemes, such as community gardens.",2,0,0,2,"lex=0(rare_avg=3.95: cooperative(3.86), schemes(4.03)) | dictation=long(11); dense(7)"
7,#7 RS,"Adverts might use humor, drama or catchy slogans to grab people's attention.",2,1,1,3,"lex=1(rare_avg=3.29: adverts(3.26), slogans(3.33)) | grammar=modal(might) | dictation=contraction; list_enum; long(12); dense(9)"
8,#8 RS,"When we talk, we use tones and expressions to understand each other.",2,1,0,1,"lex=1(rare_avg=3.84: tones(3.76), expressions(3.92)) | dictation=long(12)"
9,#9 RS,I've had a very happy childhood so I sometimes forget that others haven't.,2,0,0,3,"lex=0(rare_avg=4.79: childhood(4.51), forget(5.06)) | dictation=contraction; long(13); dense(7)"
10,#10 RS,I really don't think so. Scientists should be free to do what they like.,2,0,1,2,"lex=0(rare_avg=5.80: free(5.63), really(5.97)) | grammar=modal(should) | dictation=contraction; long(14)"
11,#11 RS,"Advertisements are all around us wherever we go, whatever we do.",1,0,0,1,"lex=0(rare_avg=4.01: advertisements(3.75), wherever(4.27)) | dictation=long(11)"
12,#12 RS,Do you think new developments in science often cause more problems than they solve?,2,0,0,2,"lex=0(rare_avg=4.32: developments(4.22), solve(4.42)) | dictation=long(14); dense(8)"
13,#13 RS,The number of people in the world tripled during the last century.,2,0,0,2,"lex=0(rare_avg=4.05: tripled(3.09), century(5.02)) | dictation=long(12); dense(6)"
14,#14 RS,"People get product information from advertisements, friends, family and product reviews.",2,0,0,3,"lex=0(rare_avg=4.17: advertisements(3.75), reviews(4.58)) | dictation=list_enum; long(11); dense(9)"
15,#15 RS,It's difficult for us to control our feelings of disgust.,1,0,0,1,"lex=0(rare_avg=4.16: disgust(3.61), feelings(4.71)) | dictation=contraction"
16,#16 RS,Sometimes ads promote a brand rather than a particular product.,1,0,1,1,"lex=0(rare_avg=4.44: ads(4.32), promote(4.56)) | grammar=phrase(rather than) | dictation=dense(7)"
17,#17 RS,One theory suggests that dreams help with long-term memory.,1,0,0,1,"lex=0(rare_avg=4.54: suggests(4.49), dreams(4.59)) | dictation=dense(8)"
18,#18 RS,It's important that people with responsible jobs get plenty of sleep.,2,0,0,3,"lex=0(rare_avg=4.80: plenty(4.72), responsible(4.88)) | dictation=contraction; long(11); dense(8)"
19,#19 RS,An increase in population will lead to fewer resources.,1,0,0,0,"lex=0(rare_avg=4.61: fewer(4.31), resources(4.91))"
20,#20 RS,Elderly people can sometimes lose their connection to society.,1,0,0,1,"lex=0(rare_avg=4.46: elderly(4.15), connection(4.76)) | dictation=dense(6)"
21,#21 RS,My parents didn't have a good education so they were determined that I would.,3,0,2,2,"lex=0(rare_avg=4.92: determined(4.64), parents(5.21)) | grammar=modal(would); passive(were determined) | dictation=contraction; long(14)"
22,#22 RS,Nine out of ten British people live in towns and cities.,2,0,0,2,"lex=0(rare_avg=4.62: towns(4.39), cities(4.84)) | dictation=long(11); dense(6)"
23,#23 RS,The university is working towards being more environmentally sustainable.,1,1,0,0,"lex=1(rare_avg=3.82: environmentally(3.44), sustainable(4.19))"
24,#24 RS,But there's no context for the words we read.,1,0,0,1,"lex=0(rare_avg=4.94: context(4.63), words(5.25)) | dictation=contraction"
25,#25 RS,They can tutor other students who need help for the preparation of the course and the test.,2,0,1,2,"lex=0(rare_avg=4.00: tutor(3.67), preparation(4.32)) | grammar=relative(who) | dictation=long(17); dense(7)"
26,#26 RS,The artist's early work was a good buy.,1,0,0,1,"lex=0(rare_avg=4.42: artist's(3.52), buy(5.32)) | dictation=contraction"
27,#27 RS,Feelings of nervousness are common among all university freshers.,2,2,0,1,"lex=2(rare_avg=2.81: freshers(2.58), nervousness(3.04)) | dictation=dense(6)"
28,#28 RS,He was an abstract expressionist painter.,1,1,0,0,"lex=1(rare_avg=3.23: expressionist(2.53), painter(3.93))"
29,#29 RS,I can't afford to take a gap year unless I can get a job and save up.,2,0,1,3,"lex=0(rare_avg=4.52: gap(4.47), afford(4.57)) | grammar=adv_sub(unless) | dictation=contraction; long(17); dense(9)"
30,#30 RS,"There are several reasons for population growth, such as better education.",2,0,0,2,"lex=0(rare_avg=4.97: reasons(4.93), population(5.01)) | dictation=long(11); dense(6)"
31,#31 RS,"Marketing involves many activities, including doing research, developing products and promoting them.",2,0,0,3,"lex=0(rare_avg=4.31: promoting(4.28), involves(4.34)) | dictation=list_enum; long(12); dense(10)"
32,#32 RS,The financial report for the last quarter will be available this afternoon.,2,0,0,2,"lex=0(rare_avg=4.72: quarter(4.72), afternoon(4.72)) | dictation=long(12); dense(6)"
33,#33 RS,Extra seminars will be scheduled to assist you with revision.,1,1,1,0,"lex=1(rare_avg=3.66: seminars(3.50), revision(3.82)) | grammar=passive(be scheduled)"
34,#34 RS,"But overall, surely scientific development is a positive thing.",1,0,0,1,"lex=0(rare_avg=4.61: surely(4.55), scientific(4.67)) | dictation=dense(6)"
35,#35 RS,You should enquire about the direct deposit.,1,1,1,0,"lex=1(rare_avg=3.81: enquire(3.38), deposit(4.24)) | grammar=modal(should)"
36,#36 RS,The impact of climate change could result in floods.,1,0,1,0,"lex=0(rare_avg=4.25: floods(3.78), climate(4.71)) | grammar=modal(could)"
37,#37 RS,Cycle lanes make it safer to travel by bike.,1,0,0,1,"lex=0(rare_avg=4.03: lanes(3.97), safer(4.09)) | dictation=dense(6)"
38,#38 RS,All too often people overeat without realizing it.,1,1,0,0,"lex=1(rare_avg=3.13: overeat(2.30), realizing(3.97))"
39,#39 RS,There are on-going problems with the over-consumption of junk food.,1,0,0,0,"lex=0(rare_avg=4.19: junk(4.03), consumption(4.35))"
40,#40 RS,Factors such as cost and function influence the design of a bridge.,2,0,0,2,"lex=0(rare_avg=4.71: factors(4.64), bridge(4.77)) | dictation=long(12); dense(6)"
41,#41 RS,Cities need to invest more money in road systems.,1,0,0,1,"lex=0(rare_avg=4.58: invest(4.32), cities(4.84)) | dictation=dense(6)"
42,#42 RS,He's shown an interest in exciting new art movements.,1,0,0,2,"lex=0(rare_avg=4.45: movements(4.35), exciting(4.54)) | dictation=contraction; dense(7)"
43,#43 RS,"Then we go for ones where we know there're guided tours, because this gives good focus for the visit.",2,1,1,3,"lex=1(rare_avg=3.43: there're(2.80), guided(4.06)) | grammar=relative(where) | dictation=contraction; long(19); dense(11)"
44,#44 RS,"Absolutely, I believe scientific development can be a positive thing.",1,0,0,1,"lex=0(rare_avg=4.83: scientific(4.67), absolutely(4.98)) | dictation=dense(6)"
45,#45 RS,Public transport is the best way to travel to university.,1,0,0,1,"lex=0(rare_avg=4.84: transport(4.68), travel(5.00)) | dictation=dense(6)"
46,#46 RS,Even during leisure time you can hear attempts to persuade or influence.,2,1,0,2,"lex=1(rare_avg=3.87: persuade(3.82), leisure(3.92)) | dictation=long(12); dense(6)"
47,#47 RS,"Here in this area, you shouldn't find any huge social problems nowadays.",2,0,0,3,"lex=0(rare_avg=4.46: nowadays(4.11), shouldn't(4.82)) | dictation=contraction; long(12); dense(7)"
48,#48 RS,Street lighting allows people to walk home safely at night.,1,0,0,1,"lex=0(rare_avg=4.25: safely(4.22), lighting(4.29)) | dictation=dense(8)"
49,#49 RS,But we have confirmed the dates and planned the optional extra visits.,2,0,1,2,"lex=0(rare_avg=4.11: optional(3.91), visits(4.30)) | grammar=perfect(have confirmed) | dictation=long(12); dense(6)"
50,#50 RS,"Advertisements need to appeal to people of different ages, socioeconomic backgrounds, and genders.",2,1,0,3,"lex=1(rare_avg=3.30: genders(3.27), socioeconomic(3.34)) | dictation=list_enum; long(13); dense(9)"
51,#51 RS,"In most cases, quality products don't need much advertising.",1,0,0,2,"lex=0(rare_avg=4.79: advertising(4.54), cases(5.04)) | dictation=contraction; dense(7)"
52,#52 RS,"During some stages of sleep, your eyes move rapidly behind your closed eyelids.",2,1,0,2,"lex=1(rare_avg=3.75: eyelids(3.16), rapidly(4.34)) | dictation=long(13); dense(8)"
53,#53 RS,A new report outlines ways in which cities should address transport issues.,3,0,3,2,"lex=0(rare_avg=4.14: outlines(3.60), transport(4.68)) | grammar=phrase(in which); modal(should); relative(which) | dictation=long(12); dense(8)"
54,#54 RS,Teenagers more than most age groups feel strong pressure to conform.,2,1,0,2,"lex=1(rare_avg=3.77: conform(3.53), teenagers(4.01)) | dictation=long(11); dense(7)"
55,#55 RS,Our exam results are consistently high in all subjects.,1,0,0,0,"lex=0(rare_avg=4.25: consistently(4.24), exam(4.26))"
56,#56 RS,Some people suggest a levy on junk food to discourage its consumption.,2,1,0,2,"lex=1(rare_avg=3.71: discourage(3.57), levy(3.85)) | dictation=long(12); dense(7)"
57,#57 RS,University students pay a lot of money for their education.,1,0,0,1,"lex=0(rare_avg=5.27: students(5.25), education(5.28)) | dictation=dense(6)"
59,#59 RS,There are many good methods that can be used.,1,0,0,0,"lex=0(rare_avg=5.24: methods(4.68), used(5.80))"
60,#60 RS,Lack of sleep can lead to changes in behavior.,1,0,0,0,"lex=0(rare_avg=4.80: behavior(4.69), lack(4.92))"
61,#61 RS,The amount of sleep that adults need doesn't change as they get older.,2,0,0,3,"lex=0(rare_avg=4.75: adults(4.59), older(4.92)) | dictation=contraction; long(13); dense(8)"
62,#62 RS,"It's a difficult one. If you start prohibiting some research, where do you draw the line?",2,0,1,3,"lex=0(rare_avg=4.06: prohibiting(3.32), draw(4.81)) | grammar=relative(where) | dictation=contraction; long(16); dense(8)"
63,#63 RS,It's important for people to connect to each other.,1,0,0,1,"lex=0(rare_avg=4.91: connect(4.38), important(5.44)) | dictation=contraction"
64,#64 RS,The problems that science solves far outweigh the problems that it may bring.,2,1,1,2,"lex=1(rare_avg=3.28: outweigh(3.27), solves(3.29)) | grammar=modal(may) | dictation=long(13); dense(7)"
65,#65 RS,There is a lot of sugar in many fast foods.,1,0,0,0,"lex=0(rare_avg=4.54: foods(4.41), sugar(4.68))"
66,#66 RS,It is important that you work as a team on this project.,2,0,1,1,"lex=0(rare_avg=5.33: project(5.22), important(5.44)) | grammar=passive(is important) | dictation=long(12)"
67,#67 RS,Detailed analysis of population growth has revealed some alarming predictions.,2,1,1,1,"lex=1(rare_avg=3.73: alarming(3.53), predictions(3.94)) | grammar=perfect(has revealed) | dictation=dense(7)"
68,#68 RS,Students who wish to apply for an extension should approach their tutors.,3,1,2,2,"lex=1(rare_avg=3.80: tutors(3.15), extension(4.46)) | grammar=modal(should); relative(who) | dictation=long(12); dense(6)"
69,#69 RS,Visual aids can make presentations clearer and more interesting.,1,1,0,1,"lex=1(rare_avg=3.67: presentations(3.61), clearer(3.73)) | dictation=dense(6)"
70,#70 RS,"Unlike applied arts, fine arts do not serve a practical function.",2,0,0,2,"lex=0(rare_avg=4.53: practical(4.48), unlike(4.57)) | dictation=long(11); dense(8)"
71,#71 RS,There is plenty of cheap accommodation off-campus.,1,0,0,0,"lex=0(rare_avg=4.29: accommodation(4.06), campus(4.51))"
72,#72 RS,The lecture on child psychology has been postponed until Friday.,3,0,2,0,"lex=0(rare_avg=3.94: postponed(3.74), lecture(4.14)) | grammar=passive(been postponed); perfect(has been postponed)"
73,#73 RS,You must establish a day and time with your tutor.,1,0,1,0,"lex=0(rare_avg=4.06: tutor(3.67), establish(4.46)) | grammar=modal(must)"
74,#74 RS,There will be no extensions given for this project.,1,0,1,0,"lex=0(rare_avg=4.52: extensions(3.82), project(5.22)) | grammar=passive(be no extensions given)"
75,#75 RS,My favorite place in my hometown is the main park located downtown.,2,0,0,2,"lex=0(rare_avg=4.16: hometown(3.91), downtown(4.40)) | dictation=long(12); dense(7)"
76,#76 RS,Students do better when they interact with others with completely different perspectives on things.,2,0,0,2,"lex=0(rare_avg=3.97: perspectives(3.89), interact(4.05)) | dictation=long(14); dense(8)"
77,#77 RS,"The atmosphere is very important to our lives, and we cannot live without it.",2,0,1,2,"lex=0(rare_avg=4.79: atmosphere(4.46), cannot(5.11)) | grammar=passive(is very important) | dictation=long(14); dense(6)"
78,#78 RS,"First of all, a lot of students don't even know how to type very fast.",2,0,0,3,"lex=0(rare_avg=5.19: fast(5.13), students(5.25)) | dictation=contraction; long(15); dense(7)"
79,#79 RS,So what do the lungfish do in order to survive?,1,1,1,0,"lex=1(rare_avg=3.13: lungfish(1.74), survive(4.52)) | grammar=phrase(in order to)"
80,#80 RS,A new cafe is opening in the library's basement.,1,1,0,1,"lex=1(rare_avg=3.51: library's(2.93), cafe(4.09)) | dictation=contraction"
81,#81 RS,It is one of the oldest original parts of our university.,1,0,0,1,"lex=0(rare_avg=4.66: oldest(4.24), parts(5.07)) | dictation=long(11)"
82,#82 RS,The media are to blame for the excessive promotion of unhealthy food.,2,0,0,2,"lex=0(rare_avg=3.92: unhealthy(3.72), excessive(4.12)) | dictation=long(12); dense(6)"
83,#83 RS,The supplementary energy sources are needed after exertion.,1,1,1,0,"lex=1(rare_avg=3.13: exertion(2.90), supplementary(3.36)) | grammar=passive(are needed)"
84,#84 RS,He would use his brushes in new and interesting ways.,1,0,1,0,"lex=0(rare_avg=4.29: brushes(3.58), interesting(5.00)) | grammar=modal(would)"
85,#85 RS,The artist is exhibiting in the national art gallery next year.,2,0,0,2,"lex=0(rare_avg=3.95: exhibiting(3.40), gallery(4.49)) | dictation=long(11); dense(7)"
86,#86 RS,A course in art will stimulate creativity.,1,1,0,0,"lex=1(rare_avg=3.84: stimulate(3.67), creativity(4.01))"
87,#87 RS,He has a good collection of art.,1,0,0,0,"lex=0(rare_avg=5.12: collection(4.96), art(5.29))"
88,#88 RS,The artist used an apartment as his studio.,1,0,0,0,"lex=0(rare_avg=4.66: apartment(4.65), studio(4.66))"
89,#89 RS,"Children, for example, are often exposed to negative role models due to peer pressure.",2,0,1,3,"lex=0(rare_avg=4.32: peer(4.14), exposed(4.51)) | grammar=passive(are often exposed) | dictation=list_enum; long(14); dense(10)"
90,#90 RS,People often conform during their leisure time as well as in their work hours.,2,1,0,2,"lex=1(rare_avg=3.72: conform(3.53), leisure(3.92)) | dictation=long(14); dense(8)"
91,#91 RS,Conformity involves acting or thinking like other group members.,1,1,0,1,"lex=1(rare_avg=3.77: conformity(3.20), involves(4.34)) | dictation=dense(7)"
92,#92 RS,An understanding of persuasive techniques should help you recognise their use.,2,0,1,2,"lex=0(rare_avg=3.96: persuasive(3.41), techniques(4.51)) | grammar=modal(should) | dictation=long(11); dense(6)"
93,#93 RS,"Nowadays, persuasion is an important area of research within social psychology.",2,1,1,2,"lex=1(rare_avg=3.72: persuasion(3.33), nowadays(4.11)) | grammar=passive(is an important) | dictation=long(11); dense(8)"
94,#94 RS,He needs to talk to you about your industrial architecture class.,1,0,0,1,"lex=0(rare_avg=4.56: architecture(4.42), industrial(4.71)) | dictation=long(11)"
95,#95 RS,"Often, the point of the advertisements is to raise awareness rather than give information.",2,0,1,2,"lex=0(rare_avg=4.10: advertisements(3.75), awareness(4.44)) | grammar=phrase(rather than) | dictation=long(14); dense(8)"
96,#96 RS,"Generally, consumers trust friends more than commercial information, such as advertisements.",2,0,0,3,"lex=0(rare_avg=4.07: advertisements(3.75), consumers(4.39)) | dictation=list_enum; long(11); dense(7)"
97,#97 RS,"Advertisements can occur in unusual places, even in the sea or in the sky.",2,0,0,2,"lex=0(rare_avg=4.10: advertisements(3.75), unusual(4.45)) | dictation=long(14); dense(6)"
98,#98 RS,"People see ads on the internet, on TV and in magazines.",1,0,0,1,"lex=0(rare_avg=4.20: magazines(4.07), ads(4.32)) | dictation=long(11)"
99,#99 RS,Elephants spend some of their sleeping time standing up and some of it lying down.,2,0,0,2,"lex=0(rare_avg=4.18: elephants(3.81), sleeping(4.56)) | dictation=long(15); dense(6)"
100,#100 RS,Fatigue is a factor in a significant proportion of road accidents.,2,0,0,2,"lex=0(rare_avg=3.99: fatigue(3.86), proportion(4.11)) | dictation=long(11); dense(6)"
101,#101 RS,Having a shower before going to bed can help you sleep.,2,0,0,2,"lex=0(rare_avg=4.78: shower(4.50), sleep(5.05)) | dictation=long(11); dense(6)"
102,#102 RS,It is normal to wake up several times each night.,1,0,0,0,"lex=0(rare_avg=4.88: wake(4.76), normal(5.01))"
103,#103 RS,The hypothesis about black holes is rendered moot by the explanation of the explosion.,2,1,1,2,"lex=1(rare_avg=3.55: moot(3.23), hypothesis(3.87)) | grammar=passive(is rendered) | dictation=long(14); dense(7)"
104,#104 RS,There is disagreement among researchers about why we dream.,1,0,1,0,"lex=0(rare_avg=4.03: disagreement(3.66), researchers(4.39)) | grammar=passive(is disagreement)"
105,#105 RS,Most adults need around eight hours of sleep every night.,1,0,0,1,"lex=0(rare_avg=4.80: adults(4.59), eight(5.02)) | dictation=dense(7)"
106,#106 RS,It's my opinion that technological advances will begin to slow.,1,0,0,2,"lex=0(rare_avg=4.07: technological(4.06), advances(4.08)) | dictation=contraction; dense(6)"
107,#107 RS,Robots are able to communicate with humans around them.,1,0,0,0,"lex=0(rare_avg=4.10: robots(3.99), communicate(4.20))"
108,#108 RS,Most people feel lonely at some point in their lives.,1,0,0,0,"lex=0(rare_avg=4.70: lonely(4.25), lives(5.14))"
109,#109 RS,"If little action is taken, we could experience energy shortages.",3,0,2,1,"lex=0(rare_avg=4.37: shortages(3.50), energy(5.23)) | grammar=modal(could); passive(is taken) | dictation=dense(6)"
110,#110 RS,One solution is a system of electric cars available for hire on demand.,2,0,0,2,"lex=0(rare_avg=4.56: hire(4.40), electric(4.72)) | dictation=long(13); dense(8)"
111,#111 RS,We could invest in effective public transport.,1,0,1,0,"lex=0(rare_avg=4.50: invest(4.32), transport(4.68)) | grammar=modal(could)"
112,#112 RS,New technology has a role to play in innovation.,1,0,0,0,"lex=0(rare_avg=4.71: innovation(4.32), technology(5.09))"
113,#113 RS,This number went up very slowly over several centuries.,1,0,0,0,"lex=0(rare_avg=4.47: centuries(4.32), slowly(4.63))"
114,#114 RS,"2000 years ago, there were few people in the world.",1,0,0,1,"lex=0(rare_avg=5.65: ago(5.42), world(5.89)) | dictation=number"
115,#115 RS,Students are not allowed to speak when they are in the examination hall.,2,0,1,1,"lex=0(rare_avg=4.56: examination(4.26), hall(4.87)) | grammar=passive(are not allowed) | dictation=long(13)"
116,#116 RS,Copying from the internet threatens to damage your chances of success.,2,1,0,2,"lex=1(rare_avg=3.71: copying(3.68), threatens(3.75)) | dictation=long(11); dense(6)"
117,#117 RS,"To acquire a copy of the presentation, please go to my website.",2,0,0,2,"lex=0(rare_avg=4.22: acquire(4.13), presentation(4.31)) | dictation=long(12); dense(6)"
118,#118 RS,Please leave any questions related to the topic until the end.,2,0,0,2,"lex=0(rare_avg=4.79: topic(4.49), related(5.10)) | dictation=long(11); dense(7)"
119,#119 RS,The students' union governs the use of the sports center.,1,0,0,1,"lex=0(rare_avg=4.04: governs(3.15), sports(4.94)) | dictation=dense(6)"
120,#120 RS,Anyone who feels ill should visit our medical center.,3,0,2,1,"lex=0(rare_avg=4.81: ill(4.72), feels(4.90)) | grammar=modal(should); relative(who) | dictation=dense(6)"
121,#121 RS,I hope I can take early retirement before I'm sixty.,1,0,0,1,"lex=0(rare_avg=4.23: sixty(3.93), retirement(4.53)) | dictation=contraction"
122,#122 RS,I'd like to start a family when I'm about thirty years old.,2,0,0,3,"lex=0(rare_avg=4.87: thirty(4.38), i'd(5.36)) | dictation=contraction; long(12); dense(7)"
123,#123 RS,Next year I'm planning to take a sabbatical so that I can travel to South America.,2,0,1,3,"lex=0(rare_avg=3.93: sabbatical(2.95), planning(4.90)) | grammar=phrase(so that) | dictation=contraction; long(16); dense(6)"
124,#124 RS,Some teenagers in my school are not very well-behaved but fortunately all my friends are.,2,1,0,2,"lex=1(rare_avg=3.78: behaved(3.59), fortunately(3.97)) | dictation=long(15); dense(6)"
125,#125 RS,Some people think that having a child is not a major responsibility but obviously it is.,2,0,0,2,"lex=0(rare_avg=4.78: responsibility(4.75), obviously(4.80)) | dictation=long(16); dense(7)"
126,#126 RS,"Not everyone wants to keep in touch with their old school friends when they leave school, but I would like to.",2,0,1,2,"lex=0(rare_avg=5.08: touch(4.91), wants(5.24)) | grammar=modal(would) | dictation=long(21); dense(10)"
127,#127 RS,Scientific developments often cause lots of problems so sometimes they're not worth it.,2,0,0,3,"lex=0(rare_avg=4.45: developments(4.22), scientific(4.67)) | dictation=contraction; long(13); dense(9)"
128,#128 RS,"Absolutely, I don't think anyone should try to interfere with nature.",2,0,1,3,"lex=0(rare_avg=4.43: interfere(3.88), absolutely(4.98)) | grammar=modal(should) | dictation=contraction; long(11); dense(7)"
129,#129 RS,I'm not sure really. Most research is beneficial but some can be unethical or even dangerous.,2,1,0,3,"lex=1(rare_avg=3.70: unethical(3.31), beneficial(4.08)) | dictation=contraction; long(16); dense(7)"
130,#130 RS,Email is quick and convenient.,1,0,1,0,"lex=0(rare_avg=4.42: convenient(4.15), email(4.68)) | grammar=passive(is quick and convenient)"
131,#131 RS,"Our friends give us emotional support, although not always.",1,0,1,0,"lex=0(rare_avg=4.98: emotional(4.66), although(5.30)) | grammar=adv_sub(although)"
132,#132 RS,Early next year there's a major auction of his work.,1,0,0,2,"lex=0(rare_avg=4.79: auction(4.27), major(5.30)) | dictation=contraction; dense(7)"
133,#133 RS,"In just 12 years, the global population rose from 6 to 7 billion.",1,0,0,2,"lex=0(rare_avg=4.79: billion(4.75), rose(4.82)) | dictation=number; long(13)"
134,#134 RS,"In 1880, cycling became a major phenomenon in Europe.",1,0,0,1,"lex=0(rare_avg=4.12: cycling(4.10), phenomenon(4.13)) | dictation=number"
135,#135 RS,All students on engineering courses spent one year working on the raw experience.,2,0,0,2,"lex=0(rare_avg=4.50: courses(4.46), raw(4.53)) | dictation=long(13); dense(9)"
136,#136 RS,Economy of scale is the increase in efficiency that occurs when more goods are produced.,2,0,1,2,"lex=0(rare_avg=4.36: occurs(4.34), efficiency(4.38)) | grammar=passive(are produced) | dictation=long(15); dense(7)"
137,#137 RS,He's showing his work at the London Gallery of Art.,1,0,0,1,"lex=0(rare_avg=5.24: showing(4.88), he's(5.60)) | dictation=contraction"
138,#138 RS,I've always wanted to get a degree in electronic engineering.,1,0,0,2,"lex=0(rare_avg=4.67: electronic(4.55), engineering(4.80)) | dictation=contraction; dense(6)"
139,#139 RS,It gradually spread to many places throughout Europe by the 1600s.,1,0,0,2,"lex=0(rare_avg=4.51: gradually(4.21), spread(4.81)) | dictation=number; long(11)"
140,#140 RS,Please switch off all electronic devices when you are attending a conference session.,2,0,0,2,"lex=0(rare_avg=4.43: attending(4.31), electronic(4.55)) | dictation=long(13); dense(7)"
141,#141 RS,Politicians and marketing professionals have a good understanding of persuasion.,1,1,0,1,"lex=1(rare_avg=3.79: persuasion(3.33), professionals(4.24)) | dictation=dense(6)"
142,#142 RS,Social robots can show different facial expressions and emotions.,1,0,0,1,"lex=0(rare_avg=3.96: expressions(3.92), robots(3.99)) | dictation=dense(7)"
143,#143 RS,Our future well-being depends on the actions we take now.,1,0,0,0,"lex=0(rare_avg=4.68: depends(4.53), actions(4.82))"
144,#144 RS,There are no places left in the morning tutorial.,1,0,1,0,"lex=0(rare_avg=4.42: tutorial(3.80), places(5.03)) | grammar=passive(are no places left)"
145,#145 RS,Scientists still aren't sure why we need to sleep.,1,0,0,1,"lex=0(rare_avg=4.78: scientists(4.50), aren't(5.05)) | dictation=contraction"
146,#146 RS,Some of the worst accidents in history have been linked to sleep deprivation.,3,1,2,2,"lex=1(rare_avg=3.80: deprivation(3.44), accidents(4.16)) | grammar=passive(been linked); perfect(have been linked) | dictation=long(13); dense(6)"
147,#147 RS,Please note that the college laboratories will be closed for cleaning next week.,2,0,1,2,"lex=0(rare_avg=4.05: laboratories(3.72), cleaning(4.39)) | grammar=passive(be closed) | dictation=long(13); dense(8)"
148,#148 RS,"If you show your student card, you will get a discount.",1,0,0,1,"lex=0(rare_avg=4.68: discount(4.35), student(5.02)) | dictation=long(11)"
149,#149 RS,Most people dislike advertisements but appear to be influenced by them anyway.,2,1,1,2,"lex=1(rare_avg=3.82: advertisements(3.75), dislike(3.89)) | grammar=passive(be influenced) | dictation=long(12); dense(6)"
150,#150 RS,The feeling of disgust is related to the stomach.,1,0,1,0,"lex=0(rare_avg=4.01: disgust(3.61), stomach(4.42)) | grammar=passive(is related)"
151,#151 RS,This short line on the painting represents life.,1,0,0,0,"lex=0(rare_avg=4.54: represents(4.48), painting(4.60))"
152,#152 RS,"In the end, it's what people like to eat that's important.",2,0,0,3,"lex=0(rare_avg=5.29: eat(5.13), important(5.44)) | dictation=contraction; long(11); dense(7)"
153,#153 RS,The conference is predicted to draw greater numbers than last year.,2,0,1,2,"lex=0(rare_avg=4.46: predicted(4.12), draw(4.81)) | grammar=passive(is predicted) | dictation=long(11); dense(7)"
154,#154 RS,You'll find the economics section on the second floor of the library.,2,0,0,3,"lex=0(rare_avg=4.64: economics(4.42), library(4.86)) | dictation=contraction; long(12); dense(7)"
155,#155 RS,There are many abstract paintings here.,1,0,0,0,"lex=0(rare_avg=4.17: abstract(4.14), paintings(4.20))"
156,#156 RS,"Let's all meet at four, not three as we agreed before.",1,0,0,2,"lex=0(rare_avg=5.00: agreed(4.84), let's(5.16)) | dictation=contraction; long(11)"
157,#157 RS,Please sign your name here if you want to join the social club.,2,0,0,2,"lex=0(rare_avg=5.04: join(5.00), sign(5.08)) | dictation=long(13); dense(7)"
158,#158 RS,I'd like to get a place of my own as soon as I can.,1,0,0,2,"lex=0(rare_avg=5.34: soon(5.32), i'd(5.36)) | dictation=contraction; long(14)"
159,#159 RS,He would yearn for the chance to learn from the well-known artist.,2,1,1,2,"lex=1(rare_avg=3.88: yearn(2.97), artist(4.80)) | grammar=modal(would) | dictation=long(12); dense(6)"
160,#160 RS,The bus will depart from outside of the building in 5 minutes.,1,0,0,2,"lex=0(rare_avg=4.25: depart(3.67), bus(4.83)) | dictation=number; long(12)"
161,#161 RS,The painter is well-known for his abstract period.,1,0,0,0,"lex=0(rare_avg=4.04: painter(3.93), abstract(4.14))"
162,#162 RS,"Via agreement with government, a fast food company restricted its advertising.",2,0,0,2,"lex=0(rare_avg=4.37: restricted(4.19), advertising(4.54)) | dictation=long(11); dense(8)"
163,#163 RS,Academics need to go outside the university gates and communicate with ordinary people.,2,0,0,2,"lex=0(rare_avg=3.99: academics(3.78), communicate(4.20)) | dictation=long(13); dense(9)"
164,#164 RS,It is argued that students can learn more by collaborating rather than as individuals.,3,1,2,2,"lex=1(rare_avg=3.89: collaborating(3.42), argued(4.36)) | grammar=phrase(rather than); passive(is argued) | dictation=long(14); dense(6)"
165,#165 RS,Larger numbers of city residents mean greater car ownership.,1,0,0,1,"lex=0(rare_avg=4.52: ownership(4.40), residents(4.64)) | dictation=dense(8)"
166,#166 RS,Another example is an electric bus with an open bottom that allows cars to drive underneath.,2,0,0,2,"lex=0(rare_avg=4.38: underneath(4.08), allows(4.67)) | dictation=long(16); dense(10)"
167,#167 RS,It's important that humans dispose of their waste in appropriate ways.,2,0,0,3,"lex=0(rare_avg=4.07: dispose(3.53), humans(4.61)) | dictation=contraction; long(11); dense(7)"
168,#168 RS,The study showed that people's moods can be affected by news and weather reports.,2,0,1,3,"lex=0(rare_avg=4.00: moods(3.37), affected(4.64)) | grammar=passive(be affected) | dictation=contraction; long(14); dense(8)"
169,#169 RS,"Basically, marketing is about making people want to buy.",1,0,0,1,"lex=0(rare_avg=4.71: basically(4.63), marketing(4.78)) | dictation=dense(6)"
170,#170 RS,All students are encouraged to vote in the forthcoming elections.,1,0,1,0,"lex=0(rare_avg=4.04: forthcoming(3.75), encouraged(4.32)) | grammar=passive(are encouraged)"
171,#171 RS,"Spending quality time together is important for most families but unfortunately, it's not always possible to do so.",2,0,1,3,"lex=0(rare_avg=4.67: unfortunately(4.62), spending(4.71)) | grammar=passive(is important) | dictation=contraction; long(18); dense(9)"
172,#172 RS,"Generally, consumers don't trust advertisements.",1,0,0,1,"lex=0(rare_avg=4.07: advertisements(3.75), consumers(4.39)) | dictation=contraction"
173,#173 RS,"Even in big companies, some bad decisions have been attributed to group conformity.",3,1,2,2,"lex=1(rare_avg=3.62: conformity(3.20), attributed(4.05)) | grammar=passive(been attributed); perfect(have been attributed) | dictation=long(13); dense(7)"
174,#174 RS,"Nowadays, boys and girls still often conform to gender stereotypes.",2,1,0,2,"lex=1(rare_avg=3.60: conform(3.53), stereotypes(3.68)) | dictation=list_enum; dense(7)"
175,#175 RS,We know that sleep is essential for a normal life.,1,0,0,0,"lex=0(rare_avg=4.81: essential(4.61), normal(5.01))"
176,#176 RS,Sleep science is a very active area of research.,1,0,0,0,"lex=0(rare_avg=4.99: active(4.93), sleep(5.05))"
177,#177 RS,She had a great exhibition last year.,1,0,0,0,"lex=0(rare_avg=5.12: exhibition(4.37), last(5.86))"
178,#178 RS,"Even now, scientists still don't know whether animals dream while they sleep.",2,0,0,3,"lex=0(rare_avg=4.67: scientists(4.50), animals(4.84)) | dictation=contraction; long(12); dense(8)"
179,#179 RS,Before electric lighting adults generally slept about nine or ten hours per night.,2,0,0,2,"lex=0(rare_avg=4.23: slept(4.18), lighting(4.29)) | dictation=long(13); dense(10)"
180,#180 RS,Would you like to come to the gallery with me?,1,0,1,0,"lex=0(rare_avg=5.13: gallery(4.49), come(5.78)) | grammar=modal(would)"
181,#181 RS,The school should be spending all of that money to construct a new science library.,2,0,1,2,"lex=0(rare_avg=4.34: construct(3.98), spending(4.71)) | grammar=modal(should) | dictation=long(15); dense(7)"
182,#182 RS,Conformity to the wrong group can be rather dangerous.,1,0,0,0,"lex=0(rare_avg=4.00: conformity(3.20), dangerous(4.79))"
183,#183 RS,New timetables will be posted on the student noticeboard.,3,2,1,0,"lex=2(rare_avg=2.28: noticeboard(1.78), timetables(2.78)) | grammar=passive(be posted)"
184,#184 RS,Parents try to influence their children by using toys and other incentives.,2,0,0,2,"lex=0(rare_avg=4.06: incentives(3.88), toys(4.25)) | dictation=long(12); dense(7)"
185,#185 RS,"In the Middle Ages, a disease caused the world population to fall.",1,0,0,1,"lex=0(rare_avg=4.89: caused(4.88), disease(4.90)) | dictation=long(12)"
186,#186 RS,Students can avoid viruses by eating lots of fruits and vegetables.,2,0,0,2,"lex=0(rare_avg=3.90: viruses(3.73), fruits(4.07)) | dictation=long(11); dense(7)"
187,#187 RS,This will make the tutoring session really slow.,1,0,0,0,"lex=0(rare_avg=3.96: tutoring(3.20), session(4.72))"
188,#188 RS,Our lecture on robotic engineering takes place on Tuesday.,1,1,0,0,"lex=1(rare_avg=3.84: robotic(3.54), lecture(4.14))"
189,#189 RS,Email increases the chances of miscommunication.,1,1,0,0,"lex=1(rare_avg=3.58: miscommunication(2.70), increases(4.46))"
190,#190 RS,"Surprisingly, some people actually enjoy watching advertisements on television.",1,0,0,1,"lex=0(rare_avg=3.92: advertisements(3.75), surprisingly(4.09)) | dictation=dense(7)"
191,#191 RS,Next week's assignment will be similar to last week's.,1,0,0,2,"lex=0(rare_avg=4.05: week's(4.05), week's(4.05)) | dictation=contraction; dense(6)"
192,#192 RS,The gallery has shown many Chinese paintings.,1,0,1,0,"lex=0(rare_avg=4.35: paintings(4.20), gallery(4.49)) | grammar=perfect(has shown)"
193,#193 RS,He studied for many years with an expert painter.,1,0,0,0,"lex=0(rare_avg=4.21: painter(3.93), studied(4.49))"
194,#194 RS,Many of my friends say they want to leave home to study overseas but I wouldn't.,2,0,0,3,"lex=0(rare_avg=4.73: overseas(4.29), wouldn't(5.18)) | dictation=contraction; long(16); dense(9)"
195,#195 RS,Some species of birds can sleep while they are flying.,1,0,0,0,"lex=0(rare_avg=4.65: birds(4.60), flying(4.71))"
196,#196 RS,"Rather unfortunately, ads sometimes give misleading information rather than informing.",2,1,1,1,"lex=1(rare_avg=3.74: informing(3.58), misleading(3.90)) | grammar=phrase(rather than) | dictation=dense(9)"
197,#197 RS,It isn't certain whether or not other animals dream.,1,0,0,1,"lex=0(rare_avg=4.88: animals(4.84), dream(4.91)) | dictation=contraction"
198,#198 RS,The meeting will take place in the main auditorium.,1,0,0,0,"lex=0(rare_avg=4.33: auditorium(3.51), meeting(5.15))"
199,#199 RS,We should attempt to lower the amount of traffic on the roads.,2,0,1,1,"lex=0(rare_avg=4.70: roads(4.55), attempt(4.85)) | grammar=modal(should) | dictation=long(12)"
201,#201 RS,"To start your visit, I'm just going to give you a brief account of the history of the museum.",2,0,0,3,"lex=0(rare_avg=4.62: brief(4.52), museum(4.71)) | dictation=contraction; long(19); dense(8)"
202,#202 RS,"By the way, if you want more information about any of the trips, have a look in the student newspaper.",2,0,0,3,"lex=0(rare_avg=4.42: trips(4.23), newspaper(4.60)) | dictation=list_enum; long(20); dense(7)"
203,#203 RS,"In front of us is the car park, as you can see, and to the left, by the entry gate, is the Gift Shop.",2,0,0,3,"lex=0(rare_avg=4.57: gate(4.47), entry(4.67)) | dictation=list_enum; long(24); dense(7)"
204,#204 RS,"In the top left corner is the Grinding Shop, where the tools were sharpened and finished.",3,1,2,2,"lex=1(rare_avg=3.83: sharpened(3.07), tools(4.59)) | grammar=passive(were sharpened and finished); relative(where) | dictation=long(16); dense(6)"
205,#205 RS,Most teaching staff make their lecture notes available online.,1,0,0,1,"lex=0(rare_avg=4.43: lecture(4.14), teaching(4.72)) | dictation=dense(7)"
206,#206 RS,There will be a conference here next summer on using the web for academic research.,2,0,0,2,"lex=0(rare_avg=4.66: academic(4.57), web(4.74)) | dictation=long(15); dense(7)"
207,#207 RS,Successful applicants will work with a large team of researchers.,1,0,0,1,"lex=0(rare_avg=4.17: applicants(3.94), researchers(4.39)) | dictation=dense(6)"
208,#208 RS,Higher numbers of patients were infected than in previous outbreaks of the illness.,2,1,1,2,"lex=1(rare_avg=3.74: outbreaks(3.35), infected(4.13)) | grammar=passive(were infected) | dictation=long(13); dense(7)"
209,#209 RS,The final year will consist of four taught courses and one project.,2,0,0,2,"lex=0(rare_avg=4.20: consist(3.94), courses(4.46)) | dictation=long(12); dense(8)"
210,#210 RS,He started his tutorial presentation right on time.,1,0,0,0,"lex=0(rare_avg=4.05: tutorial(3.80), presentation(4.31))"
211,#211 RS,They have enough work to keep them going.,1,0,0,0,"lex=0(rare_avg=5.60: enough(5.54), keep(5.66))"
212,#212 RS,Newspapers are supported primarily by the sale of advertising space.,1,0,1,1,"lex=0(rare_avg=4.37: newspapers(4.25), primarily(4.48)) | grammar=passive(are supported) | dictation=dense(6)"
213,#213 RS,"Sydney is Australia's largest city, chief port and cultural center.",1,0,0,2,"lex=0(rare_avg=4.63: sydney(4.53), port(4.73)) | dictation=contraction; dense(7)"
214,#214 RS,I'm going to be late for my next class.,1,0,0,1,"lex=0(rare_avg=5.35: late(5.34), class(5.36)) | dictation=contraction"
215,#215 RS,And they might only breathe twice an hour.,1,0,1,0,"lex=0(rare_avg=4.55: breathe(4.26), twice(4.84)) | grammar=modal(might)"
216,#216 RS,The competency of language in the assignment is to use more formal words.,2,1,0,2,"lex=1(rare_avg=3.72: competency(3.27), assignment(4.18)) | dictation=long(13); dense(6)"
217,#217 RS,Modern Thanksgiving was first officially established in all states in 1863,2,0,1,2,"lex=0(rare_avg=4.71: officially(4.53), established(4.90)) | grammar=passive(was first officially established) | dictation=number; long(11)"
218,#218 RS,The plan is to phase out all cars with internal combustion engines by 2050.,2,0,0,3,"lex=0(rare_avg=3.96: combustion(3.57), engines(4.35)) | dictation=number; long(14); dense(6)"
219,#219 RS,And it's hard to take out the pollutants.,1,0,0,1,"lex=0(rare_avg=4.41: pollutants(3.29), hard(5.53)) | dictation=contraction"
220,#220 RS,"Every carmaker in Europe has been on the block, because of their dependence on diesel.",3,2,1,1,"lex=2(rare_avg=2.95: carmaker(2.23), dependence(3.66)) | grammar=perfect(has been) | dictation=long(15)"
221,#221 RS,English is expanding as a lingua-franca but not as a mother tongue.,2,2,0,2,"lex=2(rare_avg=2.71: franca(2.66), lingua(2.76)) | dictation=long(12); dense(6)"
222,#222 RS,The future of English is in the hands of countries where non-native speakers live.,2,0,1,2,"lex=0(rare_avg=4.46: speakers(4.24), native(4.69)) | grammar=relative(where) | dictation=long(14); dense(7)"
223,#223 RS,This argument relies on huge advances in computer translation and speech recognition.,2,0,0,2,"lex=0(rare_avg=3.95: relies(3.81), advances(4.08)) | dictation=long(12); dense(8)"
224,#224 RS,An interesting feature of the show is that the performers are so young — the youngest is only fourteen.,2,1,1,2,"lex=1(rare_avg=3.88: performers(3.88), fourteen(3.88)) | grammar=passive(is only fourteen) | dictation=long(19); dense(7)"
225,#225 RS,"The puppets perform comedy routines, and there is some terrific formation dancing.",2,1,0,2,"lex=1(rare_avg=3.45: puppets(3.40), routines(3.50)) | dictation=long(12); dense(7)"
226,#226 RS,"When going to Blue National Park, you cannot afford to miss the amazing wildlife.",2,0,0,2,"lex=0(rare_avg=4.45: wildlife(4.33), afford(4.57)) | dictation=long(14); dense(6)"
227,#227 RS,I know most of you come to the National Park for Mt. Field.,1,0,0,1,"lex=0(rare_avg=5.94: come(5.78), know(6.10)) | dictation=long(13)"
228,#228 RS,The wheelchair-accessible trail to Russell Falls is the most popular track in the park.,2,0,0,2,"lex=0(rare_avg=4.02: wheelchair(3.86), accessible(4.18)) | dictation=long(14); dense(6)"
229,#229 RS,Change in the workplace can be quite tricky,1,0,0,0,"lex=0(rare_avg=4.00: tricky(3.96), workplace(4.04))"
230,#230 RS,And that creates difficult situations for people.,1,0,0,0,"lex=0(rare_avg=4.38: creates(4.28), situations(4.47))"
231,#231 RS,During times of change they should be thinking not only about the strain on their staff.,2,0,1,1,"lex=0(rare_avg=4.62: strain(4.15), staff(5.08)) | grammar=modal(should) | dictation=long(16)"
232,#232 RS,"Today, we are going to move on to the next chapter: volcanoes.",2,0,0,2,"lex=0(rare_avg=4.00: volcanoes(3.34), chapter(4.65)) | dictation=long(12); dense(6)"
233,#233 RS,Volcanoes have played a key role in forming and modifying the earth.,2,1,1,2,"lex=1(rare_avg=3.37: volcanoes(3.34), modifying(3.39)) | grammar=perfect(have played) | dictation=long(12); dense(7)"
234,#234 RS,Most of American volcanoes are hidden under the seas.,1,1,1,0,"lex=1(rare_avg=3.63: volcanoes(3.34), seas(3.93)) | grammar=passive(are hidden)"
235,#235 RS,"At night, sailors in the Mediterranean can see the glow from the fiery molten material that is thrown into the air.",2,1,1,2,"lex=1(rare_avg=3.45: molten(3.33), fiery(3.57)) | grammar=passive(is thrown) | dictation=long(21); dense(9)"
236,#236 RS,This office is highly associated with your academic life on campus.,2,0,1,2,"lex=0(rare_avg=4.54: campus(4.51), academic(4.57)) | grammar=passive(is highly associated) | dictation=long(11); dense(6)"
237,#237 RS,"First of all, courses are listed on our website before registration.",2,0,1,1,"lex=0(rare_avg=4.39: registration(4.32), courses(4.46)) | grammar=passive(are listed) | dictation=long(11)"
238,#238 RS,"This is a chance to take a risk, try something new and something that you like.",2,0,0,2,"lex=0(rare_avg=5.15: risk(5.05), chance(5.26)) | dictation=long(16); dense(8)"
239,#239 RS,You should pre-select three to four courses that you are interested in taking.,3,0,2,2,"lex=0(rare_avg=4.46: select(4.45), courses(4.46)) | grammar=modal(should); passive(are interested) | dictation=long(13); dense(7)"
240,#240 RS,There is no guarantee that you will get your first choice.,1,0,0,1,"lex=0(rare_avg=4.76: guarantee(4.44), choice(5.08)) | dictation=long(11)"
241,#241 RS,You must be willing to accept any of the choices you selected.,2,0,1,1,"lex=0(rare_avg=4.57: choices(4.46), selected(4.68)) | grammar=modal(must) | dictation=long(12)"
242,#242 RS,What should I do in order to open a bank account?,3,0,2,1,"lex=0(rare_avg=5.19: bank(5.16), account(5.21)) | grammar=phrase(in order to); modal(should) | dictation=long(11)"
243,#243 RS,Only those who are over 18 years of age are eligible to open a bank account in our bank.,2,0,1,3,"lex=0(rare_avg=4.72: eligible(4.29), bank(5.16)) | grammar=relative(who) | dictation=number; long(19); dense(7)"
244,#244 RS,Enrollment in classes is supposed to be completed via the university records system.,2,0,1,2,"lex=0(rare_avg=4.34: enrollment(3.92), classes(4.77)) | grammar=passive(is supposed) | dictation=long(13); dense(8)"
245,#245 RS,"If you want to sell your book, it must have a bibliography.",2,0,1,1,"lex=0(rare_avg=4.40: bibliography(3.82), sell(4.98)) | grammar=modal(must) | dictation=long(12)"
246,#246 RS,"This brought about the tremendous change in the environment, with the sea level rising and creeping steadily inland.",2,1,0,2,"lex=1(rare_avg=3.69: creeping(3.55), inland(3.83)) | dictation=long(18); dense(10)"
247,#247 RS,New shores were formed and totally different creatures would have been washed up onto the shores.,3,1,3,2,"lex=1(rare_avg=3.77: shores(3.77), shores(3.77)) | grammar=modal(would); passive(were formed); modal_perfect(would have been washed) | dictation=long(16); dense(9)"
248,#248 RS,At the end of the ice age there would have been enormous changes in animal and plant life.,3,0,2,2,"lex=0(rare_avg=4.53: enormous(4.25), animal(4.81)) | grammar=modal(would); modal_perfect(would have been) | dictation=long(18); dense(8)"
249,#249 RS,There are various approaches to plagiarism across different university departments.,1,1,0,1,"lex=1(rare_avg=3.71: plagiarism(3.23), departments(4.20)) | dictation=dense(7)"
250,#250 RS,Psychology relies on scientific methods to investigate questions and arrive at conclusions.,2,0,0,2,"lex=0(rare_avg=3.91: relies(3.81), conclusions(4.00)) | dictation=long(12); dense(8)"
251,#251 RS,Psychologists use a range of techniques to study the human mind and behavior.,2,0,0,2,"lex=0(rare_avg=4.04: psychologists(3.56), techniques(4.51)) | dictation=long(13); dense(8)"
252,#252 RS,There's been far more research on conventional crime and far more data is available.,2,0,0,3,"lex=0(rare_avg=4.57: conventional(4.25), crime(4.89)) | dictation=contraction; long(14); dense(8)"
253,#253 RS,"There are several reasons for this lack of interest in corporate crime, compared with other types of crime.",2,0,0,2,"lex=0(rare_avg=4.74: corporate(4.64), types(4.85)) | dictation=long(18); dense(9)"
254,#254 RS,When we look at the effects of corporate crime we may find it's very difficult to assess the costs.,2,0,1,3,"lex=0(rare_avg=4.36: assess(4.07), corporate(4.64)) | grammar=modal(may) | dictation=contraction; long(19); dense(9)"
255,#255 RS,Let's look at the economic costs first.,1,0,0,1,"lex=0(rare_avg=5.03: costs(4.96), economic(5.10)) | dictation=contraction"
256,#256 RS,Trade finance is an important part of the business.,1,0,1,0,"lex=0(rare_avg=4.88: finance(4.65), trade(5.12)) | grammar=passive(is an important)"
257,#257 RS,Export trade finance companies or agencies also provide information and support for export working capital.,2,0,0,2,"lex=0(rare_avg=4.24: export(4.24), export(4.24)) | dictation=long(15); dense(11)"
258,#258 RS,Trade financing for the local market or the international market for exports begins from the first stop at the banks.,2,0,0,2,"lex=0(rare_avg=4.11: exports(4.09), financing(4.13)) | dictation=long(20); dense(11)"
259,#259 RS,It's unusual that the university should offer only one anthropology course.,2,0,1,3,"lex=0(rare_avg=4.05: anthropology(3.65), unusual(4.45)) | grammar=modal(should) | dictation=contraction; long(11); dense(7)"
260,#260 RS,"Charles used to ride the bus to town, but now his roommate drives him in.",2,0,0,2,"lex=0(rare_avg=4.04: roommate(3.81), drives(4.28)) | dictation=long(15); dense(7)"
261,#261 RS,Professor Clayton donated some of her books to the college library.,1,0,0,1,"lex=0(rare_avg=4.46: donated(4.06), library(4.86)) | dictation=long(11)"
262,#262 RS,Jonathan is seldom on time for anything.,1,0,0,0,"lex=0(rare_avg=3.97: seldom(3.63), jonathan(4.31))"
263,#263 RS,Care needs to be taken for vulnerable groups in times of infection.,2,0,1,2,"lex=0(rare_avg=4.27: vulnerable(4.21), infection(4.33)) | grammar=passive(be taken) | dictation=long(12); dense(7)"
264,#264 RS,Make sure you correctly cite all your sources.,1,0,0,0,"lex=0(rare_avg=3.94: cite(3.67), correctly(4.21))"
265,#265 RS,There are hundreds of clubs and societies to choose from.,1,0,0,0,"lex=0(rare_avg=4.29: societies(4.08), clubs(4.51))"
266,#266 RS,The Drama Society is now auditioning for parts in the student play.,1,0,0,1,"lex=0(rare_avg=3.99: auditioning(2.96), student(5.02)) | dictation=long(12)"
267,#267 RS,There is a position available for a junior lecturer in media studies.,2,0,0,2,"lex=0(rare_avg=4.11: lecturer(3.72), junior(4.49)) | dictation=long(12); dense(6)"
268,#268 RS,There will be a significant rise in tuition fees starting next year.,2,0,1,2,"lex=0(rare_avg=4.25: tuition(3.97), fees(4.53)) | grammar=passive(be a significant) | dictation=long(12); dense(7)"
269,#269 RS,You will be informed of the results by e-mail.,1,0,1,0,"lex=0(rare_avg=4.58: informed(4.45), mail(4.72)) | grammar=passive(be informed)"
270,#270 RS,Please have copies of your seminar papers in the library a week in advance.,2,0,0,2,"lex=0(rare_avg=4.10: seminar(3.77), copies(4.43)) | dictation=long(14); dense(7)"
271,#271 RS,Most students are not eligible to claim housing benefits.,1,0,0,0,"lex=0(rare_avg=4.53: eligible(4.29), housing(4.77))"
272,#272 RS,"If you want to quit the student union, tell the registrar.",2,0,0,2,"lex=0(rare_avg=3.96: registrar(3.37), quit(4.54)) | dictation=long(11); dense(6)"
273,#273 RS,Does the university have an ice hockey team?,1,0,0,0,"lex=0(rare_avg=4.71: hockey(4.42), ice(5.00))"
274,#274 RS,"Without doubt, his primary motive was economic.",1,0,0,0,"lex=0(rare_avg=4.41: motive(3.94), primary(4.88))"
275,#275 RS,The modern approach to the problem is to stress the symbolic side of human nature.,2,0,0,2,"lex=0(rare_avg=4.29: symbolic(3.86), stress(4.73)) | dictation=long(15); dense(8)"
276,#276 RS,This part of the story is the story of my father.,1,0,0,1,"lex=0(rare_avg=5.36: father(5.26), story(5.45)) | dictation=long(11)"
277,#277 RS,The visiting professor is going to give a lecture on geology.,2,0,0,2,"lex=0(rare_avg=3.95: geology(3.76), lecture(4.14)) | dictation=long(11); dense(6)"
278,#278 RS,The investigation aims to find a stance on the problem.,1,0,0,0,"lex=0(rare_avg=4.13: stance(4.05), aims(4.21))"
279,#279 RS,Would you pass me the textbook on that table?,1,0,1,0,"lex=0(rare_avg=4.41: textbook(3.77), pass(5.05)) | grammar=modal(would)"
280,#280 RS,The knife and fork should be placed next to the spoon at the edge of the table.,3,0,2,2,"lex=0(rare_avg=3.96: spoon(3.88), fork(4.03)) | grammar=modal(should); passive(be placed) | dictation=long(17); dense(7)"
281,#281 RS,A study skill seminar is on for the students who require assistance.,2,0,1,2,"lex=0(rare_avg=4.09: seminar(3.77), skill(4.42)) | grammar=relative(who) | dictation=long(12); dense(6)"
282,#282 RS,Your car can park in the building behind the medical center.,2,0,0,2,"lex=0(rare_avg=5.16: park(5.16), medical(5.16)) | dictation=long(11); dense(6)"
283,#283 RS,A lot of agricultural workers came to the East End to look for alternative work.,2,0,0,2,"lex=0(rare_avg=4.53: agricultural(4.34), alternative(4.71)) | dictation=long(15); dense(7)"
284,#284 RS,"During the next few centuries, London became one of the most powerful and prosperous cities in Europe.",2,0,0,2,"lex=0(rare_avg=3.96: prosperous(3.60), centuries(4.32)) | dictation=long(17); dense(7)"
285,#285 RS,"I'll start with a brief history of the district, and then focus on life in the first half of the twentieth century.",2,0,0,3,"lex=0(rare_avg=4.16: twentieth(3.80), brief(4.52)) | dictation=contraction; long(22); dense(11)"
286,#286 RS,"In the last few weeks, we've been looking at various aspects of the social history of London.",2,0,0,3,"lex=0(rare_avg=4.77: aspects(4.50), we've(5.04)) | dictation=contraction; long(17); dense(8)"
287,#287 RS,International students can get help with locating housing near the university.,2,0,0,2,"lex=0(rare_avg=4.10: locating(3.43), housing(4.77)) | dictation=long(11); dense(8)"
288,#288 RS,Parents should provide guidance and set examples to help shape their children's values.,2,0,1,3,"lex=0(rare_avg=4.40: guidance(4.33), children's(4.47)) | grammar=modal(should) | dictation=contraction; long(13); dense(9)"
289,#289 RS,Please hand in assignments at the main office.,1,0,0,0,"lex=0(rare_avg=4.56: assignments(3.88), main(5.24))"
290,#290 RS,The brief outline takes us to the beginning of the 20th century.,2,0,0,3,"lex=0(rare_avg=4.06: outline(3.92), th(4.20)) | dictation=number; long(12); dense(6)"
291,#291 RS,The campus tour will help you get familiar with the teaching facilities.,2,0,0,2,"lex=0(rare_avg=4.56: campus(4.51), familiar(4.61)) | dictation=long(12); dense(7)"
292,#292 RS,The circulation desk is located on the ground floor.,1,0,1,0,"lex=0(rare_avg=4.20: circulation(3.96), desk(4.43)) | grammar=passive(is located)"
293,#293 RS,This semester will be from October to January.,1,0,0,0,lex=0(rare_avg=4.03: semester(4.03))
294,#294 RS,"If you have any questions in the exam, please raise your hands.",1,0,0,1,"lex=0(rare_avg=4.50: exam(4.26), raise(4.75)) | dictation=long(12)"
295,#295 RS,The English word 'typhoon' comes from the Chinese word meaning 'big wind.',2,0,0,2,"lex=0(rare_avg=4.21: 'typhoon'(3.59), wind(4.84)) | dictation=long(12); dense(7)"
296,#296 RS,The professor will talk about the summary in the lecture.,1,0,0,0,"lex=0(rare_avg=4.25: lecture(4.14), summary(4.37))"
297,#297 RS,The Romans left in 410 at the beginning of the fifth century.,1,0,0,2,"lex=0(rare_avg=4.89: fifth(4.78), beginning(5.00)) | dictation=number; long(12)"
298,#298 RS,The smoke from these contributed a great deal to the air pollution.,2,0,0,2,"lex=0(rare_avg=4.29: pollution(4.20), contributed(4.39)) | dictation=long(12); dense(6)"
299,#299 RS,The student welfare officer can help with questions about exam techniques.,2,0,0,2,"lex=0(rare_avg=4.34: exam(4.26), welfare(4.43)) | dictation=long(11); dense(7)"
300,#300 RS,The technology they introduced meant that metal and leather goods were produced there for the first time.,2,0,1,2,"lex=0(rare_avg=4.47: leather(4.35), goods(4.60)) | grammar=passive(were produced) | dictation=long(17); dense(9)"
301,#301 RS,Tutorials are held for two hours every Thursday during the semester.,2,1,1,1,"lex=1(rare_avg=3.75: tutorials(3.46), semester(4.03)) | grammar=passive(are held) | dictation=long(11)"
302,#302 RS,We are not going to accept the assignment after the due date on Friday.,1,0,0,1,"lex=0(rare_avg=4.51: assignment(4.18), accept(4.85)) | dictation=long(14)"
303,#303 RS,"We would like people to write a case study, describing an organization they know.",2,0,1,2,"lex=0(rare_avg=4.58: describing(4.23), organization(4.92)) | grammar=modal(would) | dictation=long(14); dense(8)"
304,#304 RS,The library is downstairs on the east side of the building.,1,0,0,1,"lex=0(rare_avg=4.29: downstairs(3.72), library(4.86)) | dictation=long(11)"
305,#305 RS,The United Kingdom is a constitutional monarchy and parliamentary democracy.,1,0,0,0,"lex=0(rare_avg=3.92: monarchy(3.67), parliamentary(4.18))"
306,#306 RS,Professor Smith will be late for today's lecture.,1,0,0,1,"lex=0(rare_avg=4.33: lecture(4.14), today's(4.53)) | dictation=contraction"
307,#307 RS,Would you pass the book on the left-hand side?,1,0,1,0,"lex=0(rare_avg=5.23: pass(5.05), hand(5.41)) | grammar=modal(would)"
308,#308 RS,There are no scheduled classes during the final exam weeks.,1,0,1,0,"lex=0(rare_avg=4.36: exam(4.26), scheduled(4.45)) | grammar=passive(are no scheduled)"
309,#309 RS,Doctor Green's office has been moved to the second floor of the building.,3,0,2,3,"lex=0(rare_avg=4.92: doctor(4.90), floor(4.94)) | grammar=passive(been moved); perfect(has been moved) | dictation=contraction; long(13); dense(6)"
310,#310 RS,The economic class will take place in the main lecture room.,2,0,0,2,"lex=0(rare_avg=4.62: lecture(4.14), economic(5.10)) | dictation=long(11); dense(7)"
311,#311 RS,Students can get access to computers on a daily basis.,1,0,0,1,"lex=0(rare_avg=4.57: computers(4.33), basis(4.81)) | dictation=dense(6)"
312,#312 RS,Experts cannot agree on a single definition of intelligence.,1,0,0,1,"lex=0(rare_avg=4.55: experts(4.52), definition(4.58)) | dictation=dense(6)"
313,#313 RS,All essays and seminar papers submitted must be emailed to your tutor.,3,1,2,2,"lex=1(rare_avg=3.59: emailed(3.51), tutor(3.67)) | grammar=modal(must); passive(be emailed) | dictation=long(12); dense(6)"
314,#314 RS,They were struggling to pay their fees last year.,1,0,0,0,"lex=0(rare_avg=4.43: struggling(4.33), fees(4.53))"
315,#315 RS,It is quite clear that the rising prosperity does not make people feel more content.,2,0,0,2,"lex=0(rare_avg=4.21: prosperity(3.91), rising(4.52)) | dictation=long(15); dense(8)"
316,#316 RS,This course will examine some of the profound ethical dilemmas.,1,1,0,0,"lex=1(rare_avg=3.48: dilemmas(3.03), profound(3.94))"
317,#317 RS,Fees are heavily discounted and bursaries are available for delegates.,2,1,1,1,"lex=1(rare_avg=3.07: bursaries(2.56), discounted(3.58)) | grammar=passive(are heavily discounted) | dictation=dense(6)"
318,#318 RS,Students are held accountable for adhering to established community standards.,2,1,1,1,"lex=1(rare_avg=3.51: adhering(3.13), accountable(3.90)) | grammar=passive(are held) | dictation=dense(7)"
319,#319 RS,"This article covers the who, where, and when of the conflict.",2,0,1,2,"lex=0(rare_avg=4.57: covers(4.51), conflict(4.64)) | grammar=relative(where) | dictation=list_enum; long(11)"
320,#320 RS,Essays should be typed with double spacing on white paper.,3,1,2,1,"lex=1(rare_avg=3.47: spacing(3.42), typed(3.52)) | grammar=modal(should); passive(be typed) | dictation=dense(6)"
321,#321 RS,The medical center is located near the supermarket on North Street.,2,0,1,1,"lex=0(rare_avg=4.32: supermarket(3.78), located(4.86)) | grammar=passive(is located) | dictation=long(11)"
322,#322 RS,The mismatch between the intended and reported uses of the instrument has become clear.,2,1,0,2,"lex=1(rare_avg=3.68: mismatch(3.10), instrument(4.26)) | dictation=long(14); dense(7)"
323,#323 RS,New York City is famous for its ethnic diversity.,1,0,0,0,"lex=0(rare_avg=4.33: diversity(4.32), ethnic(4.33))"
324,#324 RS,A periodical is a publication that is issued regularly.,1,1,1,0,"lex=1(rare_avg=3.79: periodical(3.14), publication(4.45)) | grammar=passive(is issued)"
325,#325 RS,Novelists play a major role in reflecting their era to their readers.,2,1,0,2,"lex=1(rare_avg=3.47: novelists(3.01), reflecting(3.93)) | dictation=long(12); dense(7)"
326,#326 RS,Overcrowding and poor sanitary conditions affected the daily lives of the majority of the population.,2,1,0,2,"lex=1(rare_avg=3.21: overcrowding(3.05), sanitary(3.37)) | dictation=long(15); dense(9)"
327,#327 RS,Many of the urban poor lived in extremely cramped conditions.,1,0,0,1,"lex=0(rare_avg=3.96: cramped(3.28), urban(4.65)) | dictation=dense(7)"
328,#328 RS,We are also going to be more prescriptive about what you focus on in your presentation.,2,1,0,1,"lex=1(rare_avg=3.54: prescriptive(2.77), presentation(4.31)) | dictation=long(16)"
329,#329 RS,You must wear a hard hat on the construction site.,1,0,1,0,"lex=0(rare_avg=4.72: hat(4.53), wear(4.92)) | grammar=modal(must)"
330,#330 RS,"In the past, students were required to complete too-long written assignments.",2,0,1,2,"lex=0(rare_avg=4.45: assignments(3.88), required(5.02)) | grammar=passive(were required) | dictation=long(11); dense(7)"
331,#331 RS,The date of the invention of the first clock is disputed among historians.,2,1,1,2,"lex=1(rare_avg=3.79: disputed(3.76), historians(3.82)) | grammar=passive(is disputed) | dictation=long(13); dense(7)"
332,#332 RS,"However, this method is problematic in terms of accuracy.",1,0,1,0,"lex=0(rare_avg=4.05: problematic(3.87), accuracy(4.24)) | grammar=phrase(in terms of)"
333,#333 RS,The fire left the area almost completely devoid of vegetation.,1,1,0,1,"lex=1(rare_avg=3.59: devoid(3.42), vegetation(3.77)) | dictation=dense(7)"
334,#334 RS,We are warning the clients that the rates are increasing.,1,0,0,0,"lex=0(rare_avg=4.52: clients(4.45), warning(4.59))"
335,#335 RS,Much of his research is driven by his natural curiosity and instincts.,2,1,1,2,"lex=1(rare_avg=3.80: instincts(3.63), curiosity(3.97)) | grammar=passive(is driven) | dictation=long(12); dense(6)"
336,#336 RS,I will now demonstrate how the reaction can be arrested by adding a dilute acid.,2,1,1,2,"lex=1(rare_avg=3.69: dilute(3.18), demonstrate(4.20)) | grammar=passive(be arrested) | dictation=long(15); dense(6)"
337,#337 RS,Items can be found on the bottom floor of the library.,1,0,0,1,"lex=0(rare_avg=4.81: items(4.78), bottom(4.84)) | dictation=long(11)"
338,#338 RS,The building will be closed and reopened next week.,1,0,1,0,"lex=0(rare_avg=4.20: reopened(3.49), closed(4.90)) | grammar=passive(be closed and reopened)"
339,#339 RS,Maybe it is time for me to make some changes.,1,0,0,0,"lex=0(rare_avg=5.29: changes(5.12), maybe(5.45))"
340,#340 RS,Globalization has been an overwhelming urban and urbanization phenomenon.,1,1,1,0,"lex=1(rare_avg=3.25: urbanization(3.04), globalization(3.46)) | grammar=perfect(has been)"
341,#341 RS,Don't forget to take a campus tour during the first week of your semester.,2,0,0,3,"lex=0(rare_avg=4.27: semester(4.03), campus(4.51)) | dictation=contraction; long(14); dense(8)"
342,#342 RS,Acupuncture is a technique involved in traditional Chinese medicine.,1,1,1,0,"lex=1(rare_avg=3.75: acupuncture(3.04), technique(4.47)) | grammar=passive(is a technique involved)"
343,#343 RS,The restaurant is located next to the theater.,1,0,1,0,"lex=0(rare_avg=4.51: theater(4.35), restaurant(4.68)) | grammar=passive(is located)"
344,#344 RS,"A company exists for profit, not for societal benefit.",1,0,0,0,"lex=0(rare_avg=4.04: societal(3.59), exists(4.48))"
346,#346 RS,Rules about breaks and lunch time vary from one company to another.,2,0,0,2,"lex=0(rare_avg=4.36: vary(4.25), breaks(4.46)) | dictation=long(12); dense(8)"
347,#347 RS,The original Olympic Games were a type of ancient festival.,1,0,0,0,"lex=0(rare_avg=4.70: ancient(4.68), festival(4.72))"
348,#348 RS,The café house is closed down and the snack machine is still running (throughout the night),2,1,1,2,"lex=1(rare_avg=3.41: caf(2.92), snack(3.90)) | grammar=passive(is closed) | dictation=long(16); dense(8)"
349,#349 RS,I expect a long and stagnant debate on this issue for a week or two.,2,0,0,2,"lex=0(rare_avg=3.97: stagnant(3.31), debate(4.64)) | dictation=long(15); dense(7)"
350,#350 RS,Opposition to the government tax policies is widespread across business sectors.,2,0,0,2,"lex=0(rare_avg=4.13: sectors(4.07), widespread(4.19)) | dictation=long(11); dense(8)"
351,#351 RS,Any textual references you make should be cited appropriately in the bibliography.,3,1,2,2,"lex=1(rare_avg=3.54: textual(3.34), appropriately(3.74)) | grammar=modal(should); passive(be cited) | dictation=long(12); dense(6)"
352,#352 RS,We don't have enough evidence to draw conclusions.,1,0,0,1,"lex=0(rare_avg=4.40: conclusions(4.00), draw(4.81)) | dictation=contraction"
353,#353 RS,You can pay using cash or a credit card.,1,0,0,0,"lex=0(rare_avg=4.96: cash(4.92), credit(5.00))"
354,#354 RS,We didn't notice any significant variance among the two or three tasks.,2,1,0,3,"lex=1(rare_avg=3.84: variance(3.45), tasks(4.23)) | dictation=contraction; long(12); dense(8)"
355,#355 RS,I still don't understand the last sentence.,1,0,0,1,"lex=0(rare_avg=4.97: sentence(4.58), understand(5.37)) | dictation=contraction"
356,#356 RS,Student services provide help with housing and transport.,1,0,0,1,"lex=0(rare_avg=4.72: transport(4.68), housing(4.77)) | dictation=dense(6)"
357,#357 RS,The rising inflation rate indicates a decrease in demand for consumer products.,2,0,0,2,"lex=0(rare_avg=4.15: inflation(4.14), decrease(4.17)) | dictation=long(12); dense(8)"
358,#358 RS,"The initial results are intriguing, but statistically speaking, they are insignificant.",2,1,1,3,"lex=1(rare_avg=3.60: insignificant(3.53), statistically(3.67)) | grammar=passive(are insignificant) | dictation=list_enum; long(11); dense(6)"
359,#359 RS,The information on the internet becomes more reliable.,1,0,0,0,"lex=0(rare_avg=4.56: reliable(4.29), becomes(4.83))"
360,#360 RS,Just wait a minute; I will be with you shortly.,1,0,0,0,"lex=0(rare_avg=4.72: shortly(4.47), minute(4.98))"
361,#361 RS,I think the university's main campus is closed.,1,0,1,1,"lex=0(rare_avg=4.14: university's(3.78), campus(4.51)) | grammar=passive(is closed) | dictation=contraction"
362,#362 RS,"Today, we will be discussing the role of government in preventing injustice.",2,0,0,2,"lex=0(rare_avg=3.96: injustice(3.81), preventing(4.12)) | dictation=long(12); dense(6)"
363,#363 RS,The results of the study underscored the discoveries from early detection.,2,1,0,2,"lex=1(rare_avg=3.25: underscored(2.78), discoveries(3.73)) | dictation=long(11); dense(6)"
364,#364 RS,The professor has promised to put his lecture notes online.,1,0,1,1,"lex=0(rare_avg=4.31: lecture(4.14), promised(4.49)) | grammar=perfect(has promised) | dictation=dense(6)"
365,#365 RS,"If you need a part-time job, it should not interfere with your studies.",2,0,1,2,"lex=0(rare_avg=4.43: interfere(3.88), studies(4.98)) | grammar=modal(should) | dictation=long(13); dense(6)"
366,#366 RS,"Your enrollment information, results and fees will be available online.",1,0,0,2,"lex=0(rare_avg=4.22: enrollment(3.92), fees(4.53)) | dictation=list_enum; dense(6)"
367,#367 RS,"If you like cooking, we can make supper together.",1,0,0,0,"lex=0(rare_avg=4.10: supper(3.74), cooking(4.45))"
368,#368 RS,All students must participate in the exercise.,1,0,1,0,"lex=0(rare_avg=4.55: participate(4.42), exercise(4.68)) | grammar=modal(must)"
369,#369 RS,All filed assignments should have a full list of bibliography.,3,1,2,0,"lex=1(rare_avg=3.85: bibliography(3.82), assignments(3.88)) | grammar=modal(should); modal_perfect(should have a full list)"
370,#370 RS,Each group should submit a rough outline of their project to their tutor.,2,1,1,2,"lex=1(rare_avg=3.79: tutor(3.67), outline(3.92)) | grammar=modal(should) | dictation=long(13); dense(6)"
371,#371 RS,Students are afraid of writing an essay because they have not learned how to do it.,2,0,1,2,"lex=0(rare_avg=4.46: essay(4.23), afraid(4.70)) | grammar=perfect(have not learned) | dictation=long(16); dense(6)"
372,#372 RS,Glass is not a true solid because it does not have a crystal structure.,2,0,0,2,"lex=0(rare_avg=4.57: crystal(4.40), solid(4.73)) | dictation=long(14); dense(6)"
373,#373 RS,You should include your name and identification number in the application form.,2,0,1,2,"lex=0(rare_avg=4.52: identification(4.18), application(4.86)) | grammar=modal(should) | dictation=long(12); dense(6)"
374,#374 RS,Children are not allowed in the chemical labs.,1,0,1,0,"lex=0(rare_avg=4.20: labs(3.82), chemical(4.57)) | grammar=passive(are not allowed)"
375,#375 RS,I'm glad that you've got it.,1,0,0,1,"lex=0(rare_avg=5.02: glad(4.90), you've(5.13)) | dictation=contraction"
376,#376 RS,Passengers on the train should not put feet on the seat.,2,0,1,1,"lex=0(rare_avg=4.58: passengers(4.34), seat(4.82)) | grammar=modal(should) | dictation=long(11)"
377,#377 RS,I make sure to prepare reports for my boss.,1,0,0,0,"lex=0(rare_avg=4.65: prepare(4.55), boss(4.76))"
378,#378 RS,Could you pass the material to students that are in your row?,2,0,1,1,"lex=0(rare_avg=4.78: row(4.60), material(4.95)) | grammar=modal(could) | dictation=long(12)"
379,#379 RS,39.5% of California residents speak a language other than English at home.,1,0,0,2,"lex=0(rare_avg=4.83: residents(4.64), speak(5.03)) | dictation=number; long(12)"
380,#380 RS,The test shows that you know a lot about Canada.,1,0,0,0,"lex=0(rare_avg=5.21: test(5.19), shows(5.23))"
381,#381 RS,You need to pass the written exam before you can apply for the driver's license.,2,0,0,3,"lex=0(rare_avg=4.02: driver's(3.78), exam(4.26)) | dictation=contraction; long(15); dense(7)"
382,#382 RS,You need to get a new photo for your driver's license.,2,0,0,3,"lex=0(rare_avg=4.15: driver's(3.78), license(4.52)) | dictation=contraction; long(11); dense(6)"
383,#383 RS,The university celebrated Earth Day by planting trees.,1,0,0,0,"lex=0(rare_avg=4.03: planting(3.81), celebrated(4.24))"
384,#384 RS,Remember to sign the attendance register before leaving the lecture hall.,2,0,0,2,"lex=0(rare_avg=4.15: lecture(4.14), attendance(4.17)) | dictation=long(11); dense(7)"
385,#385 RS,You can speak to the current students at the information session.,1,0,0,1,"lex=0(rare_avg=4.88: session(4.72), speak(5.03)) | dictation=long(11)"
386,#386 RS,There were lots of tourists wandering on the busy street.,1,0,0,0,"lex=0(rare_avg=3.93: wandering(3.80), tourists(4.06))"
387,#387 RS,Several people have applied for this position.,1,0,1,0,"lex=0(rare_avg=4.94: applied(4.67), position(5.21)) | grammar=perfect(have applied)"
388,#388 RS,"When I was in school, I had many of the same problems you do now.",1,0,0,1,"lex=0(rare_avg=5.45: problems(5.19), school(5.71)) | dictation=long(15)"
389,#389 RS,The result of the study will be published next month.,1,0,1,0,"lex=0(rare_avg=5.12: published(5.07), result(5.18)) | grammar=passive(be published)"
390,#390 RS,"The real reason for global hunger is not the lack of food, but poverty.",2,0,0,2,"lex=0(rare_avg=4.28: hunger(4.10), poverty(4.46)) | dictation=long(14); dense(7)"
391,#391 RS,The original Olympic Games were celebrated as religious festivals.,1,0,1,0,"lex=0(rare_avg=4.05: festivals(3.87), celebrated(4.24)) | grammar=passive(were celebrated)"
392,#392 RS,She has been in the library for a long time.,1,0,1,0,"lex=0(rare_avg=5.33: library(4.86), long(5.81)) | grammar=perfect(has been)"
393,#393 RS,"Line up in a row, we will enter the library from the left side.",2,0,0,2,"lex=0(rare_avg=4.71: row(4.60), enter(4.81)) | dictation=long(14); dense(6)"
394,#394 RS,Please register your student email account at your earliest convenience.,1,0,0,1,"lex=0(rare_avg=4.05: convenience(4.02), earliest(4.09)) | dictation=dense(7)"
395,#395 RS,Our professor is hosting the business development conference next week.,1,0,0,1,"lex=0(rare_avg=4.53: hosting(4.16), professor(4.90)) | dictation=dense(7)"
396,#396 RS,"On behalf of our department, thank you for your participation.",1,0,0,0,"lex=0(rare_avg=4.38: participation(4.33), behalf(4.42))"
397,#397 RS,"Even with the permit, finding a parking spot on campus is still impossible.",2,0,0,2,"lex=0(rare_avg=4.34: permit(4.22), parking(4.47)) | dictation=long(13); dense(6)"
398,#398 RS,All the assignments should be submitted by the end of this week.,3,0,2,1,"lex=0(rare_avg=4.10: assignments(3.88), submitted(4.32)) | grammar=modal(should); passive(be submitted) | dictation=long(12)"
399,#399 RS,It is acknowledged that his work is groundbreaking.,1,1,1,0,"lex=1(rare_avg=3.77: groundbreaking(3.46), acknowledged(4.08)) | grammar=passive(is acknowledged)"
400,#400 RS,You can get a student card at the reception.,1,0,0,0,"lex=0(rare_avg=4.62: reception(4.23), student(5.02))"
401,#401 RS,"Unfortunately, the two most interesting economics electives clash on my timetable.",2,1,0,2,"lex=1(rare_avg=3.09: electives(2.74), timetable(3.44)) | dictation=long(11); dense(7)"
402,#402 RS,The new hypothesis needs to be tested with a controlled experiment.,2,0,1,2,"lex=0(rare_avg=4.12: hypothesis(3.87), experiment(4.38)) | grammar=passive(be tested) | dictation=long(11); dense(6)"
403,#403 RS,Establishing and retaining intellectual leadership clearly takes strong management skills.,1,0,0,1,"lex=0(rare_avg=3.95: retaining(3.78), establishing(4.11)) | dictation=dense(9)"
404,#404 RS,Almost every representative of a new idea has to struggle and suffer similar difficulties.,2,0,0,2,"lex=0(rare_avg=4.33: difficulties(4.21), suffer(4.45)) | dictation=long(14); dense(8)"
405,#405 RS,The interaction of climate change and soil degradation will probably aggravate conditions.,2,1,0,2,"lex=1(rare_avg=3.20: aggravate(2.80), degradation(3.60)) | dictation=long(12); dense(8)"
406,#406 RS,Information is being given to readers in a format that looks familiar.,2,0,1,2,"lex=0(rare_avg=4.44: readers(4.41), format(4.47)) | grammar=passive(is being given) | dictation=long(12); dense(6)"
407,#407 RS,Very little of the work in today's knowledge firms is repetitive or mechanical.,2,0,0,3,"lex=0(rare_avg=3.95: repetitive(3.56), mechanical(4.33)) | dictation=contraction; long(13); dense(7)"
408,#408 RS,The recent technical advances have been not only significant but also rapid.,3,0,2,1,"lex=0(rare_avg=4.23: advances(4.08), rapid(4.38)) | grammar=passive(been not only significant); perfect(have been) | dictation=long(12)"
409,#409 RS,I must see him before he flies out to London for about a week.,2,0,1,1,"lex=0(rare_avg=4.82: flies(4.09), week(5.56)) | grammar=modal(must) | dictation=long(14)"
410,#410 RS,The verdict depends on which side was more convincing to the jury.,2,0,1,1,"lex=0(rare_avg=4.00: convincing(3.97), verdict(4.03)) | grammar=relative(which) | dictation=long(12)"
411,#411 RS,Anatomy is the study of internal and external body structures.,1,0,0,1,"lex=0(rare_avg=4.21: anatomy(3.94), structures(4.48)) | dictation=dense(6)"
412,#412 RS,Biographical information should be removed before the publication of the results.,3,0,2,1,"lex=0(rare_avg=3.92: biographical(3.38), publication(4.45)) | grammar=modal(should); passive(be removed) | dictation=long(11)"
413,#413 RS,"If the doctor calls while I'm out, please leave a message.",2,0,0,3,"lex=0(rare_avg=4.91: doctor(4.90), calls(4.91)) | dictation=contraction; long(11); dense(6)"
414,#414 RS,"After I graduated from college, I spent two years traveling around the world.",2,0,0,2,"lex=0(rare_avg=4.21: graduated(4.14), traveling(4.27)) | dictation=long(13); dense(8)"
415,#415 RS,"She sold all her furniture, so she could afford to feed herself and her dog.",2,0,1,2,"lex=0(rare_avg=4.43: furniture(4.29), afford(4.57)) | grammar=modal(could) | dictation=long(15); dense(6)"
416,#416 RS,Please keep the keys with you because the front door often locks automatically.,2,0,0,2,"lex=0(rare_avg=4.17: locks(3.94), keys(4.39)) | dictation=long(13); dense(9)"
417,#417 RS,Interpreters are not readily available in this department.,1,1,0,0,"lex=1(rare_avg=3.51: interpreters(3.09), readily(3.93))"
418,#418 RS,Our log books make up five percent of total marks.,1,0,0,1,"lex=0(rare_avg=4.43: log(4.37), marks(4.49)) | dictation=dense(7)"
419,#419 RS,"If you need any information about the university, you can check with the information office located next to the corridor.",2,0,0,2,"lex=0(rare_avg=4.37: corridor(3.88), located(4.86)) | dictation=long(20); dense(9)"
420,#420 RS,I was overwhelmed with too much irrelevant information.,1,0,1,0,"lex=0(rare_avg=3.93: overwhelmed(3.88), irrelevant(3.98)) | grammar=passive(was overwhelmed)"
421,#421 RS,I could not save my work because my computer crashed.,1,0,1,0,"lex=0(rare_avg=4.50: crashed(4.04), computer(4.97)) | grammar=modal(could)"
422,#422 RS,The lecture theater is located on the ground floor of the building.,2,0,1,2,"lex=0(rare_avg=4.24: lecture(4.14), theater(4.35)) | grammar=passive(is located) | dictation=long(12); dense(6)"
423,#423 RS,Please prepare a PowerPoint presentation for tomorrow's meeting.,1,0,0,1,"lex=0(rare_avg=3.95: tomorrow's(3.59), presentation(4.31)) | dictation=contraction"
424,#424 RS,People with an active lifestyle are less likely to die early or to have a major illness.,2,0,0,2,"lex=0(rare_avg=4.35: lifestyle(4.29), illness(4.41)) | dictation=long(17); dense(9)"
425,#425 RS,She ate a sandwich and drank juice.,1,0,0,0,"lex=0(rare_avg=4.04: drank(3.95), sandwich(4.13))"
426,#426 RS,The first person in space was from the Soviet Union.,1,0,0,0,"lex=0(rare_avg=5.39: space(5.23), person(5.55))"
427,#427 RS,Few people now are skeptical about alternative power sources such as wind power.,2,0,0,2,"lex=0(rare_avg=4.20: skeptical(3.68), alternative(4.71)) | dictation=long(13); dense(7)"
428,#428 RS,Swimming uses more muscles than any other sport.,1,0,0,0,"lex=0(rare_avg=4.29: muscles(4.14), swimming(4.43))"
429,#429 RS,"Due to rising enrollment in courses, universities should also increase their staff.",2,0,1,2,"lex=0(rare_avg=4.14: enrollment(3.92), universities(4.36)) | grammar=modal(should) | dictation=long(12); dense(7)"
430,#430 RS,The chemistry exam results will be posted on the website.,1,0,1,0,"lex=0(rare_avg=4.30: exam(4.26), chemistry(4.35)) | grammar=passive(be posted)"
431,#431 RS,Critical literary theories broaden the scope of interpretation.,1,1,0,1,"lex=1(rare_avg=3.76: broaden(3.30), theories(4.22)) | dictation=dense(6)"
432,#432 RS,Basketball was created in 1891 by a physician and physical education instructor.,2,0,1,3,"lex=0(rare_avg=4.10: instructor(4.02), physician(4.18)) | grammar=passive(was created) | dictation=number; long(12); dense(6)"
433,#433 RS,"The faculty staff are very approachable, helpful and extremely friendly.",2,1,0,2,"lex=1(rare_avg=3.62: approachable(2.91), faculty(4.32)) | dictation=list_enum; dense(6)"
434,#434 RS,The program depends entirely on private funding.,1,0,0,0,"lex=0(rare_avg=4.58: depends(4.53), funding(4.63))"
435,#435 RS,There will be open book exams on Monday the 28th.,1,0,0,1,"lex=0(rare_avg=4.10: exams(4.00), th(4.20)) | dictation=number"
436,#436 RS,"Traffic is very bad in the evening; therefore, we must leave early.",2,0,1,2,"lex=0(rare_avg=4.86: traffic(4.85), evening(4.86)) | grammar=modal(must) | dictation=long(12); dense(6)"
437,#437 RS,Facebook is one of the most popular websites in the world today.,2,0,0,2,"lex=0(rare_avg=4.55: websites(4.20), facebook(4.90)) | dictation=long(12); dense(6)"
438,#438 RS,We must not be discouraged by setbacks in life.,3,1,2,0,"lex=1(rare_avg=3.42: setbacks(3.22), discouraged(3.62)) | grammar=modal(must); passive(be discouraged)"
439,#439 RS,Please go straight and turn left to reach the library.,1,0,0,1,"lex=0(rare_avg=4.90: library(4.86), reach(4.94)) | dictation=dense(7)"
440,#440 RS,"In consultation with your supervisor, your thesis is approved by the faculty committee.",2,0,1,2,"lex=0(rare_avg=3.98: supervisor(3.95), consultation(4.02)) | grammar=passive(is approved) | dictation=long(13); dense(6)"
441,#441 RS,Many health workers think that pensioners are too old to learn and understand.,2,0,0,2,"lex=0(rare_avg=4.06: pensioners(3.17), workers(4.95)) | dictation=long(13); dense(8)"
442,#442 RS,"Many students are so scared of writing essays, because they never learned how.",2,0,1,2,"lex=0(rare_avg=4.34: essays(4.08), scared(4.60)) | grammar=passive(are so scared) | dictation=long(13); dense(7)"
443,#443 RS,Would you like to videotape our lecture?,1,1,1,0,"lex=1(rare_avg=3.61: videotape(3.08), lecture(4.14)) | grammar=modal(would)"
444,#444 RS,"A demonstrated ability to write clear, correct and concise English is obligatory.",2,1,0,3,"lex=1(rare_avg=3.42: obligatory(3.39), concise(3.46)) | dictation=list_enum; long(12); dense(7)"
445,#445 RS,The students were instructed to submit their assignments before Friday.,1,1,1,0,"lex=1(rare_avg=3.86: instructed(3.84), assignments(3.88)) | grammar=passive(were instructed)"
446,#446 RS,The hotel is not far away from my apartment.,1,0,0,0,"lex=0(rare_avg=4.80: apartment(4.65), hotel(4.95))"
447,#447 RS,The library is located on the other side of the campus behind the student center.,2,0,1,2,"lex=0(rare_avg=4.69: campus(4.51), library(4.86)) | grammar=passive(is located) | dictation=long(15); dense(7)"
448,#448 RS,The topic next week will be colonialism and nuclear disarmament.,1,1,0,1,"lex=1(rare_avg=3.25: disarmament(3.17), colonialism(3.33)) | dictation=dense(6)"
449,#449 RS,A preliminary bibliography is due the week before the spring break.,2,0,0,2,"lex=0(rare_avg=3.99: bibliography(3.82), preliminary(4.16)) | dictation=long(11); dense(6)"
450,#450 RS,The professor took a year off to work on her book.,1,0,0,1,"lex=0(rare_avg=5.17: professor(4.90), book(5.43)) | dictation=long(11)"
451,#451 RS,Accommodations on campus are limited but there are more options nearby.,2,0,1,1,"lex=0(rare_avg=4.00: accommodations(3.48), campus(4.51)) | grammar=passive(are limited) | dictation=long(11)"
452,#452 RS,All the assignments are based on class discussion.,1,0,1,0,"lex=0(rare_avg=4.29: assignments(3.88), discussion(4.71)) | grammar=passive(are based)"
453,#453 RS,"And in this regard, as well as in other regards, this consideration is important.",2,0,1,2,"lex=0(rare_avg=4.24: regards(4.20), consideration(4.28)) | grammar=passive(is important) | dictation=list_enum; long(14)"
454,#454 RS,Apple is expected to announce several new products this fall.,1,0,1,1,"lex=0(rare_avg=4.51: announce(4.26), apple(4.76)) | grammar=passive(is expected) | dictation=dense(7)"
455,#455 RS,Your son has a bad cold and is in the nurse's room.,2,1,0,2,"lex=1(rare_avg=3.88: nurse's(2.73), cold(5.02)) | dictation=contraction; long(12)"
456,#456 RS,"As for me, it is a strategy to go to judicial review.",1,0,0,1,"lex=0(rare_avg=4.44: judicial(4.14), strategy(4.74)) | dictation=long(12)"
457,#457 RS,The Australian economy depends heavily on revenue from tourism and education.,2,0,0,2,"lex=0(rare_avg=4.41: tourism(4.28), depends(4.53)) | dictation=long(11); dense(6)"
458,#458 RS,Books that are overdue will incur a daily fine.,1,1,0,0,"lex=1(rare_avg=3.40: incur(3.30), overdue(3.50))"
459,#459 RS,Company software has changed a lot in the last year.,1,0,1,1,"lex=0(rare_avg=4.92: software(4.77), changed(5.07)) | grammar=perfect(has changed) | dictation=dense(6)"
460,#460 RS,Costs can be calculated once the critical path has been established.,3,0,2,1,"lex=0(rare_avg=4.40: calculated(4.10), path(4.71)) | grammar=passive(be calculated); perfect(has been established) | dictation=long(11)"
461,#461 RS,Any textual references you make should be cited appropriately in the footnotes.,3,1,2,2,"lex=1(rare_avg=3.27: footnotes(3.20), textual(3.34)) | grammar=modal(should); passive(be cited) | dictation=long(12); dense(6)"
462,#462 RS,Critics want the government to take this one stage further and ban the film altogether.,2,0,0,2,"lex=0(rare_avg=4.23: altogether(4.07), critics(4.39)) | dictation=long(15); dense(9)"
463,#463 RS,Distance learning has become far more popular these days.,1,0,0,1,"lex=0(rare_avg=4.88: distance(4.85), learning(4.92)) | dictation=dense(6)"
464,#464 RS,Do analysts really think that producing energy is largely responsible for current environmental problems?,2,0,0,2,"lex=0(rare_avg=4.14: analysts(3.84), producing(4.45)) | dictation=long(14); dense(10)"
465,#465 RS,Does the professor keep regular office hours?,1,0,0,0,"lex=0(rare_avg=4.93: professor(4.90), regular(4.95))"
466,#466 RS,Answering such a complex question with a simple yes or no is absolutely impossible.,2,0,0,2,"lex=0(rare_avg=4.43: answering(4.07), impossible(4.78)) | dictation=long(14); dense(7)"
467,#467 RS,I need somebody to fix the problem with the computer screen.,2,0,0,2,"lex=0(rare_avg=4.78: fix(4.75), somebody(4.80)) | dictation=long(11); dense(6)"
468,#468 RS,Electric cars are the future of transportation as they promise a cleaner environment.,2,0,0,2,"lex=0(rare_avg=4.24: cleaner(3.90), transportation(4.57)) | dictation=long(13); dense(7)"
469,#469 RS,Environmentalism is a category in which universities are competing.,3,1,2,0,"lex=1(rare_avg=3.46: environmentalism(2.69), competing(4.22)) | grammar=phrase(in which); relative(which)"
470,#470 RS,"Every year, students pass the biology course easily.",1,0,0,1,"lex=0(rare_avg=4.56: biology(4.22), easily(4.91)) | dictation=dense(6)"
471,#471 RS,Exam results will be available next week from the course office.,2,0,0,2,"lex=0(rare_avg=4.75: exam(4.26), results(5.23)) | dictation=long(11); dense(7)"
472,#472 RS,Extra seminars to be scheduled to assist you with revision.,1,1,1,0,"lex=1(rare_avg=3.66: seminars(3.50), revision(3.82)) | grammar=passive(be scheduled)"
473,#473 RS,Factors such as cost and function influence the design of the bridge.,2,0,0,2,"lex=0(rare_avg=4.71: factors(4.64), bridge(4.77)) | dictation=long(12); dense(6)"
474,#474 RS,"Government policies, though tough, have been a blessing in disguise.",2,1,1,2,"lex=1(rare_avg=3.89: disguise(3.72), blessing(4.06)) | grammar=perfect(have been) | dictation=list_enum; dense(6)"
475,#475 RS,He kept giving me suggestive looks.,1,0,0,0,"lex=0(rare_avg=4.11: suggestive(3.21), kept(5.00))"
476,#476 RS,Here is only one example but there are lots of others.,1,0,0,1,"lex=0(rare_avg=5.07: lots(4.88), example(5.27)) | dictation=long(11)"
477,#477 RS,Humans need to use energy in order to exist.,1,0,1,1,"lex=0(rare_avg=4.67: humans(4.61), exist(4.73)) | grammar=phrase(in order to) | dictation=dense(6)"
478,#478 RS,I won't be able to attend the lecture because I have a doctor appointment.,2,0,1,3,"lex=0(rare_avg=4.31: lecture(4.14), appointment(4.49)) | grammar=perfect(have a doctor appointment) | dictation=contraction; long(14); dense(7)"
479,#479 RS,I didn’t understand the author’s point of view on immigration.,1,1,0,1,"lex=1(rare_avg=3.88: didn(3.29), immigration(4.47)) | dictation=dense(6)"
480,#480 RS,I found a large rock and I broke through the basement window.,2,0,0,2,"lex=0(rare_avg=4.49: basement(4.18), window(4.80)) | dictation=long(12); dense(6)"
481,#481 RS,I just want to let you know that I think you’re the most beautiful woman that I’ve ever seen.,2,0,0,2,"lex=0(rare_avg=4.89: ve(4.56), beautiful(5.22)) | dictation=long(19); dense(10)"
482,#482 RS,"I know how to solve the problem, but I’ve been asked not to tell you.",2,0,1,2,"lex=0(rare_avg=4.49: solve(4.42), ve(4.56)) | grammar=passive(been asked) | dictation=long(15); dense(6)"
483,#483 RS,I missed yesterday’s lecture. Can I borrow your notes?,1,0,0,0,"lex=0(rare_avg=4.07: borrow(4.00), lecture(4.14))"
484,#484 RS,I need more quotations to back up my argument.,1,0,0,0,"lex=0(rare_avg=3.96: quotations(3.29), argument(4.64))"
485,#485 RS,"I spoke to him in English, but I couldn’t make myself understood.",2,1,0,1,"lex=1(rare_avg=3.66: couldn(2.74), understood(4.58)) | dictation=long(12)"
486,#486 RS,I think it's a shame that some foreign language teachers were able to graduate from college without ever having studied with a native speaker.,2,0,0,3,"lex=0(rare_avg=4.49: studied(4.49), speaker(4.49)) | dictation=contraction; long(24); dense(15)"
487,#487 RS,I think it's one of the best things I have done really.,2,0,0,3,"lex=0(rare_avg=5.66: done(5.58), things(5.74)) | dictation=contraction; long(12); dense(7)"
488,#488 RS,I think we should get together over the weekend to discuss this assignment.,2,0,1,2,"lex=0(rare_avg=4.42: assignment(4.18), discuss(4.66)) | grammar=modal(should) | dictation=long(13); dense(6)"
489,#489 RS,I used to have a cup of coffee with one sugar.,1,0,0,1,"lex=0(rare_avg=4.77: sugar(4.68), coffee(4.86)) | dictation=long(11)"
490,#490 RS,I would like to drastically decrease the amount of time it takes me to clean the house.,2,0,1,2,"lex=0(rare_avg=3.91: drastically(3.65), decrease(4.17)) | grammar=modal(would) | dictation=long(17); dense(8)"
491,#491 RS,I’m afraid Professor Jones didn’t suffer fools gladly.,1,1,0,0,"lex=1(rare_avg=3.48: didn(3.29), gladly(3.67))"
492,#492 RS,I’m quite aware of my own inadequacies.,1,1,0,0,"lex=1(rare_avg=3.67: inadequacies(2.57), aware(4.78))"
493,#493 RS,I’m sorry for being late for today’s lecture.,1,0,0,0,"lex=0(rare_avg=4.66: lecture(4.14), sorry(5.18))"
494,#494 RS,I’ve always been interested in biology and physics.,1,0,1,0,"lex=0(rare_avg=4.30: biology(4.22), physics(4.39)) | grammar=passive(been interested)"
495,#495 RS,"If you are unable to complete the task in time, please notify me by email.",2,0,0,2,"lex=0(rare_avg=4.17: notify(3.73), unable(4.61)) | dictation=long(15); dense(7)"
496,#496 RS,"If you forgot your student number, you should contact Jenny Brice.",2,0,1,1,"lex=0(rare_avg=4.81: forgot(4.63), contact(4.99)) | grammar=modal(should) | dictation=long(11)"
497,#497 RS,"If your parents come to visit you this semester, where will they stay?",2,0,1,1,"lex=0(rare_avg=4.54: semester(4.03), visit(5.04)) | grammar=relative(where) | dictation=long(13)"
498,#498 RS,"In English, the month of the year is always capitalized.",1,0,1,0,"lex=0(rare_avg=4.21: capitalized(3.16), month(5.25)) | grammar=passive(is always capitalized)"
499,#499 RS,"In Europe, the political pressure regarding globalization is similar.",1,0,0,0,"lex=0(rare_avg=4.06: globalization(3.46), regarding(4.67))"
500,#500 RS,"Despite the cold temperature, the sky is clear and blue.",1,0,1,1,"lex=0(rare_avg=4.68: temperature(4.64), sky(4.72)) | grammar=adv_sub(despite) | dictation=dense(6)"
501,#501 RS,What I have now is confidence and optimism.,1,0,0,0,"lex=0(rare_avg=4.16: optimism(3.66), confidence(4.65))"
502,#502 RS,It is important to take gender into account when discussing the figures.,2,0,1,2,"lex=0(rare_avg=4.41: discussing(4.23), gender(4.59)) | grammar=passive(is important) | dictation=long(12); dense(6)"
503,#503 RS,It is important to validate all assumptions before arriving at a conclusion.,2,1,1,1,"lex=1(rare_avg=3.67: validate(3.40), assumptions(3.95)) | grammar=passive(is important) | dictation=long(12)"
504,#504 RS,It is obligatory for companies to provide details of their industrial processes.,2,0,0,2,"lex=0(rare_avg=3.92: obligatory(3.39), processes(4.46)) | dictation=long(12); dense(6)"
505,#505 RS,It isn’t easy when it comes to the definition of this word.,2,1,0,1,"lex=1(rare_avg=3.81: isn(3.05), definition(4.58)) | dictation=long(12)"
506,#506 RS,John went rushing off down the corridor.,1,0,0,0,"lex=0(rare_avg=3.92: corridor(3.88), rushing(3.95))"
507,#507 RS,Many privately owned firms have been eaten up by larger corporations.,3,0,2,2,"lex=0(rare_avg=4.07: privately(4.01), eaten(4.13)) | grammar=passive(been eaten); perfect(have been eaten) | dictation=long(11); dense(7)"
508,#508 RS,"Mary has nobody to talk with, but she doesn’t feel lonely.",2,1,0,2,"lex=1(rare_avg=3.74: doesn(3.22), lonely(4.25)) | dictation=long(11); dense(6)"
509,#509 RS,Meteorology is the detailed study of the Earth's atmosphere.,2,1,1,1,"lex=1(rare_avg=3.84: meteorology(3.22), atmosphere(4.46)) | grammar=passive(is the detailed) | dictation=contraction"
510,#510 RS,Most of these criticisms can be shown to be false.,1,0,1,0,"lex=0(rare_avg=4.14: criticisms(3.66), false(4.63)) | grammar=passive(be shown)"
511,#511 RS,No more than four people can be in the lab at once.,1,0,0,1,"lex=0(rare_avg=4.97: lab(4.42), four(5.53)) | dictation=long(12)"
512,#512 RS,"Of all the heating and cooling options, central heating is the best.",2,0,0,2,"lex=0(rare_avg=4.12: cooling(4.06), heating(4.18)) | dictation=long(12); dense(6)"
513,#513 RS,"Of course, you can also choose to have your grades emailed to you.",2,1,1,1,"lex=1(rare_avg=3.90: emailed(3.51), grades(4.28)) | grammar=perfect(have your grades emailed) | dictation=long(13)"
514,#514 RS,"On this project, you will be asked to work as a group of three.",2,0,1,1,"lex=0(rare_avg=5.26: project(5.22), asked(5.30)) | grammar=passive(be asked) | dictation=long(14)"
515,#515 RS,One of the salient features of academic writing is the tendency to use formal words.,2,1,0,2,"lex=1(rare_avg=3.54: salient(3.12), tendency(3.96)) | dictation=long(15); dense(9)"
516,#516 RS,Applicants for the course should preferably have a degree in English or journalism.,2,1,1,1,"lex=1(rare_avg=3.83: preferably(3.71), applicants(3.94)) | grammar=modal(should) | dictation=long(13)"
517,#517 RS,"She was always here, but today she is missed.",1,0,1,0,"lex=0(rare_avg=5.19: missed(4.83), today(5.55)) | grammar=passive(is missed)"
518,#518 RS,Staying near the place of work saves precious hours every day.,2,0,0,2,"lex=0(rare_avg=4.20: saves(4.07), precious(4.33)) | dictation=long(11); dense(8)"
519,#519 RS,Students are not allowed to take journals out of the library.,2,0,1,1,"lex=0(rare_avg=4.39: journals(3.92), library(4.86)) | grammar=passive(are not allowed) | dictation=long(11)"
520,#520 RS,Students must observe lab safety regulations at all times.,1,0,1,1,"lex=0(rare_avg=4.24: observe(4.06), lab(4.42)) | grammar=modal(must) | dictation=dense(6)"
521,#521 RS,Students should take advantage of the online resources before attending the lecture.,2,0,1,2,"lex=0(rare_avg=4.22: lecture(4.14), attending(4.31)) | grammar=modal(should) | dictation=long(12); dense(7)"
522,#522 RS,Students will not be given credit for assignments submitted after the due date.,2,0,1,2,"lex=0(rare_avg=4.10: assignments(3.88), submitted(4.32)) | grammar=passive(be given) | dictation=long(13); dense(7)"
523,#523 RS,Students with queries about this term's timetables must speak to the tutor immediately.,3,2,1,3,"lex=2(rare_avg=2.44: term's(2.11), timetables(2.78)) | grammar=modal(must) | dictation=contraction; long(13); dense(7)"
524,#524 RS,Studies suggest there may be a correlation between educational achievement and family size.,3,0,2,2,"lex=0(rare_avg=4.11: correlation(3.86), achievement(4.36)) | grammar=modal(may); passive(be a correlation between) | dictation=long(13); dense(7)"
525,#525 RS,The agricultural sector in that country has been heavily subsidized.,3,1,2,0,"lex=1(rare_avg=3.85: subsidized(3.36), agricultural(4.34)) | grammar=passive(been heavily subsidized); perfect(has been heavily subsidized)"
526,#526 RS,Parental expectations are a major cause of stress among students.,1,0,0,1,"lex=0(rare_avg=4.11: parental(3.78), expectations(4.44)) | dictation=dense(7)"
527,#527 RS,Physics is the subject of matter and energy.,1,0,0,0,"lex=0(rare_avg=4.67: physics(4.39), subject(4.96))"
528,#528 RS,You need warm clothes for the winter.,1,0,0,0,"lex=0(rare_avg=4.71: warm(4.71), clothes(4.72))"
529,#529 RS,Control systems in manufacturing require a high level of accuracy.,1,0,0,1,"lex=0(rare_avg=4.40: accuracy(4.24), manufacturing(4.56)) | dictation=dense(7)"
530,#530 RS,Quality of life is an important measure by which cities are ranked.,3,0,2,2,"lex=0(rare_avg=4.50: ranked(4.35), measure(4.65)) | grammar=passive(is an important); relative(which) | dictation=long(12); dense(6)"
531,#531 RS,Scientists are getting closer to the answers to these questions.,1,0,0,0,"lex=0(rare_avg=4.55: scientists(4.50), answers(4.60))"
532,#532 RS,Several copies must be supplied to the university department to fulfil the requirement.,3,1,2,2,"lex=1(rare_avg=3.90: fulfil(3.55), supplied(4.24)) | grammar=modal(must); passive(be supplied) | dictation=long(13); dense(7)"
533,#533 RS,Note-taking methods work greatly both on paper and digitally.,1,1,0,1,"lex=1(rare_avg=3.89: digitally(3.45), greatly(4.33)) | dictation=dense(7)"
534,#534 RS,The application form is available in the office.,1,0,0,0,"lex=0(rare_avg=5.07: application(4.86), available(5.28))"
535,#535 RS,There is a pharmacy on campus near the store.,1,0,0,0,"lex=0(rare_avg=4.19: pharmacy(3.87), campus(4.51))"
536,#536 RS,The buildings looked lovely in the bright sunshine.,1,0,0,0,"lex=0(rare_avg=4.38: sunshine(4.16), bright(4.61))"
537,#537 RS,You need to record every detail of the call in the afternoon.,1,0,0,1,"lex=0(rare_avg=4.64: detail(4.57), afternoon(4.72)) | dictation=long(12)"
538,#538 RS,The car he was riding crashed into a train.,1,0,1,0,"lex=0(rare_avg=4.27: crashed(4.04), riding(4.49)) | grammar=passive(was riding crashed)"
539,#539 RS,The chief executive reads several new books every month.,1,0,0,1,"lex=0(rare_avg=4.56: reads(4.25), executive(4.87)) | dictation=dense(7)"
540,#540 RS,The grocery store is around the corner down the street.,1,0,0,0,"lex=0(rare_avg=4.40: grocery(4.06), corner(4.75))"
541,#541 RS,The clear evidence between brain events and behavioral events is fascinating.,2,0,0,2,"lex=0(rare_avg=4.00: behavioral(3.86), fascinating(4.13)) | dictation=long(11); dense(7)"
542,#542 RS,The coffee is free for the university students on weekdays.,1,0,0,0,"lex=0(rare_avg=4.05: weekdays(3.25), coffee(4.86))"
543,#543 RS,The fertile plains in the east of the region provide excellent land for farming.,2,1,0,2,"lex=1(rare_avg=3.75: fertile(3.62), plains(3.89)) | dictation=long(14); dense(8)"
544,#544 RS,The latest version of the operating system has many flaws.,1,0,0,1,"lex=0(rare_avg=4.30: flaws(3.85), operating(4.75)) | dictation=dense(6)"
545,#545 RS,The law library is closed on Sundays and public holidays.,1,0,1,0,"lex=0(rare_avg=4.54: holidays(4.22), library(4.86)) | grammar=passive(is closed)"
546,#546 RS,The lecture tomorrow will discuss the educational policies in the United States.,1,0,0,1,"lex=0(rare_avg=4.37: lecture(4.14), educational(4.60)) | dictation=long(12)"
547,#547 RS,The opposition has so far been unresponsive to our proposal.,1,1,1,0,"lex=1(rare_avg=3.73: unresponsive(2.99), proposal(4.47)) | grammar=perfect(has so far been)"
548,#548 RS,The pharmacy was closed when I went past this morning.,1,0,1,0,"lex=0(rare_avg=4.38: pharmacy(3.87), closed(4.90)) | grammar=passive(was closed)"
549,#549 RS,Prepare the report for the manager.,1,0,0,0,"lex=0(rare_avg=4.76: prepare(4.55), manager(4.97))"
550,#550 RS,The Psychology Department is looking for volunteers to be involved in research projects.,2,0,1,1,"lex=0(rare_avg=4.55: volunteers(4.29), projects(4.81)) | grammar=passive(be involved) | dictation=long(13)"
551,#551 RS,The purpose is to build new houses for local people.,1,0,0,1,"lex=0(rare_avg=4.80: houses(4.72), purpose(4.88)) | dictation=dense(6)"
552,#552 RS,The research paper should begin with a thorough review of the literature.,2,0,1,2,"lex=0(rare_avg=4.29: thorough(3.97), literature(4.62)) | grammar=modal(should) | dictation=long(12); dense(6)"
553,#553 RS,The School of Arts and Design has an open day on Thursday next week.,1,0,0,1,"lex=0(rare_avg=5.52: open(5.48), week(5.56)) | dictation=long(14)"
554,#554 RS,The seminar on writing skills has been cancelled.,3,1,2,0,"lex=1(rare_avg=3.83: seminar(3.77), cancelled(3.90)) | grammar=passive(been cancelled); perfect(has been cancelled)"
555,#555 RS,The seminar will now take place once a week on Tuesday.,1,0,0,1,"lex=0(rare_avg=4.67: seminar(3.77), week(5.56)) | dictation=long(11)"
556,#556 RS,The smart city is an idea that has captured the imagination of governments all over the world.,2,0,1,2,"lex=0(rare_avg=4.33: imagination(4.22), captured(4.44)) | grammar=perfect(has captured) | dictation=long(17); dense(7)"
557,#557 RS,It seems that language appears from nowhere.,1,0,0,0,"lex=0(rare_avg=4.62: nowhere(4.40), appears(4.84))"
558,#558 RS,The thoughts never cross my mind.,1,0,0,0,"lex=0(rare_avg=4.88: thoughts(4.75), cross(5.00))"
559,#559 RS,Your wages will be put into your bank account on Thursday.,1,0,0,1,"lex=0(rare_avg=4.71: wages(4.25), bank(5.16)) | dictation=long(11)"
560,#560 RS,The tutorial is held on the 8th of April.,1,0,1,1,"lex=0(rare_avg=4.00: tutorial(3.80), th(4.20)) | grammar=passive(is held) | dictation=number"
561,#561 RS,The university is dedicated to providing quality education to all students.,3,0,2,2,"lex=0(rare_avg=4.65: dedicated(4.58), providing(4.72)) | grammar=adv_sub(providing); passive(is dedicated) | dictation=long(11); dense(6)"
562,#562 RS,The lecture on management in Japan will take place in week seven.,2,0,0,2,"lex=0(rare_avg=4.61: lecture(4.14), seven(5.08)) | dictation=long(12); dense(6)"
563,#563 RS,Vocabulary with a specific meaning is called jargon.,1,1,1,0,"lex=1(rare_avg=3.53: jargon(3.24), vocabulary(3.82)) | grammar=passive(is called)"
564,#564 RS,"Theories are based on practical examples, as discussed.",1,0,1,0,"lex=0(rare_avg=4.33: theories(4.22), discussed(4.45)) | grammar=passive(are based)"
565,#565 RS,The library will be closed during summer vacation.,1,0,1,0,"lex=0(rare_avg=4.63: vacation(4.40), library(4.86)) | grammar=passive(be closed)"
566,#566 RS,There is little evidence available to contradict his viewpoints.,1,1,0,0,"lex=1(rare_avg=3.32: viewpoints(3.29), contradict(3.35))"
567,#567 RS,There is no entrance fee for tonight’s lecture.,1,0,0,0,"lex=0(rare_avg=4.26: lecture(4.14), entrance(4.39))"
568,#568 RS,There are varying levels of plagiarism across different university departments.,1,1,0,1,"lex=1(rare_avg=3.60: plagiarism(3.23), varying(3.97)) | dictation=dense(7)"
569,#569 RS,The health center is situated at the corner of the university behind the library.,2,0,1,2,"lex=0(rare_avg=4.47: situated(4.19), corner(4.75)) | grammar=passive(is situated) | dictation=long(14); dense(7)"
570,#570 RS,There will be a guest lecturer visiting the psychology department next month.,2,0,0,2,"lex=0(rare_avg=4.01: lecturer(3.72), psychology(4.31)) | dictation=long(12); dense(7)"
571,#571 RS,There will be ample opportunities to ask questions about the presentation.,1,0,0,1,"lex=0(rare_avg=4.01: ample(3.71), presentation(4.31)) | dictation=long(11)"
572,#572 RS,There's an hourly bus service from the campus into town.,1,0,0,2,"lex=0(rare_avg=4.11: hourly(3.71), campus(4.51)) | dictation=contraction; dense(6)"
573,#573 RS,This is the third time you’ve asked for an extension on this project.,2,0,0,2,"lex=0(rare_avg=4.51: extension(4.46), ve(4.56)) | dictation=long(13); dense(6)"
574,#574 RS,This lecture was meant to start at 10.,1,0,1,1,"lex=0(rare_avg=4.54: lecture(4.14), meant(4.94)) | grammar=passive(was meant) | dictation=number"
575,#575 RS,This material is good for the next week's seminar.,1,0,0,1,"lex=0(rare_avg=3.91: seminar(3.77), week's(4.05)) | dictation=contraction"
576,#576 RS,This module develops our understanding of the theory behind advertising campaigns.,2,1,0,2,"lex=1(rare_avg=3.89: module(3.89), develops(3.89)) | dictation=long(11); dense(7)"
577,#577 RS,Safety glasses should be worn while doing experiments in the lab.,3,0,2,2,"lex=0(rare_avg=4.23: experiments(4.20), worn(4.26)) | grammar=modal(should); passive(be worn) | dictation=long(11); dense(7)"
578,#578 RS,I have to get up early for an interview tomorrow.,1,0,0,0,"lex=0(rare_avg=4.94: interview(4.86), tomorrow(5.02))"
579,#579 RS,"To improve the essay, I decided to include more direct quotes.",2,0,0,2,"lex=0(rare_avg=4.24: essay(4.23), quotes(4.25)) | dictation=long(11); dense(6)"
580,#580 RS,Try to explain how your ideas are linked so that there is a logical flow.,3,0,2,2,"lex=0(rare_avg=4.34: logical(4.14), linked(4.54)) | grammar=phrase(so that); passive(are linked) | dictation=long(15); dense(6)"
581,#581 RS,Tuesday’s lecture on social psychology will now take place in the central hall.,2,0,0,2,"lex=0(rare_avg=4.22: lecture(4.14), psychology(4.31)) | dictation=long(13); dense(8)"
582,#582 RS,Visual aids can make presentations clear and more interesting.,1,0,0,1,"lex=0(rare_avg=3.93: presentations(3.61), aids(4.25)) | dictation=dense(6)"
583,#583 RS,Employees go around the park at lunchtime.,1,0,0,0,"lex=0(rare_avg=4.07: lunchtime(3.33), employees(4.81))"
584,#584 RS,We are delighted to have Professor Robert join our faculty.,1,0,1,0,"lex=0(rare_avg=4.21: delighted(4.09), faculty(4.32)) | grammar=passive(are delighted)"
585,#585 RS,The bus for the airport will arrive soon.,1,0,0,0,"lex=0(rare_avg=4.61: arrive(4.38), bus(4.83))"
586,#586 RS,We need to hand in our assignments by the end of this week.,1,0,0,1,"lex=0(rare_avg=4.64: assignments(3.88), hand(5.41)) | dictation=long(13)"
587,#587 RS,"When we think about communication, we think about interaction.",1,0,0,0,"lex=0(rare_avg=4.48: interaction(4.29), communication(4.68))"
588,#588 RS,Would you prepare some PowerPoint slides with appropriate graphs?,1,1,1,0,"lex=1(rare_avg=3.67: graphs(3.55), slides(3.78)) | grammar=modal(would)"
589,#589 RS,You can find the student service desk located on the ground floor of the whole building.,2,0,0,2,"lex=0(rare_avg=4.64: desk(4.43), located(4.86)) | dictation=long(16); dense(9)"
590,#590 RS,You are not permitted to take reference books out of the library.,2,0,1,1,"lex=0(rare_avg=4.44: permitted(4.13), reference(4.74)) | grammar=passive(are not permitted) | dictation=long(12)"
591,#591 RS,You don’t have to be on Professor Smith’s course to attend this lecture.,1,0,0,1,"lex=0(rare_avg=4.34: lecture(4.14), attend(4.55)) | dictation=long(13)"
592,#592 RS,You must complete this chapter before going to the field trip.,2,0,1,1,"lex=0(rare_avg=4.78: chapter(4.65), trip(4.90)) | grammar=modal(must) | dictation=long(11)"
593,#593 RS,"You must read the supplementary materials, as the professor has a habit of asking questions from them.",2,1,1,2,"lex=1(rare_avg=3.80: supplementary(3.36), habit(4.24)) | grammar=modal(must) | dictation=long(17); dense(7)"
594,#594 RS,You must take 3 core and 2 elective courses in this semester.,2,1,1,2,"lex=1(rare_avg=3.67: elective(3.32), semester(4.03)) | grammar=modal(must) | dictation=number; long(12)"
595,#595 RS,You need to write a proposal for your research.,1,0,0,0,"lex=0(rare_avg=4.75: proposal(4.47), write(5.03))"
596,#596 RS,You should raise your concern with the head of school.,1,0,1,0,"lex=0(rare_avg=4.71: concern(4.66), raise(4.75)) | grammar=modal(should)"
597,#597 RS,Crops respond no more readily to anything than to careful husbandry and skillful cultivation.,2,1,0,2,"lex=1(rare_avg=3.03: husbandry(2.93), skillful(3.13)) | dictation=long(14); dense(8)"
598,#598 RS,The chief economist has radical ideas for the economy.,1,0,0,0,"lex=0(rare_avg=4.10: economist(3.87), radical(4.33))"
599,#599 RS,Colombia is a world-leading coffee exporter.,1,1,0,0,"lex=1(rare_avg=3.62: exporter(3.29), colombia(3.95))"
600,#600 RS,"If you have problems, please contact your tutor.",1,0,0,0,"lex=0(rare_avg=4.33: tutor(3.67), contact(4.99))"
601,#601 RS,Politicians can make better decisions if they listen to public opinion.,2,0,0,2,"lex=0(rare_avg=4.63: politicians(4.54), decisions(4.72)) | dictation=long(11); dense(7)"
602,#602 RS,Please write your name on the essay cover sheet.,1,0,0,1,"lex=0(rare_avg=4.32: essay(4.23), sheet(4.40)) | dictation=dense(6)"
603,#603 RS,The registration for courses is open for new students.,1,0,0,0,"lex=0(rare_avg=4.39: registration(4.32), courses(4.46))"
604,#604 RS,The doctor was not here today.,1,0,0,0,"lex=0(rare_avg=5.22: doctor(4.90), today(5.55))"
605,#605 RS,"The seminar papers should be submitted to the main office, which is located behind the library.",3,0,3,2,"lex=0(rare_avg=4.04: seminar(3.77), submitted(4.32)) | grammar=modal(should); passive(be submitted); relative(which) | dictation=long(16); dense(8)"
606,#606 RS,Most scientists believe that climate change threatens life on Earth.,1,0,0,1,"lex=0(rare_avg=4.12: threatens(3.75), scientists(4.50)) | dictation=dense(6)"
607,#607 RS,Does the college refectory offer vegetarian dishes on a daily basis?,2,1,0,2,"lex=1(rare_avg=3.04: refectory(2.29), vegetarian(3.78)) | dictation=long(11); dense(7)"
608,#608 RS,He was not the only one to call for legal reform in the 16th century.,2,0,0,3,"lex=0(rare_avg=4.37: th(4.20), reform(4.53)) | dictation=number; long(15); dense(6)"
609,#609 RS,"Our class is divided into two groups. You come with me, the others stay here.",2,0,1,2,"lex=0(rare_avg=4.79: divided(4.47), groups(5.12)) | grammar=passive(is divided) | dictation=long(15); dense(7)"
610,#610 RS,That brief outline takes us to the beginning of the 20th century.,2,0,0,3,"lex=0(rare_avg=4.06: outline(3.92), th(4.20)) | dictation=number; long(12); dense(6)"
611,#611 RS,"In our city, students have access to thirteen college libraries.",1,0,1,1,"lex=0(rare_avg=4.01: thirteen(3.89), libraries(4.14)) | grammar=perfect(have access to thirteen) | dictation=dense(6)"
612,#612 RS,You need to give a better example to support your argument.,2,0,0,2,"lex=0(rare_avg=4.96: argument(4.64), example(5.27)) | dictation=long(11); dense(6)"
613,#613 RS,The bus for London will leave ten minutes later than planned.,2,0,0,2,"lex=0(rare_avg=4.76: planned(4.69), bus(4.83)) | dictation=long(11); dense(6)"
614,#614 RS,Please sort and order the presentation slides according to topic and speaking time.,2,0,0,2,"lex=0(rare_avg=4.04: slides(3.78), presentation(4.31)) | dictation=long(13); dense(9)"
615,#615 RS,"Once more under the pressure of economic necessity, practice outstripped theory.",2,1,0,2,"lex=1(rare_avg=3.16: outstripped(2.40), necessity(3.91)) | dictation=long(11); dense(6)"
616,#616 RS,"Hypothetically, insufficient mastery in the areas slows future progress.",1,1,0,1,"lex=1(rare_avg=3.16: hypothetically(2.93), slows(3.39)) | dictation=dense(7)"
617,#617 RS,Research has found that there is no correlation between diet and intelligence.,2,0,1,1,"lex=0(rare_avg=4.21: correlation(3.86), diet(4.57)) | grammar=passive(is no correlation between) | dictation=long(12)"
618,#618 RS,Please explain what the author means by sustainability.,1,0,0,0,"lex=0(rare_avg=4.33: sustainability(3.77), explain(4.89))"
619,#619 RS,Students are not allowed to take the journal out of the library.,2,0,1,1,"lex=0(rare_avg=4.81: journal(4.77), library(4.86)) | grammar=passive(are not allowed) | dictation=long(12)"
620,#620 RS,There has been a delay in processing the enrollment due to the computer problems.,2,0,1,2,"lex=0(rare_avg=4.16: enrollment(3.92), delay(4.40)) | grammar=perfect(has been) | dictation=long(14); dense(6)"
621,#621 RS,You can retake the module if your marks are too low.,2,1,0,1,"lex=1(rare_avg=3.58: retake(3.28), module(3.89)) | dictation=long(11)"
622,#622 RS,Hemoglobin carries oxygen from the lungs to other parts of the body.,2,1,0,2,"lex=1(rare_avg=3.45: hemoglobin(2.92), lungs(3.97)) | dictation=long(12); dense(6)"
623,#623 RS,But they haven't come to widespread use yet.,1,0,0,1,"lex=0(rare_avg=4.65: widespread(4.19), haven't(5.11)) | dictation=contraction"
624,#624 RS,You can keep your bag in the back room.,1,0,0,0,"lex=0(rare_avg=5.09: bag(4.79), room(5.39))"
625,#625 RS,There is a limited amount of departmental funding which is available for qualified students.,3,1,2,2,"lex=1(rare_avg=3.87: departmental(3.27), qualified(4.46)) | grammar=passive(is a limited amount); relative(which) | dictation=long(14); dense(7)"
626,#626 RS,The chemistry building is still open during vacation.,1,0,0,0,"lex=0(rare_avg=4.38: chemistry(4.35), vacation(4.40))"
627,#627 RS,"During that period, heavy industry grew rapidly in the north of the country.",2,0,0,2,"lex=0(rare_avg=4.52: rapidly(4.34), grew(4.69)) | dictation=long(13); dense(7)"
628,#628 RS,Tomorrow's lunchtime seminar on nuclear engineering has been postponed.,3,1,2,2,"lex=1(rare_avg=3.46: lunchtime(3.33), tomorrow's(3.59)) | grammar=passive(been postponed); perfect(has been postponed) | dictation=contraction; dense(6)"
629,#629 RS,It's important to keep this medicine in the fridge.,1,0,0,1,"lex=0(rare_avg=4.38: fridge(4.02), medicine(4.73)) | dictation=contraction"
630,#630 RS,His academic supervisor called in to see him last night.,1,0,0,1,"lex=0(rare_avg=4.26: supervisor(3.95), academic(4.57)) | dictation=dense(6)"
631,#631 RS,The task proved much more difficult than we had imagined.,1,0,1,0,"lex=0(rare_avg=4.28: imagined(4.07), proved(4.48)) | grammar=perfect(had imagined)"
632,#632 RS,She doesn't even care about anything but what is honest and true.,1,0,0,2,"lex=0(rare_avg=5.07: honest(4.73), true(5.40)) | dictation=contraction; long(12)"
633,#633 RS,This session is not supported by documentation.,1,0,1,0,"lex=0(rare_avg=4.31: documentation(3.95), supported(4.68)) | grammar=passive(is not supported)"
634,#634 RS,Please close the door behind you when you leave the room.,2,0,0,2,"lex=0(rare_avg=5.19: door(5.08), behind(5.29)) | dictation=long(11); dense(6)"
635,#635 RS,The study of archeology requires intensive international fieldwork.,2,2,0,1,"lex=2(rare_avg=2.87: archeology(2.77), fieldwork(2.96)) | dictation=dense(6)"
636,#636 RS,That country's economy is primarily based on tourism.,1,0,1,1,"lex=0(rare_avg=4.22: country's(4.17), tourism(4.28)) | grammar=passive(is primarily based) | dictation=contraction"
637,#637 RS,Leading scientists speculate that numerous planets could support life forms.,2,1,1,1,"lex=1(rare_avg=3.76: speculate(3.48), planets(4.05)) | grammar=modal(could) | dictation=dense(8)"
638,#638 RS,You can get coffee and tea in the lunchroom.,1,1,0,0,"lex=1(rare_avg=3.49: lunchroom(2.25), tea(4.73))"
639,#639 RS,He is almost never in his office.,1,0,0,0,"lex=0(rare_avg=5.39: almost(5.39), office(5.40))"
640,#640 RS,I would like an egg and tomatoes on white sandwich bread with orange juice.,2,0,1,2,"lex=0(rare_avg=4.01: tomatoes(3.90), sandwich(4.13)) | grammar=modal(would) | dictation=long(14); dense(8)"
641,#641 RS,You must go to the reception to pick up your student card.,2,0,1,1,"lex=0(rare_avg=4.62: reception(4.23), student(5.02)) | grammar=modal(must) | dictation=long(12)"
642,#642 RS,Chapter one provides the historical background to the topic.,1,0,0,1,"lex=0(rare_avg=4.57: topic(4.49), chapter(4.65)) | dictation=dense(6)"
643,#643 RS,Storytelling is a common teaching technique in many countries.,1,0,0,1,"lex=0(rare_avg=4.06: storytelling(3.66), technique(4.47)) | dictation=dense(6)"
644,#644 RS,Folk tales are passed orally from generation to generation.,2,1,1,1,"lex=1(rare_avg=3.61: orally(3.12), tales(4.10)) | grammar=passive(are passed) | dictation=dense(6)"
645,#645 RS,"In the 1830s, periodicals appeared in large numbers in America.",1,0,0,1,"lex=0(rare_avg=4.00: periodicals(3.18), appeared(4.83)) | dictation=number"
646,#646 RS,His lecture is always useful and stimulating.,1,1,0,0,"lex=1(rare_avg=3.84: stimulating(3.54), lecture(4.14))"
647,#647 RS,"The U.S. ranks twenty-second in foreign aid, given the percentage of GDP.",2,0,0,2,"lex=0(rare_avg=4.36: ranks(4.23), percentage(4.48)) | dictation=long(12); dense(7)"
648,#648 RS,Meeting with mentors can be scheduled for students who require additional support.,3,1,2,2,"lex=1(rare_avg=3.87: mentors(3.29), scheduled(4.45)) | grammar=passive(be scheduled); relative(who) | dictation=long(12); dense(7)"
649,#649 RS,I am pleased to report that many topics have been involved in this lecture.,3,0,2,2,"lex=0(rare_avg=4.21: lecture(4.14), topics(4.27)) | grammar=passive(been involved); perfect(have been involved) | dictation=long(14); dense(7)"
650,#650 RS,Students who selected two to three courses may need an extension.,3,0,2,2,"lex=0(rare_avg=4.46: courses(4.46), extension(4.46)) | grammar=modal(may); relative(who) | dictation=long(11); dense(7)"
651,#651 RS,You need to be careful when quoting Internet sources.,1,0,0,0,"lex=0(rare_avg=4.16: quoting(3.72), careful(4.59))"
652,#652 RS,One of the hardest things about starting university is finding your way around.,2,0,0,2,"lex=0(rare_avg=4.47: hardest(4.10), finding(4.85)) | dictation=long(13); dense(8)"
653,#653 RS,The new professor used to work at the World Bank.,1,0,0,0,"lex=0(rare_avg=5.35: professor(4.90), used(5.80))"
654,#654 RS,Many medical volunteers no longer have access to medical literature.,1,0,0,1,"lex=0(rare_avg=4.46: volunteers(4.29), literature(4.62)) | dictation=dense(7)"
655,#655 RS,"In the past, people ate very different food.",1,0,0,0,"lex=0(rare_avg=4.85: ate(4.34), past(5.36))"
656,#656 RS,The literal output of this research is prolific and diverse.,1,1,0,0,"lex=1(rare_avg=3.69: prolific(3.60), literal(3.77))"
657,#657 RS,"During the second term, you are supposed to submit one essay per week.",2,0,1,2,"lex=0(rare_avg=4.26: essay(4.23), submit(4.28)) | grammar=passive(are supposed) | dictation=long(13); dense(8)"
658,#658 RS,It provides an opportunity to work with other disciplines.,1,0,0,0,"lex=0(rare_avg=4.25: disciplines(3.69), provides(4.80))"
659,#659 RS,Student discount cards can be used on campus in the coffee house.,2,0,0,2,"lex=0(rare_avg=4.43: discount(4.35), campus(4.51)) | dictation=long(12); dense(7)"
660,#660 RS,You must call your doctor to make an appointment.,1,0,1,0,"lex=0(rare_avg=4.70: appointment(4.49), doctor(4.90)) | grammar=modal(must)"
661,#661 RS,"On our campus, prospective students have access to thirteen college libraries.",2,1,1,2,"lex=1(rare_avg=3.88: prospective(3.87), thirteen(3.89)) | grammar=perfect(have access to thirteen) | dictation=long(11); dense(7)"
662,#662 RS,A lot of people who have up until now been spending money in having a good time now need to be more careful with their money.,2,0,1,2,"lex=0(rare_avg=4.65: careful(4.59), spending(4.71)) | grammar=relative(who) | dictation=long(26); dense(11)"
663,#663 RS,What distinguishes him from others is his dramatic use of black and white photography.,2,1,0,2,"lex=1(rare_avg=3.79: distinguishes(3.16), dramatic(4.41)) | dictation=long(14); dense(7)"
664,#664 RS,Our university has strong partnerships with industry as well as collaborative relationships with government bodies.,2,1,0,2,"lex=1(rare_avg=3.80: collaborative(3.78), partnerships(3.82)) | dictation=long(15); dense(9)"
665,#665 RS,Number the beakers and put them away.,1,0,0,0,"lex=0(rare_avg=3.91: beakers(2.19), number(5.62))"
666,#666 RS,We would like a first draft of the assignment by Monday.,2,0,1,1,"lex=0(rare_avg=4.39: assignment(4.18), draft(4.61)) | grammar=modal(would) | dictation=long(11)"
667,#667 RS,The problem with this is that it fails to answer the basic question.,1,0,0,1,"lex=0(rare_avg=4.57: fails(4.26), basic(4.89)) | dictation=long(13)"
668,#668 RS,The professor will be the last speaker this evening.,1,0,0,0,"lex=0(rare_avg=4.68: speaker(4.49), evening(4.86))"
669,#669 RS,The gap between the rich and the poor did not decrease rapidly as expected.,2,0,0,2,"lex=0(rare_avg=4.25: decrease(4.17), rapidly(4.34)) | dictation=long(14); dense(6)"
670,#670 RS,"In marketing, short-term thinking can lead to many problems.",1,0,0,1,"lex=0(rare_avg=4.99: marketing(4.78), problems(5.19)) | dictation=dense(7)"
671,#671 RS,Participants were not making an actual purchase.,1,0,0,0,"lex=0(rare_avg=4.55: participants(4.40), purchase(4.71))"
672,#672 RS,The website interface represents the stimuli that influence consumer's decision-making.,2,2,0,2,"lex=2(rare_avg=2.98: consumer's(2.56), stimuli(3.39)) | dictation=contraction; dense(8)"
673,#673 RS,This essay examined the use of computers in the science classroom.,2,0,0,2,"lex=0(rare_avg=4.12: examined(4.10), classroom(4.15)) | dictation=long(11); dense(6)"
674,#674 RS,A science-based approach is vital for effective advancements.,1,1,0,1,"lex=1(rare_avg=3.75: advancements(3.12), vital(4.38)) | dictation=dense(6)"
675,#675 RS,A key feature in drug development is the examination of the pharmacological effects.,2,1,0,2,"lex=1(rare_avg=3.59: pharmacological(2.92), examination(4.26)) | dictation=long(13); dense(7)"
676,#676 RS,This process has enabled the rational identification of core machinery.,1,0,1,1,"lex=0(rare_avg=4.04: machinery(4.02), rational(4.06)) | grammar=perfect(has enabled) | dictation=dense(6)"
677,#677 RS,Cellular engineering strategies are highly desirable.,1,1,0,0,"lex=1(rare_avg=3.87: desirable(3.85), cellular(3.89))"
678,#678 RS,There has been a rapid growth in the commercial market.,1,0,1,0,"lex=0(rare_avg=4.65: rapid(4.38), commercial(4.92)) | grammar=perfect(has been)"
679,#679 RS,Most of the strategies are in a preclinical state.,1,1,0,0,"lex=1(rare_avg=3.45: preclinical(2.61), strategies(4.29))"
680,#680 RS,The current and conventional method has many disadvantages including the side effects.,2,1,0,2,"lex=1(rare_avg=3.87: disadvantages(3.49), conventional(4.25)) | dictation=long(12); dense(8)"
681,#681 RS,Proteins constitute at least thirty percent of the total mass of all living organisms.,2,1,0,2,"lex=1(rare_avg=3.83: organisms(3.80), constitute(3.85)) | dictation=long(14); dense(9)"
682,#682 RS,Quantitative and temporal parameters of food consumption were used.,1,1,0,1,"lex=1(rare_avg=3.68: temporal(3.63), quantitative(3.73)) | dictation=dense(6)"
683,#683 RS,We developed a method for evaluating dynamic changes.,1,0,0,0,"lex=0(rare_avg=4.00: evaluating(3.70), dynamic(4.31))"
684,#684 RS,Some methods for clinical applications have been presented as well.,3,0,2,0,"lex=0(rare_avg=4.57: clinical(4.51), applications(4.64)) | grammar=passive(been presented); perfect(have been presented)"
685,#685 RS,The aim of the work presented could be formulated as follows.,3,0,2,1,"lex=0(rare_avg=4.01: formulated(3.52), aim(4.51)) | grammar=modal(could); passive(be formulated) | dictation=long(11)"
686,#686 RS,Digital scans of archived materials are provided for a small fee.,3,1,2,2,"lex=1(rare_avg=3.51: archived(3.40), scans(3.62)) | grammar=adv_sub(provided); passive(are provided) | dictation=long(11); dense(7)"
687,#687 RS,Politics involves both legislative and political authorities.,1,0,0,0,"lex=0(rare_avg=4.33: legislative(4.32), involves(4.34))"
688,#688 RS,All of our accommodations are within walking distance of the academic buildings.,2,0,0,2,"lex=0(rare_avg=4.03: accommodations(3.48), academic(4.57)) | dictation=long(12); dense(6)"
689,#689 RS,The application form must be submitted before the end of the term.,3,0,2,1,"lex=0(rare_avg=4.59: submitted(4.32), application(4.86)) | grammar=modal(must); passive(be submitted) | dictation=long(12)"
690,#690 RS,Different entrances to the program get the same qualification.,1,1,0,0,"lex=1(rare_avg=3.60: entrances(3.32), qualification(3.88))"
691,#691 RS,You can find the books in the library.,1,0,0,0,"lex=0(rare_avg=5.01: library(4.86), books(5.15))"
692,#692 RS,"Before choosing your university course, you should consider your career.",1,0,1,0,"lex=0(rare_avg=4.62: choosing(4.26), consider(4.99)) | grammar=modal(should)"
693,#693 RS,The new drug will be tested in North America.,1,0,1,0,"lex=0(rare_avg=4.68: tested(4.48), drug(4.87)) | grammar=passive(be tested)"
694,#694 RS,Computer software has changed a lot since last year.,1,0,1,1,"lex=0(rare_avg=4.87: software(4.77), computer(4.97)) | grammar=perfect(has changed) | dictation=dense(7)"
695,#695 RS,"Without doubt, his primary motive was economic growth.",1,0,0,1,"lex=0(rare_avg=4.41: motive(3.94), primary(4.88)) | dictation=dense(6)"
696,#696 RS,All lecture handouts are downloadable on the university website.,1,1,0,0,"lex=1(rare_avg=3.14: handouts(3.12), downloadable(3.16))"
697,#697 RS,We weren't able to agree on the appropriate independent variables.,1,0,0,2,"lex=0(rare_avg=4.32: variables(3.97), appropriate(4.67)) | dictation=contraction; dense(6)"
698,#698 RS,Measuring the distance could take up to three weeks.,1,0,1,0,"lex=0(rare_avg=4.46: measuring(4.07), distance(4.85)) | grammar=modal(could)"
699,#699 RS,Please pass the handouts along to the rest of the people in your row.,2,1,0,2,"lex=1(rare_avg=3.86: handouts(3.12), row(4.60)) | dictation=long(14); dense(7)"
700,#700 RS,"I think your watch is fast, you need to reset it.",1,0,0,1,"lex=0(rare_avg=4.48: reset(3.83), fast(5.13)) | dictation=long(11)"
701,#701 RS,The largest department in this university is the History Department.,1,0,1,0,"lex=0(rare_avg=5.07: largest(4.90), department(5.23)) | grammar=passive(is the history department)"
702,#702 RS,A computer virus has destroyed all my files.,1,0,1,0,"lex=0(rare_avg=4.44: virus(4.42), files(4.46)) | grammar=perfect(has destroyed)"
703,#703 RS,"In my free time, I would like to read newspapers.",1,0,1,0,"lex=0(rare_avg=4.89: newspapers(4.25), read(5.54)) | grammar=modal(would)"
704,#704 RS,They say Professor James's lectures are always interesting and fun.,1,0,0,1,"lex=0(rare_avg=4.48: lectures(3.96), interesting(5.00)) | dictation=contraction"
705,#705 RS,The number of students registering for postgraduate research has risen.,2,1,1,1,"lex=1(rare_avg=3.37: postgraduate(3.28), registering(3.46)) | grammar=perfect(has risen) | dictation=dense(6)"
706,#706 RS,This semester we plan to specialize in education psychology.,1,1,0,0,"lex=1(rare_avg=3.66: specialize(3.28), semester(4.03))"
707,#707 RS,Show your passport and boarding pass at the gate.,1,0,0,0,"lex=0(rare_avg=4.00: boarding(3.96), passport(4.05))"
708,#708 RS,Please do not bring food into the classroom.,1,0,0,0,"lex=0(rare_avg=4.71: classroom(4.15), bring(5.27))"
709,#709 RS,You can find the student service center on level one of Home Building.,2,0,0,2,"lex=0(rare_avg=5.11: student(5.02), center(5.19)) | dictation=long(13); dense(6)"
710,#710 RS,Students should take advantage of the internet before attending the lecture.,2,0,1,2,"lex=0(rare_avg=4.22: lecture(4.14), attending(4.31)) | grammar=modal(should) | dictation=long(11); dense(6)"
711,#711 RS,Most students in last year's course did well in this module.,2,0,0,3,"lex=0(rare_avg=4.13: module(3.89), year's(4.38)) | dictation=contraction; long(11); dense(6)"
712,#712 RS,A study skills seminar is available for students who need assistance.,2,0,1,2,"lex=0(rare_avg=4.18: seminar(3.77), assistance(4.59)) | grammar=relative(who) | dictation=long(11); dense(7)"
713,#713 RS,The hypothesis needs to be tested in a more rigorous way.,2,1,1,1,"lex=1(rare_avg=3.78: rigorous(3.68), hypothesis(3.87)) | grammar=passive(be tested) | dictation=long(11)"
714,#714 RS,These developments are discussed in more depth in Chapter Nine.,1,0,1,0,"lex=0(rare_avg=4.33: developments(4.22), discussed(4.45)) | grammar=passive(are discussed)"
715,#715 RS,The campus library will be closed during the winter break.,1,0,1,0,"lex=0(rare_avg=4.69: campus(4.51), library(4.86)) | grammar=passive(be closed)"
716,#716 RS,All necessary information is in the assignment.,1,0,1,0,"lex=0(rare_avg=4.54: assignment(4.18), necessary(4.91)) | grammar=passive(is in the assignment)"
717,#717 RS,All undergraduate students should participate in the seminar.,1,1,1,0,"lex=1(rare_avg=3.81: seminar(3.77), undergraduate(3.85)) | grammar=modal(should)"
718,#718 RS,All students and staff have access to printers and scanners.,1,1,0,0,"lex=1(rare_avg=3.44: scanners(3.26), printers(3.62))"
719,#719 RS,Children are not allowed to be in the laboratory at any time.,2,0,1,1,"lex=0(rare_avg=4.67: laboratory(4.31), allowed(5.03)) | grammar=passive(are not allowed) | dictation=long(12)"
720,#720 RS,"Allergy problems do run in the family, but we don’t understand why.",2,0,0,2,"lex=0(rare_avg=4.10: allergy(3.60), don(4.60)) | dictation=long(12); dense(6)"
721,#721 RS,A renowned economist is selected to give a speech tonight at eight.,2,0,1,2,"lex=0(rare_avg=3.92: economist(3.87), renowned(3.96)) | grammar=passive(is selected) | dictation=long(12); dense(7)"
722,#722 RS,Anyone who has a problem with their accommodation should speak to the welfare officer.,3,0,2,2,"lex=0(rare_avg=4.24: accommodation(4.06), welfare(4.43)) | grammar=modal(should); relative(who) | dictation=long(14); dense(6)"
723,#723 RS,Many experts think that the world climate is changing.,1,0,0,1,"lex=0(rare_avg=4.62: experts(4.52), climate(4.71)) | dictation=dense(6)"
724,#724 RS,Being a student representative on the union really cuts into my study time.,2,0,1,2,"lex=0(rare_avg=4.50: cuts(4.42), representative(4.57)) | grammar=passive(being a student) | dictation=long(13); dense(7)"
725,#725 RS,Conferences are always scheduled on the third Wednesday of the month.,2,0,1,1,"lex=0(rare_avg=4.24: conferences(4.03), scheduled(4.45)) | grammar=passive(are always scheduled) | dictation=long(11)"
726,#726 RS,Could you please pass the handouts to students in your row?,2,1,1,1,"lex=1(rare_avg=3.86: handouts(3.12), row(4.60)) | grammar=modal(could) | dictation=long(11)"
727,#727 RS,An effective business manager is always open to new ideas.,1,0,0,1,"lex=0(rare_avg=4.87: ideas(4.84), effective(4.89)) | dictation=dense(6)"
728,#728 RS,"Those reference books are too old, while the others are OK.",1,0,0,1,"lex=0(rare_avg=4.95: reference(4.74), books(5.15)) | dictation=long(11)"
729,#729 RS,Doing this research makes me think of the purpose of science.,2,0,0,2,"lex=0(rare_avg=5.00: purpose(4.88), science(5.12)) | dictation=long(11); dense(6)"
730,#730 RS,Don't forget to hand in your assignments by the end of next week.,2,0,0,3,"lex=0(rare_avg=4.47: assignments(3.88), forget(5.06)) | dictation=contraction; long(13); dense(7)"
731,#731 RS,The African elephant is the largest living land mammal in the world.,2,1,0,2,"lex=1(rare_avg=3.70: mammal(3.31), elephant(4.08)) | dictation=long(12); dense(6)"
732,#732 RS,Farmers do not always receive fair prices for agricultural goods.,1,0,0,1,"lex=0(rare_avg=4.38: agricultural(4.34), farmers(4.43)) | dictation=dense(6)"
733,#733 RS,I believe children should read aloud more.,1,0,1,0,"lex=0(rare_avg=4.49: aloud(3.51), children(5.47)) | grammar=modal(should)"
734,#734 RS,I didn’t attend yesterday’s lecture. Could I borrow your notes?,2,1,1,1,"lex=1(rare_avg=3.65: didn(3.29), borrow(4.00)) | grammar=modal(could) | dictation=dense(6)"
735,#735 RS,I thought the mid-term exam was only worth half of our course grade.,2,0,0,2,"lex=0(rare_avg=4.53: exam(4.26), grade(4.80)) | dictation=long(13); dense(8)"
736,#736 RS,I will be in my office every day from ten to twelve.,1,0,0,1,"lex=0(rare_avg=4.70: twelve(4.35), ten(5.05)) | dictation=long(12)"
737,#737 RS,I will check again but I am pretty sure we are supposed to read chapter two.,2,0,1,2,"lex=0(rare_avg=4.78: chapter(4.65), supposed(4.91)) | grammar=passive(are supposed to read) | dictation=long(16); dense(8)"
738,#738 RS,I’ve got a tutorial in an hour and I haven’t had any time to prepare for it.,2,0,0,2,"lex=0(rare_avg=3.96: tutorial(3.80), haven(4.13)) | dictation=long(17); dense(7)"
739,#739 RS,It's the commonly used words that have different referential values.,2,1,1,2,"lex=1(rare_avg=3.51: referential(2.64), commonly(4.38)) | grammar=perfect(have different) | dictation=contraction; dense(7)"
740,#740 RS,It’s time to finalize the work before the Wednesday seminar.,1,1,0,0,"lex=1(rare_avg=3.33: finalize(2.89), seminar(3.77))"
741,#741 RS,The manager will have a meeting in this room today.,1,0,0,0,"lex=0(rare_avg=5.06: manager(4.97), meeting(5.15))"
742,#742 RS,Many of the most popular courses are available online.,1,0,0,0,"lex=0(rare_avg=4.77: courses(4.46), popular(5.07))"
743,#743 RS,Many of the urban poor lived in an extremely cramped condition.,2,0,0,2,"lex=0(rare_avg=3.96: cramped(3.28), urban(4.65)) | dictation=long(11); dense(7)"
744,#744 RS,Meeting with tutors could be arranged for students who need additional help.,3,1,3,2,"lex=1(rare_avg=3.73: tutors(3.15), arranged(4.31)) | grammar=modal(could); passive(be arranged); relative(who) | dictation=long(12); dense(7)"
745,#745 RS,More females than males graduated from universities last year.,1,0,0,1,"lex=0(rare_avg=4.17: graduated(4.14), males(4.21)) | dictation=dense(6)"
746,#746 RS,Most of the assignments should be submitted on the same day.,3,0,2,1,"lex=0(rare_avg=4.10: assignments(3.88), submitted(4.32)) | grammar=modal(should); passive(be submitted) | dictation=long(11)"
747,#747 RS,Most university teaching takes place in lectures and seminars.,1,1,0,1,"lex=1(rare_avg=3.73: seminars(3.50), lectures(3.96)) | dictation=dense(6)"
748,#748 RS,Many environmental experts are very concerned about the future of our planet.,2,0,1,2,"lex=0(rare_avg=4.60: experts(4.52), planet(4.68)) | grammar=passive(are very concerned) | dictation=long(12); dense(6)"
749,#749 RS,The United States has the maximum production of chocolate.,1,0,0,0,"lex=0(rare_avg=4.54: chocolate(4.49), maximum(4.60))"
750,#750 RS,I don't understand what the comment on my essay means.,1,0,0,1,"lex=0(rare_avg=4.55: essay(4.23), comment(4.88)) | dictation=contraction"
751,#751 RS,"Our fundamental realities, especially national needs, have seen the ability to flourish.",2,1,0,3,"lex=1(rare_avg=3.60: flourish(3.53), realities(3.67)) | dictation=list_enum; long(12); dense(8)"
752,#752 RS,The student service center is located on the main campus behind the library.,2,0,1,2,"lex=0(rare_avg=4.69: campus(4.51), located(4.86)) | grammar=passive(is located) | dictation=long(13); dense(8)"
753,#753 RS,Please finish all the reading chapters before the field trip.,1,0,0,1,"lex=0(rare_avg=4.50: chapters(4.10), trip(4.90)) | dictation=dense(6)"
754,#754 RS,Students need to finish their assignments during the next four weeks.,2,0,0,2,"lex=0(rare_avg=4.39: assignments(3.88), finish(4.91)) | dictation=long(11); dense(7)"
755,#755 RS,This Thursday is the last day for students to withdraw subjects without any penalty.,2,0,0,2,"lex=0(rare_avg=4.21: withdraw(4.05), subjects(4.38)) | dictation=long(14); dense(7)"
756,#756 RS,The residence hall is closed prior to the closing time of the academic building during the end of the semester.,2,0,1,2,"lex=0(rare_avg=4.20: semester(4.03), residence(4.36)) | grammar=passive(is closed) | dictation=long(20); dense(10)"
757,#757 RS,You have fulfilled the enrollment requirements.,1,1,1,0,"lex=1(rare_avg=3.84: fulfilled(3.77), enrollment(3.92)) | grammar=perfect(have fulfilled the enrollment)"
758,#758 RS,"She used to be everywhere, but today she is missing.",1,0,0,0,"lex=0(rare_avg=4.86: everywhere(4.66), missing(5.05))"
759,#759 RS,Sport is the main cause of traumatic brain injuries in the United States.,2,0,0,2,"lex=0(rare_avg=4.12: traumatic(3.79), injuries(4.44)) | dictation=long(13); dense(6)"
760,#760 RS,You can add a salad to your meal.,1,0,0,0,"lex=0(rare_avg=4.32: salad(4.15), meal(4.48))"
761,#761 RS,You may not be allowed to read any books without the reading list.,3,0,2,2,"lex=0(rare_avg=5.08: allowed(5.03), reading(5.14)) | grammar=modal(may); passive(be allowed to read) | dictation=long(13); dense(6)"
762,#762 RS,I would like tomato and cheese sandwiches on white bread and orange juice.,2,1,1,2,"lex=1(rare_avg=3.81: sandwiches(3.77), tomato(3.85)) | grammar=modal(would) | dictation=long(13); dense(8)"
763,#763 RS,Students can download the materials from the website.,1,0,0,0,"lex=0(rare_avg=4.73: download(4.68), materials(4.78))"
764,#764 RS,I used to have coffee with milk and one sugar.,1,0,0,0,"lex=0(rare_avg=4.67: milk(4.66), sugar(4.68))"
765,#765 RS,The aesthetic implications of this study have not yet been fully explored.,3,0,2,1,"lex=0(rare_avg=3.96: explored(3.90), aesthetic(4.02)) | grammar=passive(been fully explored); perfect(have not yet been) | dictation=long(12)"
766,#766 RS,The author expressed an idea that modern readers inevitably cannot accept.,2,0,0,2,"lex=0(rare_avg=4.16: inevitably(3.90), readers(4.41)) | dictation=long(11); dense(8)"
767,#767 RS,Organizational failure is considered from various perspectives in academic literature.,2,1,1,1,"lex=1(rare_avg=3.86: organizational(3.83), perspectives(3.89)) | grammar=passive(is considered) | dictation=dense(7)"
768,#768 RS,Organic food is grown without applying chemicals and the process is without artificial additives.,2,1,1,2,"lex=1(rare_avg=3.71: additives(3.25), chemicals(4.17)) | grammar=passive(is grown) | dictation=long(14); dense(10)"
769,#769 RS,The college welcomes students from all over the world.,1,0,0,0,"lex=0(rare_avg=4.40: welcomes(3.55), students(5.25))"
770,#770 RS,The contest includes both the land history and the human history.,2,0,0,2,"lex=0(rare_avg=4.75: contest(4.53), includes(4.96)) | dictation=long(11); dense(6)"
771,#771 RS,The country suffered a series of invasions by tribes from present-day Germany and Denmark.,2,1,0,2,"lex=1(rare_avg=3.61: invasions(3.19), tribes(4.03)) | dictation=long(14); dense(7)"
772,#772 RS,The course registration is open in early March for new students.,2,0,0,2,"lex=0(rare_avg=4.79: registration(4.32), students(5.25)) | dictation=long(11); dense(6)"
773,#773 RS,The current statistical evidence indicates the need for further research.,1,0,0,1,"lex=0(rare_avg=4.19: statistical(4.14), indicates(4.24)) | dictation=dense(6)"
774,#774 RS,The date of the invention of the first clock was disputed among historians.,2,1,1,2,"lex=1(rare_avg=3.79: disputed(3.76), historians(3.82)) | grammar=passive(was disputed) | dictation=long(13); dense(7)"
775,#775 RS,Number the beakers and put them away until tomorrow.,1,1,0,1,"lex=1(rare_avg=3.60: beakers(2.19), tomorrow(5.02)) | dictation=dense(6)"
776,#776 RS,The first few sentences of an essay should capture the readers' attention.,2,0,1,2,"lex=0(rare_avg=4.18: sentences(4.13), essay(4.23)) | grammar=modal(should) | dictation=long(12); dense(6)"
777,#777 RS,The information on the internet is becoming more reliable.,1,0,0,0,"lex=0(rare_avg=4.55: reliable(4.29), becoming(4.81))"
778,#778 RS,The inherent tension between these two features remains to be addressed.,2,0,1,2,"lex=0(rare_avg=4.03: inherent(3.83), tension(4.22)) | grammar=passive(be addressed) | dictation=long(11); dense(6)"
779,#779 RS,The lecture will deal with the influence of technology on music.,1,0,0,1,"lex=0(rare_avg=4.46: lecture(4.14), influence(4.78)) | dictation=long(11)"
780,#780 RS,The minimal mark for Distinction to be awarded is 75%.,1,0,1,1,"lex=0(rare_avg=4.23: minimal(4.11), awarded(4.35)) | grammar=passive(be awarded) | dictation=number"
781,#781 RS,The majority of the hardware we are using was built for a customer.,2,0,1,1,"lex=0(rare_avg=4.46: hardware(4.30), customer(4.61)) | grammar=passive(are using was built) | dictation=long(13)"
782,#782 RS,Nearly half of television outputs are given away for educational programs.,2,0,1,2,"lex=0(rare_avg=4.00: outputs(3.39), educational(4.60)) | grammar=passive(are given) | dictation=long(11); dense(8)"
783,#783 RS,You can change your courses on the website during the registration period.,1,0,0,1,"lex=0(rare_avg=4.39: registration(4.32), courses(4.46)) | dictation=long(12)"
784,#784 RS,39.5% of Californian residents do not speak English at home.,1,0,0,1,"lex=0(rare_avg=4.83: residents(4.64), speak(5.03)) | dictation=number"
785,#785 RS,The office opens on Mondays and Thursdays directly following the freshman seminar.,2,1,0,2,"lex=1(rare_avg=3.88: seminar(3.77), freshman(3.98)) | dictation=long(12); dense(6)"
786,#786 RS,The office said Dr. Smith will arrive later today.,1,0,0,0,"lex=0(rare_avg=4.89: arrive(4.38), office(5.40))"
787,#787 RS,Essays with few or no citations will be regarded as invalid.,2,1,1,1,"lex=1(rare_avg=3.67: citations(3.57), invalid(3.78)) | grammar=passive(be regarded) | dictation=long(11)"
788,#788 RS,Many undergraduate students go back home to stay with their parents after graduation.,2,0,0,2,"lex=0(rare_avg=3.96: undergraduate(3.85), graduation(4.07)) | dictation=long(13); dense(9)"
789,#789 RS,The recent study has thrown out the validity of the argument.,2,0,1,1,"lex=0(rare_avg=4.05: validity(3.70), thrown(4.40)) | grammar=perfect(has thrown) | dictation=long(11)"
790,#790 RS,The results will be available both within the main course materials and online.,2,0,0,2,"lex=0(rare_avg=4.99: materials(4.78), online(5.19)) | dictation=long(13); dense(7)"
791,#791 RS,The professor is going to discuss the conflict.,1,0,0,0,"lex=0(rare_avg=4.65: conflict(4.64), discuss(4.66))"
792,#792 RS,The visiting professor is going to give a lecture on geology.,2,0,0,2,"lex=0(rare_avg=3.95: geology(3.76), lecture(4.14)) | dictation=long(11); dense(6)"
793,#793 RS,The wheelchair lift has been upgraded this month.,3,1,2,0,"lex=1(rare_avg=3.90: wheelchair(3.86), upgraded(3.93)) | grammar=passive(been upgraded); perfect(has been upgraded)"
794,#794 RS,There are lots of people competing for places in computer courses.,2,0,0,2,"lex=0(rare_avg=4.34: competing(4.22), courses(4.46)) | dictation=long(11); dense(6)"
795,#795 RS,"To understand its entity, we need to go back to its origin.",2,0,0,2,"lex=0(rare_avg=4.33: entity(4.12), origin(4.55)) | dictation=long(12); dense(6)"
796,#796 RS,She told the faculty to be very supportive.,1,0,0,0,"lex=0(rare_avg=4.19: supportive(4.05), faculty(4.32))"
797,#797 RS,This can be seen as the starting point of my discussion today.,1,0,0,1,"lex=0(rare_avg=4.89: discussion(4.71), starting(5.07)) | dictation=long(12)"
798,#798 RS,"This year, we are planning to use a different type of assessment for this module.",2,0,0,2,"lex=0(rare_avg=4.17: module(3.89), assessment(4.46)) | dictation=long(15); dense(7)"
799,#799 RS,"To receive the reimbursement, you must keep the original receipts.",1,1,1,0,"lex=1(rare_avg=3.52: reimbursement(3.35), receipts(3.69)) | grammar=modal(must)"
800,#800 RS,"Tomorrow evening, there will be a panel discussion on sustainable development.",2,0,0,2,"lex=0(rare_avg=4.37: sustainable(4.19), panel(4.55)) | dictation=long(11); dense(6)"
801,#801 RS,We don’t teach the same way as we used to.,1,0,0,0,"lex=0(rare_avg=4.63: don(4.60), teach(4.67))"
802,#802 RS,"We like people to write a case study, describing an organization they know.",2,0,0,2,"lex=0(rare_avg=4.58: describing(4.23), organization(4.92)) | dictation=long(13); dense(8)"
803,#803 RS,The library will be closed except on holidays.,1,0,1,0,"lex=0(rare_avg=4.54: holidays(4.22), library(4.86)) | grammar=passive(be closed)"
804,#804 RS,We offer a broad range of undergraduate and postgraduate courses.,1,1,0,1,"lex=1(rare_avg=3.56: postgraduate(3.28), undergraduate(3.85)) | dictation=dense(6)"
805,#805 RS,We've decided to ask you to write four short pieces of coursework this year.,2,1,0,3,"lex=1(rare_avg=3.86: coursework(3.00), pieces(4.72)) | dictation=contraction; long(14); dense(9)"
806,#806 RS,This science fiction novel uses advanced space technologies to create the setting.,2,0,0,2,"lex=0(rare_avg=4.38: technologies(4.32), fiction(4.44)) | dictation=long(12); dense(9)"
807,#807 RS,All sources of materials must be included in your bibliography.,3,0,2,0,"lex=0(rare_avg=4.30: bibliography(3.82), materials(4.78)) | grammar=modal(must); passive(be included)"
808,#808 RS,You should include your name and identification number on the registration form.,2,0,1,2,"lex=0(rare_avg=4.25: identification(4.18), registration(4.32)) | grammar=modal(should) | dictation=long(12); dense(6)"
809,#809 RS,You will be less stressed if you are well prepared for the exam.,2,0,1,1,"lex=0(rare_avg=4.22: stressed(4.18), exam(4.26)) | grammar=passive(be less stressed) | dictation=long(13)"
810,#810 RS,There are a range of housing options near the university.,1,0,0,0,"lex=0(rare_avg=4.74: options(4.71), housing(4.77))"
811,#811 RS,Our school of arts and technology accepts applications at all points throughout the year.,2,0,0,2,"lex=0(rare_avg=4.26: accepts(3.88), applications(4.64)) | dictation=long(14); dense(8)"
812,#812 RS,Conservation is essential for the survival of future generations.,1,0,0,0,"lex=0(rare_avg=4.31: generations(4.29), conservation(4.33))"
813,#813 RS,Does the government in your country help families that need help?,2,0,0,2,"lex=0(rare_avg=5.21: families(4.94), country(5.48)) | dictation=long(11); dense(6)"
814,#814 RS,"Due to the rising demand for courses, the university should also increase their academic staff.",2,0,1,2,"lex=0(rare_avg=4.49: courses(4.46), rising(4.52)) | grammar=modal(should) | dictation=long(15); dense(8)"
815,#815 RS,Eating too much will do harm to your health.,1,0,0,0,"lex=0(rare_avg=4.66: harm(4.47), eating(4.85))"
816,#816 RS,Globalization has been a major force driving both urbanization and the growth of cities.,2,1,1,2,"lex=1(rare_avg=3.25: urbanization(3.04), globalization(3.46)) | grammar=perfect(has been) | dictation=long(14); dense(7)"
817,#817 RS,Some experts argue that watching television can be very educational while others disagree.,2,0,0,2,"lex=0(rare_avg=4.28: disagree(4.09), argue(4.46)) | dictation=long(13); dense(8)"
818,#818 RS,The bus for London will be scheduled once a week.,1,0,1,0,"lex=0(rare_avg=4.64: scheduled(4.45), bus(4.83)) | grammar=passive(be scheduled)"
819,#819 RS,There is considerably less supervision at university.,1,0,0,0,"lex=0(rare_avg=3.97: supervision(3.94), considerably(4.00))"
820,#820 RS,I will be in my office every Tuesday and Thursday.,1,0,0,0,lex=0(rare_avg=5.40: office(5.40))
821,#821 RS,I’m glad you got here safely.,1,0,0,0,"lex=0(rare_avg=4.56: safely(4.22), glad(4.90))"
822,#822 RS,This is a prestigious program for our university.,1,0,0,0,"lex=0(rare_avg=4.56: prestigious(3.86), program(5.27))"
823,#823 RS,"This small Indian state is a land of forests, valleys and snowy islands.",2,1,0,3,"lex=1(rare_avg=3.55: snowy(3.46), valleys(3.64)) | dictation=list_enum; long(13); dense(7)"
824,#824 RS,Students are competing for every place in the computer courses.,1,0,0,0,"lex=0(rare_avg=4.34: competing(4.22), courses(4.46))"
825,#825 RS,"I didn't agree with the author’s argument, but his presentation was good.",2,0,0,3,"lex=0(rare_avg=4.47: presentation(4.31), argument(4.64)) | dictation=contraction; long(12); dense(6)"
826,#826 RS,The cafeteria closes soon but the snack machine is accessible throughout the night.,2,1,0,2,"lex=1(rare_avg=3.67: cafeteria(3.44), snack(3.90)) | dictation=long(13); dense(8)"
827,#827 RS,We can meet in my office after the lecture.,1,0,0,0,"lex=0(rare_avg=4.71: lecture(4.14), meet(5.27))"
828,#828 RS,We didn't mean to ask him to do it because he cannot manage it.,2,0,0,3,"lex=0(rare_avg=4.83: manage(4.54), cannot(5.11)) | dictation=contraction; long(14); dense(6)"
829,#829 RS,You can register your card at the university student center or the library.,2,0,0,2,"lex=0(rare_avg=4.72: register(4.59), library(4.86)) | dictation=long(13); dense(6)"
830,#830 RS,There is absolutely no archaeological evidence to prove that Alexander the Great existed.,1,0,0,1,"lex=0(rare_avg=3.99: archaeological(3.68), existed(4.29)) | dictation=long(13)"
831,#831 RS,I spend my time really studying human beings.,1,0,0,1,"lex=0(rare_avg=4.30: beings(4.19), studying(4.42)) | dictation=dense(6)"
832,#832 RS,"If you wish to be a good student, you should attend every class.",3,0,2,1,"lex=0(rare_avg=4.79: attend(4.55), student(5.02)) | grammar=modal(should); passive(be a good student) | dictation=long(13)"
833,#833 RS,"A hundred years ago, Albert Einstein first published his theory of general relativity.",2,0,0,2,"lex=0(rare_avg=4.03: relativity(3.34), hundred(4.71)) | dictation=long(13); dense(8)"
834,#834 RS,Make sure the financial director knows the full details of the pay agreement.,2,0,0,2,"lex=0(rare_avg=4.89: agreement(4.88), details(4.91)) | dictation=long(13); dense(9)"
835,#835 RS,Passengers on the train should take their seats.,1,0,1,0,"lex=0(rare_avg=4.44: passengers(4.34), seats(4.53)) | grammar=modal(should)"
836,#836 RS,Physics is a detailed study of matter and energy.,1,0,1,0,"lex=0(rare_avg=4.45: physics(4.39), detailed(4.51)) | grammar=passive(is a detailed)"
837,#837 RS,There is limited funding in this department to support qualified students.,2,0,1,2,"lex=0(rare_avg=4.54: qualified(4.46), funding(4.63)) | grammar=passive(is limited) | dictation=long(11); dense(6)"
838,#838 RS,"By clicking this button, you agree with the terms and conditions of this website.",2,0,0,2,"lex=0(rare_avg=4.23: clicking(3.91), button(4.56)) | dictation=long(14); dense(6)"
839,#839 RS,Student loans are now available for international students.,1,0,0,0,"lex=0(rare_avg=4.76: loans(4.51), student(5.02))"
840,#840 RS,Spiritualism is defined as a system of belief or religious practice.,2,1,1,2,"lex=1(rare_avg=3.52: spiritualism(2.58), belief(4.46)) | grammar=passive(is defined) | dictation=long(11); dense(6)"
841,#841 RS,Companies need to satisfy customers’ needs if they want to be successful.,2,0,0,2,"lex=0(rare_avg=4.38: satisfy(3.98), customers(4.78)) | dictation=long(12); dense(7)"
842,#842 RS,Expertise in particular areas distinguishes you from other graduates in a job interview.,2,1,0,2,"lex=1(rare_avg=3.59: distinguishes(3.16), graduates(4.02)) | dictation=long(13); dense(7)"
843,#843 RS,Newspapers across the world are reporting stories of presidents.,1,0,0,1,"lex=0(rare_avg=4.17: presidents(4.08), newspapers(4.25)) | dictation=dense(6)"
844,#844 RS,The old building in the university is still being used.,1,0,0,0,"lex=0(rare_avg=5.34: building(5.29), university(5.39))"
845,#845 RS,We need to make sure the school principal knows about the changes.,2,0,0,2,"lex=0(rare_avg=4.79: principal(4.52), knows(5.07)) | dictation=long(12); dense(7)"
846,#846 RS,I am glad that Professor Gordon just joined our faculty.,1,0,0,0,"lex=0(rare_avg=4.53: faculty(4.32), joined(4.73))"
847,#847 RS,Genetic and biochemical analyses have generated a detailed portfolio of mechanisms.,2,1,1,2,"lex=1(rare_avg=3.50: biochemical(3.21), analyses(3.79)) | grammar=perfect(have generated a detailed) | dictation=long(11); dense(7)"
848,#848 RS,We want to attract the very best students regardless of their financial circumstances.,2,0,0,2,"lex=0(rare_avg=4.34: attract(4.20), regardless(4.48)) | dictation=long(13); dense(7)"
849,#849 RS,History is not a simple collection of dates and events.,1,0,0,0,"lex=0(rare_avg=4.75: dates(4.54), collection(4.96))"
850,#850 RS,The genetic biology technology lab is located at the North Wing of the library.,2,0,1,2,"lex=0(rare_avg=4.28: biology(4.22), genetic(4.34)) | grammar=passive(is located) | dictation=long(14); dense(6)"
851,#851 RS,Students' identification cards will be issued today and tomorrow.,1,0,1,1,"lex=0(rare_avg=4.46: identification(4.18), issued(4.73)) | grammar=passive(be issued) | dictation=dense(6)"
852,#852 RS,The concepts in this thesis were not new.,1,0,0,0,"lex=0(rare_avg=4.15: thesis(4.05), concepts(4.26))"
853,#853 RS,The older equipment has been put at the back of the building.,2,0,1,1,"lex=0(rare_avg=4.90: equipment(4.88), older(4.92)) | grammar=perfect(has been) | dictation=long(12)"
854,#854 RS,The Arts Magazine is looking for a new Assistant Editor.,1,0,0,0,"lex=0(rare_avg=5.91: looking(5.57), new(6.25))"
855,#855 RS,The weather has been lovely since this time of the year.,2,0,1,1,"lex=0(rare_avg=4.80: lovely(4.74), weather(4.87)) | grammar=perfect(has been) | dictation=long(11)"
856,#856 RS,"By attending meetings, you can ask questions and meet new people.",2,0,0,2,"lex=0(rare_avg=4.39: attending(4.31), meetings(4.48)) | dictation=long(11); dense(7)"
857,#857 RS,Students will complete the project by September.,1,0,0,0,"lex=0(rare_avg=5.16: complete(5.10), project(5.22))"
858,#858 RS,Modern poetry often tests the conventions of language and rhythm.,1,0,0,1,"lex=0(rare_avg=3.92: conventions(3.78), rhythm(4.05)) | dictation=dense(7)"
859,#859 RS,Care needs to be taken for vulnerable groups during the periods of turmoil.,2,1,1,2,"lex=1(rare_avg=3.87: turmoil(3.52), vulnerable(4.21)) | grammar=passive(be taken) | dictation=long(13); dense(7)"
860,#860 RS,The first assignment is due on the fourteenth of September.,1,1,0,0,"lex=1(rare_avg=3.76: fourteenth(3.35), assignment(4.18))"
861,#861 RS,This can be used as a starting point for my discussion today.,1,0,0,1,"lex=0(rare_avg=4.89: discussion(4.71), starting(5.07)) | dictation=long(12)"
862,#862 RS,She is an expert on eighteenth-century French literature.,1,0,0,0,"lex=0(rare_avg=4.02: eighteenth(3.48), expert(4.56))"
863,#863 RS,You need to read the chapter before the management class.,1,0,0,0,"lex=0(rare_avg=4.89: chapter(4.65), management(5.13))"
864,#864 RS,Students should book a library tour in the first week of the first semester.,2,0,1,2,"lex=0(rare_avg=4.45: semester(4.03), library(4.86)) | grammar=modal(should) | dictation=long(14); dense(8)"
865,#865 RS,The capacity of programming computers is expanding enormously every year.,1,1,0,1,"lex=1(rare_avg=3.78: enormously(3.39), expanding(4.17)) | dictation=dense(6)"
866,#866 RS,It is interesting to observe the development of language skills of toddlers.,2,1,0,2,"lex=1(rare_avg=3.72: toddlers(3.38), observe(4.06)) | dictation=long(12); dense(6)"
867,#867 RS,The sports team members often practice on weekdays and play games on weekends.,2,1,0,2,"lex=1(rare_avg=3.65: weekdays(3.25), weekends(4.05)) | dictation=long(13); dense(9)"
868,#868 RS,The timetable will be posted on the website before the class starts.,2,0,1,1,"lex=0(rare_avg=4.13: timetable(3.44), starts(4.83)) | grammar=passive(be posted) | dictation=long(12)"
869,#869 RS,"If you give me your phone number, I can text you the address.",1,0,0,1,"lex=0(rare_avg=4.96: address(4.91), text(5.01)) | dictation=long(13)"
870,#870 RS,It is within the framework that we're making our survey.,1,0,0,1,"lex=0(rare_avg=4.49: framework(4.29), survey(4.69)) | dictation=contraction"
871,#871 RS,"There will be an open book exam on Monday, the twenty-eighth.",1,0,0,1,"lex=0(rare_avg=4.23: eighth(4.20), exam(4.26)) | dictation=long(11)"
872,#872 RS,Please make sure all workers follow the department guidelines.,1,0,0,1,"lex=0(rare_avg=4.60: guidelines(4.25), workers(4.95)) | dictation=dense(7)"
873,#873 RS,Environmental friendliness is a new category in which campuses are competing.,3,1,2,2,"lex=1(rare_avg=3.25: friendliness(2.93), campuses(3.57)) | grammar=phrase(in which); relative(which) | dictation=long(11); dense(6)"
874,#874 RS,She feared becoming an object of ridicule.,1,1,0,0,"lex=1(rare_avg=3.64: ridicule(3.34), feared(3.94))"
875,#875 RS,We are constantly looking for ways to bring industry and agriculture closer together.,2,0,0,2,"lex=0(rare_avg=4.45: agriculture(4.37), constantly(4.53)) | dictation=long(13); dense(8)"
876,#876 RS,You can get the books for this course in the library.,1,0,0,1,"lex=0(rare_avg=5.01: library(4.86), books(5.15)) | dictation=long(11)"
877,#877 RS,Higher fees make students think more critically about what universities can offer.,2,0,0,2,"lex=0(rare_avg=4.12: critically(3.88), universities(4.36)) | dictation=long(12); dense(8)"
878,#878 RS,The cafe will close soon but you can use the snack machine which is running overnight.,2,0,1,2,"lex=0(rare_avg=4.00: snack(3.90), cafe(4.09)) | grammar=relative(which) | dictation=long(16); dense(8)"
879,#879 RS,"Diagnosis is not a single event, but an evolving process.",1,0,0,0,"lex=0(rare_avg=3.99: evolving(3.77), diagnosis(4.20))"
880,#880 RS,Diagnosis is not a discrete or limited process.,1,1,0,0,"lex=1(rare_avg=3.88: discrete(3.56), diagnosis(4.20))"
881,#881 RS,The university will introduce several new courses in the coming year.,2,0,0,2,"lex=0(rare_avg=4.42: introduce(4.37), courses(4.46)) | dictation=long(11); dense(7)"
882,#882 RS,The search for universal explanations plays an important role in the development of archaeological theory.,2,1,0,2,"lex=1(rare_avg=3.72: archaeological(3.68), explanations(3.76)) | dictation=long(15); dense(9)"
883,#883 RS,Don’t hesitate to email me if you have any questions.,1,0,0,0,"lex=0(rare_avg=4.20: hesitate(3.79), don(4.60))"
884,#884 RS,The most modern agricultural equipment is now extremely expensive.,1,0,0,0,"lex=0(rare_avg=4.52: agricultural(4.34), expensive(4.69))"
885,#885 RS,The theoretical proposal was challenging to grasp.,1,0,0,0,"lex=0(rare_avg=3.99: grasp(3.97), theoretical(4.01))"
886,#886 RS,Would you please put the materials on the table?,1,0,1,0,"lex=0(rare_avg=4.92: materials(4.78), table(5.05)) | grammar=modal(would)"
887,#887 RS,Essays with few or no citations will raise the concern of the lecturers.,2,1,0,1,"lex=1(rare_avg=3.35: lecturers(3.14), citations(3.57)) | dictation=long(13)"
888,#888 RS,The generic biology technology lab is located in the North Wing of the library.,2,0,1,2,"lex=0(rare_avg=4.17: generic(4.11), biology(4.22)) | grammar=passive(is located) | dictation=long(14); dense(6)"
889,#889 RS,The lecture was meant to start at ten.,1,0,1,0,"lex=0(rare_avg=4.54: lecture(4.14), meant(4.94)) | grammar=passive(was meant)"
890,#890 RS,The new English class will start next Monday morning.,1,0,0,0,"lex=0(rare_avg=5.35: morning(5.33), class(5.36))"
891,#891 RS,Animals grow larger and stronger to help them hunt better.,1,0,0,1,"lex=0(rare_avg=4.52: hunt(4.49), stronger(4.55)) | dictation=dense(7)"
892,#892 RS,"As student union members, we can influence changes at the university.",2,0,0,2,"lex=0(rare_avg=4.90: influence(4.78), student(5.02)) | dictation=long(11); dense(6)"
893,#893 RS,It is good for the environment and also good for your bill.,1,0,0,1,"lex=0(rare_avg=5.01: environment(4.87), bill(5.15)) | dictation=long(12)"
894,#894 RS,We need to read the first five chapters to prepare for next week's tutorial.,2,0,0,3,"lex=0(rare_avg=3.92: tutorial(3.80), week's(4.05)) | dictation=contraction; long(14); dense(9)"
895,#895 RS,"Companies aim to earn money, not to change society.",1,0,0,1,"lex=0(rare_avg=4.50: earn(4.48), aim(4.51)) | dictation=dense(6)"
896,#896 RS,We will study the following two pictures in the next lecture.,2,0,0,2,"lex=0(rare_avg=4.53: lecture(4.14), pictures(4.92)) | dictation=long(11); dense(6)"
897,#897 RS,We will see if we can get through this without too many interruptions.,1,0,0,1,"lex=0(rare_avg=4.41: interruptions(3.12), without(5.69)) | dictation=long(13)"
898,#898 RS,The key to success in the exam is to study hard and do well.,2,0,0,2,"lex=0(rare_avg=4.66: exam(4.26), success(5.06)) | dictation=long(14); dense(6)"
899,#899 RS,Many of the universities' original buildings are still in use.,1,0,0,0,"lex=0(rare_avg=4.53: universities'(4.36), buildings(4.69))"
900,#900 RS,"Since the problems we face are global, we need to find global solutions.",2,0,0,2,"lex=0(rare_avg=4.72: solutions(4.50), global(4.95)) | dictation=long(13); dense(8)"
901,#901 RS,Arteries carry oxygenated blood from the heart to other parts of the body.,2,1,0,2,"lex=1(rare_avg=3.00: oxygenated(2.55), arteries(3.46)) | dictation=long(13); dense(7)"
902,#902 RS,"I would like the assignment to be less than 2,000 words.",2,0,1,2,"lex=0(rare_avg=4.71: assignment(4.18), words(5.25)) | grammar=modal(would) | dictation=number; long(11)"
903,#903 RS,"In 1830, periodicals appeared in large numbers in America.",1,0,0,1,"lex=0(rare_avg=4.00: periodicals(3.18), appeared(4.83)) | dictation=number"
904,#904 RS,Fishing is both a sport and a means of survival.,1,0,0,0,"lex=0(rare_avg=4.42: survival(4.37), fishing(4.47))"
905,#905 RS,You can choose salad or soup to your meal.,1,0,0,0,"lex=0(rare_avg=4.15: salad(4.15), soup(4.15))"
906,#906 RS,"If she doesn't speak the language, she's not going to sit around and wait for a translator.",2,0,0,3,"lex=0(rare_avg=4.29: translator(3.67), sit(4.90)) | dictation=contraction; long(17); dense(9)"
907,#907 RS,I don't like cheese and tomato sandwiches on white bread and orange juice.,2,1,0,3,"lex=1(rare_avg=3.81: sandwiches(3.77), tomato(3.85)) | dictation=contraction; long(13); dense(9)"
908,#908 RS,We are so dependent on the computer that we cannot live without it.,2,0,1,1,"lex=0(rare_avg=4.62: dependent(4.28), computer(4.97)) | grammar=passive(are so dependent) | dictation=long(13)"
909,#909 RS,The university has a number of travel scholarships that students can apply for.,2,0,0,2,"lex=0(rare_avg=4.29: scholarships(3.76), apply(4.81)) | dictation=long(13); dense(6)"
910,#910 RS,Children can share their lunch at around noon.,1,0,0,0,"lex=0(rare_avg=4.38: noon(4.11), lunch(4.66))"
911,#911 RS,The internet provides unique opportunities for students to engage with current events.,2,0,0,2,"lex=0(rare_avg=4.49: engage(4.36), opportunities(4.61)) | dictation=long(12); dense(8)"
912,#912 RS,The art museum is located across the street and near the theater.,2,0,1,2,"lex=0(rare_avg=4.53: theater(4.35), museum(4.71)) | grammar=passive(is located) | dictation=long(12); dense(7)"
913,#913 RS,The timetable for next term will be available next week.,1,0,0,1,"lex=0(rare_avg=4.33: timetable(3.44), term(5.23)) | dictation=dense(6)"
914,#914 RS,The timetable for the new term will be available next week.,2,0,0,2,"lex=0(rare_avg=4.33: timetable(3.44), term(5.23)) | dictation=long(11); dense(6)"
915,#915 RS,Newspapers across the world reported stories of presidents.,1,0,0,1,"lex=0(rare_avg=4.17: presidents(4.08), newspapers(4.25)) | dictation=dense(6)"
916,#916 RS,His objection to including scientific evidence has brought a lot of criticism to him.,2,0,1,2,"lex=0(rare_avg=4.13: objection(3.77), criticism(4.49)) | grammar=perfect(has brought) | dictation=long(14); dense(7)"
917,#917 RS,Anonymous behaviors can be identified without intervention.,1,0,1,0,"lex=0(rare_avg=4.03: behaviors(3.89), anonymous(4.17)) | grammar=passive(be identified)"
918,#918 RS,The number of company bankruptcies skyrocketed in the third quarter.,2,2,0,1,"lex=2(rare_avg=2.83: bankruptcies(2.77), skyrocketed(2.88)) | dictation=dense(6)"
919,#919 RS,The university supplies a number of scholarships for those who have specific goals.,2,0,1,2,"lex=0(rare_avg=4.12: scholarships(3.76), supplies(4.48)) | grammar=relative(who) | dictation=long(13); dense(6)"
920,#920 RS,The company will arrange a taxi to meet you at the airport.,1,0,0,1,"lex=0(rare_avg=4.10: arrange(4.00), taxi(4.19)) | dictation=long(12)"
921,#921 RS,A public telephone is available in the shop.,1,0,0,0,"lex=0(rare_avg=4.64: telephone(4.41), shop(4.88))"
922,#922 RS,"Unfortunately, their immune systems were not strong enough to fight off common earthly bacteria.",2,1,0,2,"lex=1(rare_avg=3.73: earthly(3.32), immune(4.14)) | dictation=long(14); dense(9)"
923,#923 RS,It is just a feeling of having tried something new and succeeded.,2,0,0,2,"lex=0(rare_avg=4.63: succeeded(4.14), feeling(5.13)) | dictation=long(12); dense(6)"
924,#924 RS,"Many students had their money and passports stolen, especially at night.",2,0,0,2,"lex=0(rare_avg=3.96: passports(3.52), stolen(4.41)) | dictation=long(11); dense(7)"
925,#925 RS,"In the dark, before the dawn, the plane was assembled.",1,0,1,1,"lex=0(rare_avg=4.12: assembled(3.96), dawn(4.27)) | grammar=passive(was assembled) | dictation=list_enum"
926,#926 RS,You must satisfy the listed requirements to get the qualifications.,1,0,1,0,"lex=0(rare_avg=3.93: qualifications(3.88), satisfy(3.98)) | grammar=modal(must)"
927,#927 RS,"The professional training trip will start soon, so pack your items before we leave.",2,0,0,2,"lex=0(rare_avg=4.72: pack(4.66), items(4.78)) | dictation=long(14); dense(8)"
928,#928 RS,Medical books and journals have been moved to the second floor.,3,0,2,2,"lex=0(rare_avg=4.43: journals(3.92), floor(4.94)) | grammar=passive(been moved); perfect(have been moved) | dictation=long(11); dense(6)"
929,#929 RS,The negative discourse continues to be predominant in discussions about gender.,2,1,1,2,"lex=1(rare_avg=3.55: predominant(3.28), discourse(3.83)) | grammar=passive(be predominant) | dictation=long(11); dense(6)"
930,#930 RS,"In my free time, I would like to read current affairs and newspapers.",2,0,1,2,"lex=0(rare_avg=4.46: newspapers(4.25), affairs(4.67)) | grammar=modal(would) | dictation=long(13); dense(7)"
931,#931 RS,"In English, the first letters of the months of the year are always capitalized.",2,0,1,1,"lex=0(rare_avg=3.91: capitalized(3.16), letters(4.66)) | grammar=passive(are always capitalized) | dictation=long(14)"
932,#932 RS,"Most of the lectures begin promptly, so do not be late.",1,0,0,1,"lex=0(rare_avg=3.90: promptly(3.84), lectures(3.96)) | dictation=long(11)"
933,#933 RS,Our capacity to respond to national needs will determine our ability to flourish.,2,0,0,2,"lex=0(rare_avg=4.03: flourish(3.53), respond(4.53)) | dictation=long(13); dense(7)"
934,#934 RS,Students from various backgrounds can achieve a variety of qualifications.,1,1,0,1,"lex=1(rare_avg=3.83: backgrounds(3.79), qualifications(3.88)) | dictation=dense(6)"
935,#935 RS,Developments in information technology have greatly changed the way people work.,2,0,1,2,"lex=0(rare_avg=4.28: developments(4.22), greatly(4.33)) | grammar=perfect(have greatly changed) | dictation=long(11); dense(8)"
936,#936 RS,I can give you a hand if you need help.,1,0,0,0,"lex=0(rare_avg=5.56: hand(5.41), give(5.71))"
937,#937 RS,There are a variety of opportunities to get involved with undergraduate research.,2,0,0,2,"lex=0(rare_avg=4.23: undergraduate(3.85), opportunities(4.61)) | dictation=long(12); dense(6)"
938,#938 RS,"In this library, the reserve collection of books can be borrowed for up to three hours.",2,0,1,2,"lex=0(rare_avg=4.25: borrowed(3.91), reserve(4.60)) | grammar=passive(be borrowed) | dictation=long(16); dense(7)"
939,#939 RS,Is the hypothesis about black holes considered moot as an explanation in astrophysics?,2,1,0,2,"lex=1(rare_avg=3.11: astrophysics(2.99), moot(3.23)) | dictation=long(13); dense(7)"
940,#940 RS,It is clear that there is little accurate documentation in support of this claim.,2,0,0,2,"lex=0(rare_avg=4.26: documentation(3.95), accurate(4.57)) | dictation=long(14); dense(6)"
941,#941 RS,Most printers in the library are out of ink.,1,1,0,0,"lex=1(rare_avg=3.85: printers(3.62), ink(4.07))"
942,#942 RS,Much of the evidence used has only recently become available.,1,0,0,1,"lex=0(rare_avg=5.08: recently(5.02), evidence(5.14)) | dictation=dense(6)"
943,#943 RS,The bookstore is located on the main campus behind the library.,2,0,1,2,"lex=0(rare_avg=3.96: bookstore(3.42), campus(4.51)) | grammar=passive(is located) | dictation=long(11); dense(6)"
944,#944 RS,The lecture theater one is located on the ground floor of the Pack Building.,2,0,1,2,"lex=0(rare_avg=4.24: lecture(4.14), theater(4.35)) | grammar=passive(is located) | dictation=long(14); dense(6)"
945,#945 RS,The United States has developed a coffee culture in recent years.,2,0,1,1,"lex=0(rare_avg=4.91: coffee(4.86), developed(4.95)) | grammar=perfect(has developed) | dictation=long(11)"
946,#946 RS,The university supplies a number of scholarships for qualified students.,1,0,0,1,"lex=0(rare_avg=4.11: scholarships(3.76), qualified(4.46)) | dictation=dense(6)"
947,#947 RS,The professor predicts that biotechnology is the future of traditional biology.,2,1,0,2,"lex=1(rare_avg=3.42: biotechnology(3.42), predicts(3.43)) | dictation=long(11); dense(6)"
948,#948 RS,We are required to submit the assignment before Friday.,1,0,1,0,"lex=0(rare_avg=4.23: assignment(4.18), submit(4.28)) | grammar=passive(are required)"
949,#949 RS,You are required to submit the assignment before Friday.,1,0,1,0,"lex=0(rare_avg=4.23: assignment(4.18), submit(4.28)) | grammar=passive(are required)"
950,#950 RS,You can only choose one subject from biology and chemistry.,1,0,0,0,"lex=0(rare_avg=4.29: biology(4.22), chemistry(4.35))"
951,#951 RS,You can pay by cash or using a credit card.,1,0,0,0,"lex=0(rare_avg=4.96: cash(4.92), credit(5.00))"
952,#952 RS,"You come with me, and the others just stay here.",1,0,0,0,"lex=0(rare_avg=5.38: stay(5.33), others(5.42))"
953,#953 RS,You must ensure you do not include too much irrelevant information.,2,0,1,1,"lex=0(rare_avg=4.34: irrelevant(3.98), ensure(4.70)) | grammar=modal(must) | dictation=long(11)"
954,#954 RS,You should go to the reception to get your student card.,2,0,1,1,"lex=0(rare_avg=4.62: reception(4.23), student(5.02)) | grammar=modal(should) | dictation=long(11)"
955,#955 RS,"Your tutor is there to help, so do ask if you don't understand anything.",2,0,0,3,"lex=0(rare_avg=4.50: tutor(3.67), ask(5.34)) | dictation=contraction; long(14); dense(6)"
956,#956 RS,Scholarship applications must be handed in at the end of the month.,3,0,2,1,"lex=0(rare_avg=4.29: scholarship(4.15), handed(4.42)) | grammar=modal(must); passive(be handed) | dictation=long(12)"
957,#957 RS,My laptop has crashed and cannot save any file.,1,0,1,0,"lex=0(rare_avg=4.13: crashed(4.04), laptop(4.23)) | grammar=perfect(has crashed)"
958,#958 RS,The translator is not available in our department.,1,0,0,0,"lex=0(rare_avg=4.45: translator(3.67), department(5.23))"
959,#959 RS,Every living thing begins as a single cell.,1,0,0,0,"lex=0(rare_avg=4.75: begins(4.62), cell(4.87))"
960,#960 RS,Contemporary critics dismissed his idea as eccentric.,1,1,0,0,"lex=1(rare_avg=3.89: eccentric(3.58), dismissed(4.20))"
961,#961 RS,A thorough bibliography is needed at the end of every assignment.,2,1,1,1,"lex=1(rare_avg=3.90: bibliography(3.82), thorough(3.97)) | grammar=passive(is needed) | dictation=long(11)"
962,#962 RS,Dr. Smith's lecture will be held at the art center.,1,0,1,1,"lex=0(rare_avg=4.67: lecture(4.14), center(5.19)) | grammar=passive(be held) | dictation=contraction"
963,#963 RS,I'm glad you arrived here safely.,1,0,0,1,"lex=0(rare_avg=4.50: safely(4.22), arrived(4.79)) | dictation=contraction"
964,#964 RS,This is how we deliver health care to millions of people around the world.,2,0,0,2,"lex=0(rare_avg=4.59: deliver(4.55), millions(4.64)) | dictation=long(14); dense(7)"
965,#965 RS,Robert Frost thinks the rural area is livable for people in New England.,2,1,0,2,"lex=1(rare_avg=3.69: livable(2.80), rural(4.59)) | dictation=long(13); dense(6)"
966,#966 RS,The geography assignment should be submitted by midday on Friday.,3,1,2,0,"lex=1(rare_avg=3.67: midday(3.37), geography(3.98)) | grammar=modal(should); passive(be submitted)"
967,#967 RS,All internship applications are available in the office.,1,0,0,0,"lex=0(rare_avg=4.12: internship(3.61), applications(4.64))"
968,#968 RS,"Ideally, free trade is mutually beneficial for both trading partners.",1,1,0,1,"lex=1(rare_avg=3.71: mutually(3.68), ideally(3.75)) | dictation=dense(7)"
969,#969 RS,The technician left the new microscope in the biology lab.,1,1,0,1,"lex=1(rare_avg=3.60: microscope(3.50), technician(3.70)) | dictation=dense(6)"
970,#970 RS,We're constantly looking for ways to bring industry and agriculture closer together.,2,0,0,3,"lex=0(rare_avg=4.45: agriculture(4.37), constantly(4.53)) | dictation=contraction; long(12); dense(9)"
971,#971 RS,What is the most effective way of interaction between teachers and students in class?,2,0,0,2,"lex=0(rare_avg=4.52: interaction(4.29), teachers(4.74)) | dictation=long(14); dense(6)"
972,#972 RS,You should arrive at the bus stop a few minutes early.,2,0,1,1,"lex=0(rare_avg=4.61: arrive(4.38), bus(4.83)) | grammar=modal(should) | dictation=long(11)"
973,#973 RS,Companies' projects must comply with the General Data Protection Regulation.,1,0,1,0,"lex=0(rare_avg=4.42: comply(4.04), projects(4.81)) | grammar=modal(must)"
974,#974 RS,Being a vegan means not consuming any animal products.,1,0,0,0,"lex=0(rare_avg=3.92: consuming(3.89), vegan(3.95))"
975,#975 RS,Students can download the lecture handouts from the course website.,1,1,0,1,"lex=1(rare_avg=3.63: handouts(3.12), lecture(4.14)) | dictation=dense(6)"
976,#976 RS,Students will need to be in the lecture this Thursday.,1,0,0,0,"lex=0(rare_avg=4.70: lecture(4.14), students(5.25))"
977,#977 RS,"When the demand for the course rose, university authorities took on additional academic staff.",2,0,0,2,"lex=0(rare_avg=4.60: academic(4.57), authorities(4.63)) | dictation=long(14); dense(9)"
978,#978 RS,Please read the first five chapters to prepare for next week's tutorial.,2,0,0,3,"lex=0(rare_avg=3.92: tutorial(3.80), week's(4.05)) | dictation=contraction; long(12); dense(9)"
979,#979 RS,He was regarded as the foremost economist at that time.,1,1,1,0,"lex=1(rare_avg=3.83: foremost(3.78), economist(3.87)) | grammar=passive(was regarded)"
980,#980 RS,"If you want to receive the reimbursement, you must submit the original receipts.",2,1,1,2,"lex=1(rare_avg=3.52: reimbursement(3.35), receipts(3.69)) | grammar=modal(must) | dictation=long(13); dense(6)"
981,#981 RS,Humans have the ability to mentally process over 700 words per minute.,2,0,0,3,"lex=0(rare_avg=4.41: mentally(4.20), humans(4.61)) | dictation=number; long(12); dense(7)"
982,#982 RS,Companies are offering us all kinds of internet-connected devices.,1,0,0,1,"lex=0(rare_avg=4.55: kinds(4.51), devices(4.59)) | dictation=dense(6)"
983,#983 RS,"Did you know that to become more fluent, you need lots of practice?",2,0,0,2,"lex=0(rare_avg=4.20: fluent(3.52), lots(4.88)) | dictation=long(13); dense(6)"
984,#984 RS,Some young people seem to be addicted to their cell phones.,2,0,1,2,"lex=0(rare_avg=4.13: addicted(3.82), phones(4.45)) | grammar=passive(be addicted) | dictation=long(11); dense(6)"
985,#985 RS,I think of those leaders who inspire us to go beyond the call of duty.,2,0,1,2,"lex=0(rare_avg=4.36: inspire(4.00), duty(4.71)) | grammar=relative(who) | dictation=long(15); dense(7)"
986,#986 RS,The speaker mentioned two things that affect happiness.,1,0,0,1,"lex=0(rare_avg=4.46: happiness(4.44), speaker(4.49)) | dictation=dense(6)"
987,#987 RS,You need to prepare your boarding pass and passport in front of the gate.,2,0,0,2,"lex=0(rare_avg=4.00: boarding(3.96), passport(4.05)) | dictation=long(14); dense(7)"
988,#988 RS,How can we inspire people and ourselves to be self-motivated?,1,0,0,0,"lex=0(rare_avg=4.07: inspire(4.00), motivated(4.14))"
989,#989 RS,For human beings breathing is a symbol of life.,1,0,0,0,"lex=0(rare_avg=4.24: beings(4.19), breathing(4.28))"
990,#990 RS,The student must attend the safety courses and wear protective goggles before entering the laboratory.,2,1,1,2,"lex=1(rare_avg=3.74: goggles(3.35), protective(4.13)) | grammar=modal(must) | dictation=long(15); dense(9)"
991,#991 RS,People tend to be least happy in middle age.,1,0,0,1,"lex=0(rare_avg=4.88: tend(4.57), middle(5.18)) | dictation=dense(6)"
992,#992 RS,We need to approach communication in an open way.,1,0,0,0,"lex=0(rare_avg=4.80: communication(4.68), approach(4.93))"
993,#993 RS,"When we are stressed, our skin releases a natural chemical, a hormone, that repels mosquitoes.",3,2,1,3,"lex=2(rare_avg=2.94: repels(2.44), mosquitoes(3.43)) | grammar=passive(are stressed) | dictation=list_enum; long(15); dense(8)"
995,#995 RS,My siblings and I were waiting for my mother to come back from the hospital.,2,0,0,2,"lex=0(rare_avg=4.55: siblings(4.05), waiting(5.06)) | dictation=long(15); dense(6)"
996,#996 RS,I think we can all agree that being fluent in two languages is a good thing.,2,0,1,2,"lex=0(rare_avg=3.97: fluent(3.52), languages(4.42)) | grammar=passive(being fluent) | dictation=long(16); dense(7)"
997,#997 RS,The burning of fossil fuels leads to pollution and global warming.,2,0,0,2,"lex=0(rare_avg=3.91: fuels(3.82), fossil(3.99)) | dictation=long(11); dense(7)"
998,#998 RS,Proficiency in a foreign language may be demonstrated by assessment.,3,1,2,0,"lex=1(rare_avg=3.83: proficiency(3.43), demonstrated(4.22)) | grammar=modal(may); passive(be demonstrated by assessment)"
999,#999 RS,"The library offers group study rooms, so you can work with other students.",2,0,0,2,"lex=0(rare_avg=4.65: rooms(4.56), offers(4.74)) | dictation=long(13); dense(7)"
1000,#1000 RS,Our tutorial will take place on the second floor in room one.,2,0,0,2,"lex=0(rare_avg=4.37: tutorial(3.80), floor(4.94)) | dictation=long(12); dense(7)"
1001,#1001 RS,The book is informative but it could be accused of political bias.,3,1,2,1,"lex=1(rare_avg=3.89: informative(3.61), bias(4.18)) | grammar=modal(could); passive(be accused) | dictation=long(12)"
1002,#1002 RS,It is necessary to solve the equation to determine the unknown variable.,2,0,0,2,"lex=0(rare_avg=4.07: equation(4.02), variable(4.12)) | dictation=long(12); dense(6)"
1003,#1003 RS,Financial support can be offered to help pay your fees and other costs.,2,0,1,2,"lex=0(rare_avg=4.70: fees(4.53), offered(4.86)) | grammar=passive(be offered) | dictation=long(13); dense(7)"
1004,#1004 RS,The books are filled with drawings of machines invented when he was a student.,2,0,1,2,"lex=0(rare_avg=4.11: drawings(4.04), invented(4.17)) | grammar=passive(are filled) | dictation=long(14); dense(6)"
1005,#1005 RS,Read the fitness center instructions before attempting to use the equipment.,2,0,0,2,"lex=0(rare_avg=4.32: attempting(4.27), instructions(4.37)) | dictation=long(11); dense(7)"
1006,#1006 RS,I look forward to meeting you and to helping you realize your goals.,2,0,0,2,"lex=0(rare_avg=4.80: helping(4.78), realize(4.83)) | dictation=long(13); dense(6)"
1007,#1007 RS,There won't be any space for me in the car.,1,0,0,1,"lex=0(rare_avg=5.29: space(5.23), won't(5.34)) | dictation=contraction"
1008,#1008 RS,Her father prevented me from talking to her.,1,0,0,0,"lex=0(rare_avg=4.67: prevented(4.09), father(5.26))"
1010,#1010 RS,The history of economics is a tricky subject to study.,1,0,0,0,"lex=0(rare_avg=4.19: tricky(3.96), economics(4.42))"
1011,#1011 RS,Those students have to retake the module if their marks are too low.,2,1,0,1,"lex=1(rare_avg=3.58: retake(3.28), module(3.89)) | dictation=long(13)"
1012,#1012 RS,There is a new pharmacy on the north side of the university campus.,2,0,0,2,"lex=0(rare_avg=4.19: pharmacy(3.87), campus(4.51)) | dictation=long(13); dense(6)"
1013,#1013 RS,You need to use a Bunsen burner and a test tube.,1,0,0,1,"lex=0(rare_avg=3.95: burner(3.54), tube(4.36)) | dictation=long(11)"
1014,#1014 RS,Professor Gordon just called me a few minutes ago.,1,0,0,0,"lex=0(rare_avg=5.11: professor(4.90), minutes(5.31))"
1016,#1016 RS,The context is basically the background of the framework surrounding the act of communication.,2,0,0,2,"lex=0(rare_avg=4.39: framework(4.29), surrounding(4.49)) | dictation=long(14); dense(7)"
1017,#1017 RS,"By changing the body positions, we can actually express our thoughts and feelings.",2,0,0,2,"lex=0(rare_avg=4.65: positions(4.63), express(4.68)) | dictation=long(13); dense(7)"
1018,#1018 RS,He has led the party for over twenty years.,1,0,1,0,"lex=0(rare_avg=4.88: twenty(4.65), led(5.11)) | grammar=perfect(has led)"
1019,#1019 RS,I will have a meeting on Thursday.,1,0,0,0,lex=0(rare_avg=5.15: meeting(5.15))
1020,#1020 RS,"To get a further extension, you need to call the education executive on 401.",2,0,0,3,"lex=0(rare_avg=4.67: extension(4.46), executive(4.87)) | dictation=number; long(14); dense(6)"
1021,#1021 RS,"The course comprises twenty hours of lectures, seminars and tutorials each week.",2,1,0,3,"lex=1(rare_avg=3.48: tutorials(3.46), seminars(3.50)) | dictation=list_enum; long(12); dense(8)"
1022,#1022 RS,"If you need help, I can give you a hand in finding a flat.",2,0,0,2,"lex=0(rare_avg=4.79: flat(4.72), finding(4.85)) | dictation=long(14); dense(6)"
1023,#1023 RS,All course materials will be posted online.,1,0,1,0,"lex=0(rare_avg=4.88: materials(4.78), posted(4.97)) | grammar=passive(be posted)"
1024,#1024 RS,Please be careful when using online translation programs.,1,0,0,1,"lex=0(rare_avg=4.49: translation(4.39), careful(4.59)) | dictation=dense(6)"
1025,#1025 RS,Biology is the backbone of many specialized courses in the university.,2,1,0,2,"lex=1(rare_avg=3.80: backbone(3.53), specialized(4.07)) | dictation=long(11); dense(6)"
1026,#1026 RS,The best time to visit Canada is during fall months.,1,0,0,0,"lex=0(rare_avg=5.08: visit(5.04), fall(5.13))"
1027,#1027 RS,"During the nineteenth century, immigrants and urban political machines played a significant role in voting.",2,0,0,3,"lex=0(rare_avg=4.06: nineteenth(3.76), immigrants(4.37)) | dictation=list_enum; long(15); dense(10)"
1028,#1028 RS,Gravity is extraordinarily weak and nearly impossible to study directly at a quantum level.,2,1,0,2,"lex=1(rare_avg=3.75: extraordinarily(3.42), quantum(4.07)) | dictation=long(14); dense(9)"
1029,#1029 RS,Globalization problems require global solutions.,1,0,0,0,"lex=0(rare_avg=3.98: globalization(3.46), solutions(4.50))"
1030,#1030 RS,Please be careful when using internet sources.,1,0,0,0,"lex=0(rare_avg=4.71: careful(4.59), sources(4.84))"
1031,#1031 RS,"During an official ceremony, a memorandum of understanding was signed by the academic dean.",2,0,1,2,"lex=0(rare_avg=3.94: memorandum(3.47), dean(4.40)) | grammar=passive(was signed) | dictation=long(14); dense(7)"
1033,#1033 RS,Wearing a mask is one of the best ways to curb the pandemic.,2,1,0,2,"lex=1(rare_avg=3.74: pandemic(3.68), curb(3.79)) | dictation=long(13); dense(7)"
1034,#1034 RS,The library downtown will be closed.,1,0,1,0,"lex=0(rare_avg=4.63: downtown(4.40), library(4.86)) | grammar=passive(be closed)"
1035,#1035 RS,"Journalism is the collection, publication, and transmission of news.",1,0,0,1,"lex=0(rare_avg=4.22: journalism(4.12), transmission(4.33)) | dictation=list_enum"
1036,#1036 RS,"To be precise, your assignments need an abstract at the beginning.",1,0,0,1,"lex=0(rare_avg=4.00: assignments(3.88), precise(4.13)) | dictation=long(11)"
1037,#1037 RS,"If you knew how to get there in time, why didn't you tell him?",1,0,0,2,"lex=0(rare_avg=5.37: knew(5.20), tell(5.53)) | dictation=contraction; long(14)"
1038,#1038 RS,"If you want your seminar to be postponed, make sure to get permission first.",2,1,1,2,"lex=1(rare_avg=3.75: postponed(3.74), seminar(3.77)) | grammar=passive(be postponed) | dictation=long(14); dense(8)"
1039,#1039 RS,He was clearly saying that his neighbours always helped him in his difficult times.,2,0,0,2,"lex=0(rare_avg=4.38: neighbours(3.87), helped(4.88)) | dictation=long(14); dense(6)"
1040,#1040 RS,Every student has their own computer.,1,0,0,0,"lex=0(rare_avg=4.99: computer(4.97), student(5.02))"
1041,#1041 RS,You need to contact us regarding the weekly availability of the telescopes.,2,1,0,2,"lex=1(rare_avg=3.68: telescopes(3.23), availability(4.13)) | dictation=long(12); dense(6)"
1042,#1042 RS,It takes just over eight minutes for sunlight to reach our planet.,2,0,0,2,"lex=0(rare_avg=4.27: sunlight(3.86), planet(4.68)) | dictation=long(12); dense(6)"
1043,#1043 RS,The university is willing to join the joint research efforts of the local council.,2,0,0,2,"lex=0(rare_avg=4.71: joint(4.71), willing(4.72)) | dictation=long(14); dense(8)"
1044,#1044 RS,You are supposed to provide your research efforts to your project coordinator.,2,0,1,2,"lex=0(rare_avg=4.34: coordinator(3.91), efforts(4.77)) | grammar=passive(are supposed) | dictation=long(12); dense(6)"
1045,#1045 RS,Are you supposed to complete the assignment without any help from others?,2,0,1,2,"lex=0(rare_avg=4.54: assignment(4.18), supposed(4.91)) | grammar=passive(are you supposed) | dictation=long(12); dense(6)"
1046,#1046 RS,The renewable energy alternatives were the main aspect of debate during the meeting.,2,0,0,2,"lex=0(rare_avg=3.98: renewable(3.91), alternatives(4.04)) | dictation=long(13); dense(7)"
1047,#1047 RS,"If they find you suitable, they will happily apply for your visa sponsorship.",2,0,0,2,"lex=0(rare_avg=3.92: sponsorship(3.72), happily(4.11)) | dictation=long(13); dense(6)"
1048,#1048 RS,You need a valid visa letter from the department to join the workforce.,2,0,0,2,"lex=0(rare_avg=4.04: workforce(3.94), visa(4.13)) | dictation=long(13); dense(7)"
1049,#1049 RS,"If I go out, he will call and leave notes for me.",1,0,0,1,"lex=0(rare_avg=5.09: notes(4.84), leave(5.34)) | dictation=long(12)"
1050,#1050 RS,"The process is simple, just call them or ask for a representative to guide you.",2,0,0,2,"lex=0(rare_avg=4.66: representative(4.57), guide(4.75)) | dictation=long(15); dense(6)"
1051,#1051 RS,The treasure hunters were willing to take any risk to get to the location.,2,0,0,2,"lex=0(rare_avg=4.05: hunters(3.94), treasure(4.17)) | dictation=long(14); dense(7)"
1052,#1052 RS,You will probably need to find the nearest post office to access that service.,2,0,0,2,"lex=0(rare_avg=4.58: nearest(4.11), access(5.05)) | dictation=long(14); dense(8)"
1053,#1053 RS,What is the best possible way to get the work permit for this job?,2,0,0,2,"lex=0(rare_avg=4.79: permit(4.22), possible(5.36)) | dictation=long(14); dense(7)"
1054,#1054 RS,Public speaking was one of the qualities they were seeking among the candidates.,2,0,0,2,"lex=0(rare_avg=4.31: qualities(4.06), candidates(4.56)) | dictation=long(13); dense(7)"
1055,#1055 RS,"The due date is cancelled, because they found many issues in the project structure.",2,0,1,2,"lex=0(rare_avg=4.37: cancelled(3.90), structure(4.84)) | grammar=passive(is cancelled) | dictation=long(14); dense(9)"
1056,#1056 RS,"It was a groundbreaking discovery, but they had to pay a very high price for it.",1,0,0,1,"lex=0(rare_avg=3.96: groundbreaking(3.46), discovery(4.45)) | dictation=long(16)"
1057,#1057 RS,"Winter can be harsh, but it won't be an issue since there is a heater.",2,1,0,3,"lex=1(rare_avg=3.84: heater(3.55), harsh(4.14)) | dictation=contraction; long(15); dense(6)"
1058,#1058 RS,"If you have a driving license, getting a job would be easier for you.",2,0,1,1,"lex=0(rare_avg=4.64: license(4.52), easier(4.76)) | grammar=modal(would) | dictation=long(14)"
1059,#1059 RS,"I'm out, please take notes if someone calls.",1,0,0,2,"lex=0(rare_avg=4.88: notes(4.84), calls(4.91)) | dictation=contraction; dense(6)"
1060,#1060 RS,"Many people approached and were eager to help, but he didn’t want their help.",2,1,0,2,"lex=1(rare_avg=3.66: didn(3.29), eager(4.03)) | dictation=long(14); dense(8)"
1061,#1061 RS,The characteristics of the newly discovered insects match the ones we have on record.,2,0,0,2,"lex=0(rare_avg=4.15: insects(4.02), characteristics(4.28)) | dictation=long(14); dense(7)"
1062,#1062 RS,Can you help me complete this new questionnaire that the university has requested?,2,1,1,2,"lex=1(rare_avg=3.88: questionnaire(3.44), requested(4.33)) | grammar=perfect(has requested) | dictation=long(13); dense(6)"
1063,#1063 RS,An extra lecture is about to be scheduled at the end of this week to assist you with revision.,2,0,1,2,"lex=0(rare_avg=3.98: revision(3.82), lecture(4.14)) | grammar=passive(be scheduled) | dictation=long(19); dense(7)"
1064,#1064 RS,"The quality of our accommodation is high, but it is still affordable for students.",1,0,0,1,"lex=0(rare_avg=4.14: accommodation(4.06), affordable(4.22)) | dictation=long(14)"
1065,#1065 RS,"At that time, people moved from towns to villages.",1,0,0,0,"lex=0(rare_avg=4.28: villages(4.17), towns(4.39))"
1066,#1066 RS,"If you forget your password, you need to contact the student center.",2,0,0,2,"lex=0(rare_avg=4.53: password(4.06), contact(4.99)) | dictation=long(12); dense(6)"
1067,#1067 RS,The United States is the largest chocolate manufacturing country.,1,0,0,0,"lex=0(rare_avg=4.53: chocolate(4.49), manufacturing(4.56))"
1068,#1068 RS,Biographical information should be removed prior to the publication of the results.,3,0,2,2,"lex=0(rare_avg=3.92: biographical(3.38), publication(4.45)) | grammar=modal(should); passive(be removed) | dictation=long(12); dense(6)"
1069,#1069 RS,The course will be tested at the end of the semester.,2,0,1,1,"lex=0(rare_avg=4.26: semester(4.03), tested(4.48)) | grammar=passive(be tested) | dictation=long(11)"
1070,#1070 RS,I have a sandwich and milk for my breakfast.,1,0,0,0,"lex=0(rare_avg=4.37: sandwich(4.13), breakfast(4.61))"
1071,#1071 RS,Half of the marks in mathematics are allocated for correct working.,2,0,1,2,"lex=0(rare_avg=3.99: allocated(3.83), mathematics(4.15)) | grammar=passive(are allocated) | dictation=long(11); dense(6)"
1072,#1072 RS,You should include your name and identity number in the registration form.,2,0,1,2,"lex=0(rare_avg=4.49: registration(4.32), identity(4.65)) | grammar=modal(should) | dictation=long(12); dense(6)"
1073,#1073 RS,Good research provides many benefits to people.,1,0,0,1,"lex=0(rare_avg=4.82: provides(4.80), benefits(4.84)) | dictation=dense(6)"
1074,#1074 RS,"Today, I'd like to talk a little bit about the other theories that can explain the variations in climate.",2,0,0,3,"lex=0(rare_avg=4.15: variations(4.09), theories(4.22)) | dictation=contraction; long(19); dense(9)"
1075,#1075 RS,The library is located on the north side of the campus.,2,0,1,1,"lex=0(rare_avg=4.69: campus(4.51), library(4.86)) | grammar=passive(is located) | dictation=long(11)"
1076,#1076 RS,We must take great care when analyzing the data.,1,0,1,0,"lex=0(rare_avg=4.53: analyzing(3.71), data(5.34)) | grammar=modal(must)"
1077,#1077 RS,Experience would be an advantage for this managerial role.,1,0,1,0,"lex=0(rare_avg=4.17: managerial(3.56), advantage(4.78)) | grammar=modal(would)"
1078,#1078 RS,The light can be seen as waves or particles.,1,0,0,0,"lex=0(rare_avg=4.22: particles(4.08), waves(4.37))"
1079,#1079 RS,This framework could allow us to pose further research questions more systematically.,2,1,1,2,"lex=1(rare_avg=3.81: systematically(3.52), pose(4.10)) | grammar=modal(could) | dictation=long(12); dense(6)"
1080,#1080 RS,It is clear that the effects of climate change will damage the world economy.,2,0,0,2,"lex=0(rare_avg=4.79: climate(4.71), economy(4.87)) | dictation=long(14); dense(7)"
1081,#1081 RS,"Major sports on campus include rugby, soccer and tennis.",1,0,0,2,"lex=0(rare_avg=4.38: tennis(4.35), rugby(4.40)) | dictation=list_enum; dense(7)"
1082,#1082 RS,Presentation skills are important to both universities and workplaces.,1,1,1,0,"lex=1(rare_avg=3.75: workplaces(3.19), presentation(4.31)) | grammar=passive(are important)"
1083,#1083 RS,There is too much information on this topic.,1,0,0,0,"lex=0(rare_avg=4.96: topic(4.49), information(5.43))"
1084,#1084 RS,"Until you complete the form, you cannot attend.",1,0,0,0,"lex=0(rare_avg=4.82: attend(4.55), complete(5.10))"
1085,#1085 RS,Everyone should get access to art galleries no matter where they live.,3,0,2,2,"lex=0(rare_avg=4.45: galleries(3.85), access(5.05)) | grammar=modal(should); relative(where) | dictation=long(12); dense(7)"
1086,#1086 RS,Many industries have moved to the countryside where manufacturing costs are lower.,3,0,2,2,"lex=0(rare_avg=4.17: countryside(3.92), industries(4.42)) | grammar=perfect(have moved); relative(where) | dictation=long(12); dense(7)"
1087,#1087 RS,"We should focus on innovation, and if we don’t, we are bound to lose out.",2,0,1,2,"lex=0(rare_avg=4.39: innovation(4.32), bound(4.46)) | grammar=modal(should) | dictation=list_enum; long(15)"
1088,#1088 RS,Tuesday sessions will last for approximately two hours.,1,0,0,1,"lex=0(rare_avg=4.55: sessions(4.48), tuesday(4.63)) | dictation=dense(6)"
1089,#1089 RS,Please don't forget to check your email for the updates of the week.,2,0,0,3,"lex=0(rare_avg=4.49: updates(4.31), email(4.68)) | dictation=contraction; long(13); dense(7)"
1090,#1090 RS,Parking permits can be collected through the student service office.,1,0,1,1,"lex=0(rare_avg=4.21: permits(3.94), parking(4.47)) | grammar=passive(be collected) | dictation=dense(6)"
1091,#1091 RS,We have three distinctive libraries which are nationally acclaimed.,3,1,2,0,"lex=1(rare_avg=3.77: acclaimed(3.70), nationally(3.84)) | grammar=passive(are nationally acclaimed); relative(which)"
1092,#1092 RS,Students have the option to live in college residences or apartments.,2,1,0,2,"lex=1(rare_avg=3.72: residences(3.44), apartments(4.01)) | dictation=long(11); dense(6)"
1093,#1093 RS,The gap between the rich and the poor does not decrease.,1,0,0,1,"lex=0(rare_avg=4.32: decrease(4.17), gap(4.47)) | dictation=long(11)"
1094,#1094 RS,The library is open all day except Sunday.,1,0,0,0,"lex=0(rare_avg=4.94: library(4.86), except(5.02))"
1095,#1095 RS,Australia is the first AIDS-free country in the world.,1,0,0,0,"lex=0(rare_avg=5.27: australia(5.06), country(5.48))"
1096,#1096 RS,It is very important to wear masks during this pandemic.,1,1,1,0,"lex=1(rare_avg=3.78: pandemic(3.68), masks(3.88)) | grammar=passive(is very important)"
1097,#1097 RS,If you need help let me know because I am here.,2,0,0,2,"lex=0(rare_avg=5.67: let(5.60), help(5.75)) | dictation=long(11); dense(6)"
1098,#1098 RS,Car permits are available to students and staff.,1,0,0,0,"lex=0(rare_avg=4.51: permits(3.94), staff(5.08))"
1099,#1099 RS,The music went through the theater.,1,0,0,0,"lex=0(rare_avg=4.92: theater(4.35), went(5.50))"
1100,#1100 RS,You cannot leave the examination center until you complete the form.,2,0,0,2,"lex=0(rare_avg=4.68: examination(4.26), complete(5.10)) | dictation=long(11); dense(7)"
1101,#1101 RS,Cells are the basic building blocks of all animals and plants.,2,0,0,2,"lex=0(rare_avg=4.57: blocks(4.43), plants(4.71)) | dictation=long(11); dense(6)"
1102,#1102 RS,Services are rapidly growing in parts of the global economy.,1,0,0,1,"lex=0(rare_avg=4.61: rapidly(4.34), economy(4.87)) | dictation=dense(6)"
1103,#1103 RS,Exercise is important for mental and physical health.,1,0,1,0,"lex=0(rare_avg=4.75: exercise(4.68), mental(4.83)) | grammar=passive(is important)"
1104,#1104 RS,Global warming is a threat to economic growth.,1,0,0,0,"lex=0(rare_avg=4.32: warming(4.05), threat(4.60))"
1105,#1105 RS,It is quite clear that further research is required.,1,0,1,0,"lex=0(rare_avg=5.13: required(5.02), clear(5.25)) | grammar=passive(is required)"
1106,#1106 RS,I was young and inexperienced and going too fast in wet weather.,2,0,1,2,"lex=0(rare_avg=4.02: inexperienced(3.50), wet(4.54)) | grammar=passive(was young and inexperienced) | dictation=long(12); dense(6)"
1107,#1107 RS,We all know there are more important things in life than the rat race.,2,0,1,2,"lex=0(rare_avg=4.62: rat(4.17), race(5.08)) | grammar=passive(are more important) | dictation=long(14); dense(6)"
1108,#1108 RS,Read the safety instructions before using the equipment during the workshop.,2,0,0,2,"lex=0(rare_avg=4.26: workshop(4.15), instructions(4.37)) | dictation=long(11); dense(6)"
1109,#1109 RS,"The exam will start on time, please prepare yourself.",1,0,0,1,"lex=0(rare_avg=4.40: exam(4.26), prepare(4.55)) | dictation=dense(6)"
1110,#1110 RS,The brain is the central computer of our body.,1,0,0,0,"lex=0(rare_avg=4.96: brain(4.94), computer(4.97))"
1111,#1111 RS,Please remain seated after finishing your exam.,1,0,0,0,"lex=0(rare_avg=4.08: seated(3.89), exam(4.26))"
1112,#1112 RS,Your boss requires you to finish the report before Friday.,1,0,0,0,"lex=0(rare_avg=4.71: requires(4.67), boss(4.76))"
1113,#1113 RS,The university offers facilities to students and staff.,1,0,0,0,"lex=0(rare_avg=4.70: facilities(4.66), offers(4.74))"
1114,#1114 RS,The topic for discussion is usually related to the topic for a speech.,2,0,1,2,"lex=0(rare_avg=4.49: topic(4.49), topic(4.49)) | grammar=passive(is usually related) | dictation=long(13); dense(6)"
1115,#1115 RS,By using the student identification card you can borrow books from the library.,2,0,0,2,"lex=0(rare_avg=4.09: borrow(4.00), identification(4.18)) | dictation=long(13); dense(7)"
1116,#1116 RS,The teacher's difficulty is always considered when assessing student marks.,2,1,1,2,"lex=1(rare_avg=3.58: teacher's(3.42), assessing(3.74)) | grammar=passive(is always considered) | dictation=contraction; dense(6)"
1118,#1118 RS,Our young people need education and more organized activities.,1,0,0,1,"lex=0(rare_avg=4.71: organized(4.51), activities(4.91)) | dictation=dense(6)"
1119,#1119 RS,Please click the logo above to enter the site.,1,0,0,0,"lex=0(rare_avg=4.54: logo(4.28), enter(4.81))"
1120,#1120 RS,"Before attending the lecture, you must register online or by post.",2,0,1,1,"lex=0(rare_avg=4.22: lecture(4.14), attending(4.31)) | grammar=modal(must) | dictation=long(11)"
1121,#1121 RS,Students should take advantage of the online help system before approaching their lecturers.,2,1,1,2,"lex=1(rare_avg=3.66: lecturers(3.14), approaching(4.17)) | grammar=modal(should) | dictation=long(13); dense(8)"
1122,#1122 RS,The discussion is a great chance to meet new people and make friends.,2,0,0,2,"lex=0(rare_avg=4.98: discussion(4.71), chance(5.26)) | dictation=long(13); dense(8)"
1123,#1123 RS,Effective presenters make eye contact with the audience.,1,0,0,1,"lex=0(rare_avg=4.02: presenters(3.31), audience(4.73)) | dictation=dense(6)"
1124,#1124 RS,There are three separate assignments for this module.,1,1,0,0,"lex=1(rare_avg=3.88: assignments(3.88), module(3.89))"
1125,#1125 RS,The website is designed to be highly interactive.,1,0,1,0,"lex=0(rare_avg=4.47: interactive(4.06), highly(4.89)) | grammar=passive(is designed)"
1126,#1126 RS,The assignment should be submitted prior to the spring break.,3,0,2,0,"lex=0(rare_avg=4.25: assignment(4.18), submitted(4.32)) | grammar=modal(should); passive(be submitted)"
1127,#1127 RS,The geography assignments must be submitted by midday on Friday.,3,1,2,0,"lex=1(rare_avg=3.62: midday(3.37), assignments(3.88)) | grammar=modal(must); passive(be submitted)"
1128,#1128 RS,The atmosphere is composed of oxygen and nitrogen gases.,1,1,1,0,"lex=1(rare_avg=3.75: gases(3.73), nitrogen(3.76)) | grammar=passive(is composed of oxygen)"
1129,#1129 RS,Design changes need to be considered carefully to ensure improvement.,1,0,1,1,"lex=0(rare_avg=4.47: carefully(4.46), improvement(4.49)) | grammar=passive(be considered) | dictation=dense(7)"
1130,#1130 RS,"The field training will start soon, so pack everything before the deadline.",2,0,0,2,"lex=0(rare_avg=4.39: deadline(4.12), pack(4.66)) | dictation=long(12); dense(7)"
1131,#1131 RS,Lecture will be available in audio or video.,1,0,0,0,"lex=0(rare_avg=4.30: lecture(4.14), audio(4.47))"
1132,#1132 RS,There is no point in designing efficient cars if we use them more and more.,2,0,1,1,"lex=0(rare_avg=4.16: designing(3.89), efficient(4.42)) | grammar=passive(is no point) | dictation=long(15)"
1133,#1133 RS,His tone tonight was nothing short of jealousy.,1,0,0,0,"lex=0(rare_avg=4.12: jealousy(3.74), tone(4.49))"
1134,#1134 RS,Demand for access to the library workstations is very high.,1,1,0,0,"lex=1(rare_avg=3.83: workstations(2.82), demand(4.84))"
1135,#1135 RS,You can put the fruits on the chair.,1,0,0,0,"lex=0(rare_avg=4.38: fruits(4.07), chair(4.69))"
1136,#1136 RS,Our university welcomes postgraduate students from all over the world.,1,1,0,0,"lex=1(rare_avg=3.42: postgraduate(3.28), welcomes(3.55))"
1137,#1137 RS,The loser of the race buys everybody else an ice cream.,2,0,0,2,"lex=0(rare_avg=3.97: buys(3.93), loser(4.01)) | dictation=long(11); dense(7)"
1138,#1138 RS,Weather here is unpredictable.,1,0,0,0,"lex=0(rare_avg=4.28: unpredictable(3.68), weather(4.87))"
1139,#1139 RS,"The laboratory is deemed too dangerous for children, but there is one child that visits it daily.",2,0,1,2,"lex=0(rare_avg=4.25: deemed(4.19), visits(4.30)) | grammar=passive(is deemed) | dictation=long(17); dense(8)"
1140,#1140 RS,"Long before children are able to speak or understand a language, they communicate through facial expressions and by making noises.",2,1,0,2,"lex=1(rare_avg=3.83: noises(3.75), expressions(3.92)) | dictation=long(20); dense(11)"
1141,#1141 RS,"Under normal conditions, markets will allocate resources efficiently.",1,1,0,1,"lex=1(rare_avg=3.55: allocate(3.31), efficiently(3.79)) | dictation=dense(6)"
1142,#1142 RS,"He reads magazines, but he doesn't like to read books.",1,0,0,2,"lex=0(rare_avg=4.16: magazines(4.07), reads(4.25)) | dictation=contraction; dense(6)"
1143,#1143 RS,I would never feed my dog commercial dog food.,1,0,1,0,"lex=0(rare_avg=4.79: feed(4.67), commercial(4.92)) | grammar=modal(would)"
1144,#1144 RS,"After she lost her job she couldn’t afford to feed her dogs, so she gave them away.",2,1,0,2,"lex=1(rare_avg=3.66: couldn(2.74), afford(4.57)) | dictation=long(17); dense(8)"
1145,#1145 RS,The chocolate chip cookies smelled so good that I ate one without asking.,2,1,0,2,"lex=1(rare_avg=3.81: smelled(3.50), cookies(4.12)) | dictation=long(13); dense(9)"
1146,#1146 RS,My mom made a milkshake with frozen bananas and chocolate sauce.,2,1,0,2,"lex=1(rare_avg=3.37: milkshake(3.03), bananas(3.70)) | dictation=long(11); dense(7)"
1147,#1147 RS,Privacy issues surrounding mobile computers are becoming complex.,1,0,0,1,"lex=0(rare_avg=4.35: computers(4.33), privacy(4.36)) | dictation=dense(7)"
1148,#1148 RS,The plan raised a lot of money and improved the economy of the country.,2,0,0,2,"lex=0(rare_avg=4.72: improved(4.61), raised(4.84)) | dictation=long(14); dense(7)"
1149,#1149 RS,"Fungi are important in the process of decay, which returns ingredients to the soil, enhances soil fertility, and decomposes animal debris.",3,2,2,3,"lex=2(rare_avg=2.85: decomposes(2.40), enhances(3.31)) | grammar=passive(are important); relative(which) | dictation=list_enum; long(21); dense(13)"
1150,#1150 RS,"If their aspirations are not achieved, they become gloomy.",1,1,1,0,"lex=1(rare_avg=3.53: gloomy(3.39), aspirations(3.66)) | grammar=passive(are not achieved)"
1151,#1151 RS,"The causality theory states that for every effect, there is a cause.",1,0,0,1,"lex=0(rare_avg=3.90: causality(2.92), theory(4.88)) | dictation=long(12)"
1152,#1152 RS,There are many reasons why knowing several languages is a major career advantage.,2,0,0,2,"lex=0(rare_avg=4.59: languages(4.42), knowing(4.76)) | dictation=long(13); dense(8)"
1153,#1153 RS,This college has a good reputation for both its research and its teaching.,1,0,0,1,"lex=0(rare_avg=4.59: reputation(4.47), teaching(4.72)) | dictation=long(13)"
1154,#1154 RS,Next week the department secretary will email you with the details of your tutorial groups.,2,0,0,2,"lex=0(rare_avg=4.24: tutorial(3.80), email(4.68)) | dictation=long(15); dense(8)"
1155,#1155 RS,Students should submit two copies of their dissertation to the department office by Friday.,2,0,1,2,"lex=0(rare_avg=3.99: dissertation(3.70), submit(4.28)) | grammar=modal(should) | dictation=long(14); dense(7)"
1156,#1156 RS,"The college provides an advice service to support students with financial, emotional, and other issues.",2,0,0,3,"lex=0(rare_avg=4.73: emotional(4.66), provides(4.80)) | dictation=list_enum; long(15); dense(9)"
1157,#1157 RS,The library will stay open until midnight during the exam period.,2,0,0,2,"lex=0(rare_avg=4.29: exam(4.26), midnight(4.31)) | dictation=long(11); dense(7)"
1158,#1158 RS,Today's lecture on modern American literature has been canceled.,3,0,2,1,"lex=0(rare_avg=4.02: canceled(3.90), lecture(4.14)) | grammar=passive(been canceled); perfect(has been canceled) | dictation=contraction"
1159,#1159 RS,There is considerable disagreement about the main cause of the revolution.,2,0,1,1,"lex=0(rare_avg=3.96: disagreement(3.66), considerable(4.25)) | grammar=passive(is considerable disagreement) | dictation=long(11)"
1160,#1160 RS,Read the instructions carefully before you start writing your essay.,1,0,0,1,"lex=0(rare_avg=4.30: essay(4.23), instructions(4.37)) | dictation=dense(6)"
1161,#1161 RS,Students who'd like to help produce the college newspaper should come to a meeting tomorrow.,2,0,1,3,"lex=0(rare_avg=4.12: who'd(3.63), newspaper(4.60)) | grammar=modal(should) | dictation=contraction; long(15); dense(10)"
1162,#1162 RS,"Fighter jets, helicopters and warships will guard against security threats.",2,1,0,2,"lex=1(rare_avg=3.51: warships(3.30), helicopters(3.72)) | dictation=list_enum; dense(8)"
1163,#1163 RS,Don’t drink any alcohol even if you drive carefully.,1,0,0,0,"lex=0(rare_avg=4.53: carefully(4.46), don(4.60))"
1164,#1164 RS,"You can get to the college by bus, train or car.",1,0,0,2,"lex=0(rare_avg=4.89: bus(4.83), train(4.96)) | dictation=list_enum; long(11)"
1165,#1165 RS,A public relations exercise improves the relationship between the public and an organization.,2,0,0,2,"lex=0(rare_avg=4.21: improves(3.75), relations(4.67)) | dictation=long(13); dense(7)"
1166,#1166 RS,We blanch almonds by soaking their skins in boiling water.,2,2,0,1,"lex=2(rare_avg=2.91: blanch(2.54), almonds(3.28)) | dictation=dense(6)"
1167,#1167 RS,The scheme has been fraught with problems from the start.,1,1,1,0,"lex=1(rare_avg=3.85: fraught(3.12), scheme(4.57)) | grammar=perfect(has been)"
1168,#1168 RS,"You are late for the appointment, please reschedule.",1,1,0,0,"lex=1(rare_avg=3.71: reschedule(2.92), appointment(4.49))"
1169,#1169 RS,"With the development of technology, automation brings a lot of benefits to the US.",2,0,0,2,"lex=0(rare_avg=4.21: automation(3.80), brings(4.61)) | dictation=long(14); dense(6)"
1170,#1170 RS,Please submit your term papers to the general office.,1,0,0,1,"lex=0(rare_avg=4.45: submit(4.28), papers(4.61)) | dictation=dense(6)"
1171,#1171 RS,"If I miss the call, please record the message in the office.",2,0,0,2,"lex=0(rare_avg=5.11: message(5.00), record(5.21)) | dictation=long(12); dense(6)"
1172,#1172 RS,You may need to purchase an academic gown before the commencement ceremony.,2,1,1,2,"lex=1(rare_avg=3.62: commencement(3.48), gown(3.75)) | grammar=modal(may) | dictation=long(12); dense(6)"
1174,#1174 RS,There will be no classes scheduled during the exam week.,1,0,1,0,"lex=0(rare_avg=4.36: exam(4.26), scheduled(4.45)) | grammar=passive(be no classes scheduled)"
1175,#1175 RS,There is only one conclusion to this line of thought.,1,0,0,0,"lex=0(rare_avg=4.95: conclusion(4.40), line(5.49))"
1176,#1176 RS,The first step was to establish a baseline of known distances.,2,1,0,2,"lex=1(rare_avg=3.77: baseline(3.70), distances(3.83)) | dictation=long(11); dense(6)"
1177,#1177 RS,Please read the first two sections before next week.,1,0,0,1,"lex=0(rare_avg=4.95: sections(4.36), read(5.54)) | dictation=dense(7)"
1178,#1178 RS,There are many people in the USA who are critical of the voting system.,2,0,1,1,"lex=0(rare_avg=4.72: voting(4.62), critical(4.83)) | grammar=relative(who) | dictation=long(14)"
1179,#1179 RS,The computer lab is open 24 hours a day.,1,0,0,1,"lex=0(rare_avg=4.70: lab(4.42), computer(4.97)) | dictation=number"
1180,#1180 RS,The professor would be available for the lecture soon.,1,0,1,0,"lex=0(rare_avg=4.52: lecture(4.14), professor(4.90)) | grammar=modal(would)"
1181,#1181 RS,Modern businesses have adapted and been flexible in order to survive.,3,0,2,2,"lex=0(rare_avg=4.15: flexible(4.13), adapted(4.17)) | grammar=phrase(in order to); perfect(have adapted and been) | dictation=long(11); dense(6)"
1182,#1182 RS,The corporation did not work well and gained no profits.,1,0,0,0,"lex=0(rare_avg=4.43: profits(4.36), gained(4.49))"
1183,#1183 RS,The quality is needed by a successful business manager similar to those of the school.,2,0,1,2,"lex=0(rare_avg=4.96: successful(4.94), manager(4.97)) | grammar=passive(is needed) | dictation=long(15); dense(7)"
1184,#1184 RS,The main issue is to decide how we want to launch the new product.,2,0,0,2,"lex=0(rare_avg=4.74: launch(4.69), decide(4.78)) | dictation=long(14); dense(7)"
1185,#1185 RS,This paper is the best one to look at first.,1,0,0,0,"lex=0(rare_avg=5.44: paper(5.07), look(5.81))"
1186,#1186 RS,The school will provide hot food.,1,0,0,0,"lex=0(rare_avg=5.16: provide(5.15), hot(5.16))"
1187,#1187 RS,Soil erosion can be caused by increasing rainfall and changes in plant growth.,2,1,1,2,"lex=1(rare_avg=3.73: erosion(3.64), rainfall(3.82)) | grammar=passive(be caused) | dictation=long(13); dense(8)"
1188,#1188 RS,Assignments must be submitted at the end of the term.,3,0,2,0,"lex=0(rare_avg=4.10: assignments(3.88), submitted(4.32)) | grammar=modal(must); passive(be submitted)"
1189,#1189 RS,The team have already begun their preparations for the first match of the season.,2,0,0,2,"lex=0(rare_avg=4.12: preparations(3.87), begun(4.36)) | dictation=long(14); dense(6)"
1190,#1190 RS,"The greater the population there is in a locality, the greater the need there is for water and transportation.",2,0,0,2,"lex=0(rare_avg=4.12: locality(3.67), transportation(4.57)) | dictation=long(19); dense(7)"
1191,#1191 RS,Long thin wires have more resistance than short thick wires do.,2,1,0,2,"lex=1(rare_avg=3.85: wires(3.85), wires(3.85)) | dictation=long(11); dense(7)"
1192,#1192 RS,The Economics Faculty building is located on City Road.,1,0,1,0,"lex=0(rare_avg=5.08: located(4.86), building(5.29)) | grammar=passive(is located)"
1193,#1193 RS,You should return books to the library before ending your term.,2,0,1,1,"lex=0(rare_avg=4.77: ending(4.68), library(4.86)) | grammar=modal(should) | dictation=long(11)"
1194,#1194 RS,The head of the department is available by the third day.,1,0,0,1,"lex=0(rare_avg=5.26: department(5.23), available(5.28)) | dictation=long(11)"
1197,#1197 RS,Academic journals are often edited by subject specialists.,1,0,1,1,"lex=0(rare_avg=3.91: specialists(3.90), journals(3.92)) | grammar=passive(are often edited) | dictation=dense(6)"
1198,#1198 RS,"Meanwhile, universities have raised tuition every year.",1,0,1,0,"lex=0(rare_avg=4.17: tuition(3.97), universities(4.36)) | grammar=perfect(have raised)"
1199,#1199 RS,It's a warm current without which it would be much cooler.,3,0,2,3,"lex=0(rare_avg=4.33: cooler(3.96), warm(4.71)) | grammar=modal(would); relative(which) | dictation=contraction; long(11); dense(6)"
1200,#1200 RS,One creative individual in Japan has made a similar protest for decades.,2,0,0,2,"lex=0(rare_avg=4.52: protest(4.45), decades(4.58)) | dictation=long(12); dense(7)"
1201,#1201 RS,Mary felt happy when she learned the results of the election.,2,0,0,2,"lex=0(rare_avg=4.81: mary(4.78), learned(4.85)) | dictation=long(11); dense(6)"
1202,#1202 RS,After considering all the options she decided to take the risk.,1,0,0,1,"lex=0(rare_avg=4.67: considering(4.64), options(4.71)) | dictation=long(11)"
1203,#1203 RS,"Put the eggs in the center of the dish, with the vegetables and herbs around the edge.",2,0,0,2,"lex=0(rare_avg=3.90: herbs(3.65), vegetables(4.15)) | dictation=long(17); dense(8)"
1204,#1204 RS,The data infer that further research is needed.,1,0,1,0,"lex=0(rare_avg=4.17: infer(3.16), needed(5.18)) | grammar=passive(is needed)"
1205,#1205 RS,The website has probably the most attractive designs and layouts.,1,1,0,0,"lex=1(rare_avg=3.76: layouts(3.15), designs(4.38))"
1206,#1206 RS,The university policy on plagiarism can be viewed on the website.,2,1,1,1,"lex=1(rare_avg=3.77: plagiarism(3.23), viewed(4.31)) | grammar=passive(be viewed) | dictation=long(11)"
1207,#1207 RS,Remember your essay should have less than two thousand words.,1,0,1,1,"lex=0(rare_avg=4.44: essay(4.23), thousand(4.64)) | grammar=modal(should) | dictation=dense(6)"
1208,#1208 RS,Please make an appointment with your tutor about work after the holiday.,2,0,0,2,"lex=0(rare_avg=4.08: tutor(3.67), appointment(4.49)) | dictation=long(12); dense(6)"
1209,#1209 RS,Several students raised different examples.,1,0,0,0,"lex=0(rare_avg=4.73: examples(4.63), raised(4.84))"
1210,#1210 RS,Moving up the class ladder also brings unexpected costs.,1,0,0,1,"lex=0(rare_avg=4.13: ladder(4.03), unexpected(4.23)) | dictation=dense(6)"
1211,#1211 RS,One study asks people to keep daily journals recording their appreciation for their partners.,2,0,0,2,"lex=0(rare_avg=4.02: journals(3.92), appreciation(4.12)) | dictation=long(14); dense(10)"
1212,#1212 RS,Everyone in this studio burst into hysterical laughter.,1,1,0,0,"lex=1(rare_avg=3.79: hysterical(3.48), laughter(4.10))"
1213,#1213 RS,Building trust is not something that can be achieved overnight.,1,0,1,0,"lex=0(rare_avg=4.34: overnight(4.19), achieved(4.49)) | grammar=passive(be achieved)"
1214,#1214 RS,The teacher asked the group to complete the task.,1,0,0,0,"lex=0(rare_avg=4.77: task(4.65), teacher(4.88))"
1215,#1215 RS,My tutor told him not to repeat the same argument again and again.,1,0,0,1,"lex=0(rare_avg=4.08: tutor(3.67), repeat(4.49)) | dictation=long(13)"
1216,#1216 RS,We can discuss education in the tutorial next week.,1,0,0,0,"lex=0(rare_avg=4.23: tutorial(3.80), discuss(4.66))"
1217,#1217 RS,There is not enough space for me in the car.,1,0,0,0,"lex=0(rare_avg=5.34: space(5.23), car(5.45))"
1218,#1218 RS,Team members may experience positive effects such as joy and inspiration.,2,0,1,2,"lex=0(rare_avg=4.48: inspiration(4.41), joy(4.55)) | grammar=modal(may) | dictation=long(11); dense(7)"
1219,#1219 RS,By borrowing from the library you agree to comply with the borrowing rules.,2,1,0,2,"lex=1(rare_avg=3.75: borrowing(3.75), borrowing(3.75)) | dictation=long(13); dense(6)"
1220,#1220 RS,You can return items in person or by post.,1,0,0,0,"lex=0(rare_avg=4.99: items(4.78), return(5.19))"
1221,#1221 RS,We need to strengthen our skills to think creatively.,1,1,0,0,"lex=1(rare_avg=3.57: creatively(3.10), strengthen(4.04))"
1222,#1222 RS,Starting your studies at a new university can be an exciting but overwhelming experience.,2,0,0,2,"lex=0(rare_avg=4.31: overwhelming(4.08), exciting(4.54)) | dictation=long(14); dense(7)"
1223,#1223 RS,The top stair creaked as she went upstairs and the noise woke up her mother.,2,2,0,2,"lex=2(rare_avg=2.65: creaked(2.04), stair(3.26)) | dictation=long(15); dense(8)"
1224,#1224 RS,"As she was bright and ambitious, she became a manager in no time.",1,0,0,1,"lex=0(rare_avg=4.28: ambitious(3.95), bright(4.61)) | dictation=long(13)"
1225,#1225 RS,I really didn't like the movie even though the acting was good.,2,0,1,3,"lex=0(rare_avg=4.99: acting(4.82), movie(5.16)) | grammar=phrase(even though) | dictation=contraction; long(12); dense(7)"
1226,#1226 RS,The ship successfully underwent sea trials in coastal waters.,1,0,0,1,"lex=0(rare_avg=3.92: underwent(3.65), coastal(4.19)) | dictation=dense(7)"
1227,#1227 RS,A man who suffered serious brain damage during an operation is suing the hospital.,2,0,1,2,"lex=0(rare_avg=4.01: suing(3.50), suffered(4.52)) | grammar=relative(who) | dictation=long(14); dense(8)"
1228,#1228 RS,Key business partners are often intertwined in expense accounts.,2,1,1,1,"lex=1(rare_avg=3.72: intertwined(3.20), expense(4.23)) | grammar=passive(are often intertwined) | dictation=dense(7)"
1229,#1229 RS,The teacher asked the group to commence the task.,1,0,0,0,"lex=0(rare_avg=4.12: commence(3.59), task(4.65))"
1230,#1230 RS,"The cafeteria features sandwiches, salads, soup, fish and chicken.",2,1,0,2,"lex=1(rare_avg=3.38: salads(3.31), cafeteria(3.44)) | dictation=list_enum; dense(7)"
1231,#1231 RS,The government is expected to lay an additional tax on cars by the end of the year.,2,0,1,2,"lex=0(rare_avg=4.76: lay(4.64), cars(4.89)) | grammar=passive(is expected) | dictation=long(17); dense(8)"
1232,#1232 RS,We had accidentally strayed into the war zone.,1,1,1,0,"lex=1(rare_avg=3.59: strayed(2.97), accidentally(4.22)) | grammar=perfect(had accidentally strayed)"
1233,#1233 RS,The region produces over fifty percent of the country's wheat.,1,0,0,2,"lex=0(rare_avg=4.09: wheat(4.01), country's(4.17)) | dictation=contraction; dense(6)"
1234,#1234 RS,Everything was shaded in his wet and dark room.,1,0,1,0,"lex=0(rare_avg=3.91: shaded(3.27), wet(4.54)) | grammar=passive(was shaded)"
1235,#1235 RS,Don't waste the precious years of youth.,1,0,0,1,"lex=0(rare_avg=4.54: precious(4.33), youth(4.75)) | dictation=contraction"
1236,#1236 RS,The gadget can be attached to any vertical or near vertical surface.,2,1,1,2,"lex=1(rare_avg=3.80: gadget(3.45), vertical(4.15)) | grammar=passive(be attached) | dictation=long(12); dense(6)"
1237,#1237 RS,The Library is open on campus and online during Summer Semester.,1,0,0,1,"lex=0(rare_avg=4.85: campus(4.51), online(5.19)) | dictation=long(11)"
1238,#1238 RS,Community members can access the Biological Sciences Library on Monday.,1,0,0,0,"lex=0(rare_avg=5.20: access(5.05), community(5.34))"
1239,#1239 RS,We shouldn't sacrifice the environment for economic growth.,1,0,0,1,"lex=0(rare_avg=4.55: sacrifice(4.29), shouldn't(4.82)) | dictation=contraction"
1240,#1240 RS,Our librarians can run sessions with classes at the undergraduate level.,2,1,0,2,"lex=1(rare_avg=3.55: librarians(3.26), undergraduate(3.85)) | dictation=long(11); dense(6)"
1241,#1241 RS,We digitise significant parts of library collections to make them easier to find and access.,2,2,0,2,"lex=2(rare_avg=2.98: digitise(1.76), collections(4.21)) | dictation=long(15); dense(9)"
1242,#1242 RS,They moved off campus to share a new flat in the town.,2,0,0,2,"lex=0(rare_avg=4.62: campus(4.51), flat(4.72)) | dictation=long(12); dense(6)"
1243,#1243 RS,The questionnaire asks students how they feel about services on campus.,2,0,0,2,"lex=0(rare_avg=3.94: questionnaire(3.44), asks(4.44)) | dictation=long(11); dense(6)"
1244,#1244 RS,Our city is home to people from more than two hundred nationalities.,2,0,0,2,"lex=0(rare_avg=4.01: nationalities(3.31), hundred(4.71)) | dictation=long(12); dense(6)"
1245,#1245 RS,The study demonstrates the link between poverty and malnutrition.,1,1,0,0,"lex=1(rare_avg=3.55: malnutrition(3.24), demonstrates(3.86))"
1246,#1246 RS,"You can find a degree to match your interests, passions and career goals.",2,0,0,3,"lex=0(rare_avg=4.12: passions(3.58), interests(4.66)) | dictation=list_enum; long(13); dense(7)"
1247,#1247 RS,"As part of the program, you can specialise in data science or scientific computing.",2,1,0,2,"lex=1(rare_avg=3.67: specialise(3.28), computing(4.07)) | dictation=long(14); dense(7)"
1248,#1248 RS,Our secondary education degrees combine university study with practical experience.,1,0,0,1,"lex=0(rare_avg=4.30: combine(4.13), practical(4.48)) | dictation=dense(8)"
1249,#1249 RS,You should study this document with the utmost care.,1,0,1,0,"lex=0(rare_avg=4.05: utmost(3.61), document(4.50)) | grammar=modal(should)"
1250,#1250 RS,The shopping center incorporates a library and a bank.,1,0,0,0,"lex=0(rare_avg=4.12: incorporates(3.55), shopping(4.68))"
1251,#1251 RS,Technology is important for the modern world.,1,0,1,0,"lex=0(rare_avg=5.08: modern(5.07), technology(5.09)) | grammar=passive(is important)"
1252,#1252 RS,Author and subject indexes are available on a library database.,1,1,0,1,"lex=1(rare_avg=3.81: indexes(3.32), database(4.31)) | dictation=dense(6)"
1253,#1253 RS,Our online digital modules are suited to a diverse audience.,2,1,1,1,"lex=1(rare_avg=3.87: modules(3.70), suited(4.03)) | grammar=passive(are suited) | dictation=dense(6)"
1254,#1254 RS,The university welcomes applications from overseas students.,1,0,0,0,"lex=0(rare_avg=3.92: welcomes(3.55), overseas(4.29))"
1255,#1255 RS,Many students now see university as a stepping stone to a good job.,2,0,0,2,"lex=0(rare_avg=4.39: stepping(3.98), stone(4.80)) | dictation=long(13); dense(8)"
1256,#1256 RS,The museum was closed for renovation and will be open next Thursday.,2,0,1,1,"lex=0(rare_avg=4.22: renovation(3.74), museum(4.71)) | grammar=passive(was closed) | dictation=long(12)"
1257,#1257 RS,The ending of the story was entirely unpredictable.,1,0,0,0,"lex=0(rare_avg=4.18: unpredictable(3.68), ending(4.68))"
1258,#1258 RS,The job would suit someone with a business background.,1,0,1,0,"lex=0(rare_avg=4.73: suit(4.70), background(4.77)) | grammar=modal(would)"
1259,#1259 RS,Please read through our online guides and sign up for one of our learning workshops.,2,0,0,2,"lex=0(rare_avg=3.94: workshops(3.88), guides(3.99)) | dictation=long(15); dense(8)"
1260,#1260 RS,"The hotel has one hundred bedrooms, all with private bathrooms.",2,1,1,1,"lex=1(rare_avg=3.70: bathrooms(3.67), bedrooms(3.72)) | grammar=perfect(has one hundred) | dictation=dense(6)"
1261,#1261 RS,"Rain, snow and hail are collectively known as precipitation.",2,1,1,2,"lex=1(rare_avg=3.73: precipitation(3.64), collectively(3.82)) | grammar=passive(are collectively known) | dictation=list_enum; dense(6)"
1262,#1262 RS,The local people in the small town regard crabs as a great delicacy.,2,1,0,2,"lex=1(rare_avg=3.29: delicacy(3.18), crabs(3.40)) | dictation=long(13); dense(8)"
1263,#1263 RS,The importance of law is present in an array of industries.,2,0,1,1,"lex=0(rare_avg=4.26: array(4.10), industries(4.42)) | grammar=passive(is present) | dictation=long(11)"
1264,#1264 RS,The new job will provide you with invaluable experience.,1,0,0,0,"lex=0(rare_avg=4.35: invaluable(3.54), provide(5.15))"
1265,#1265 RS,The girl shows little or no appreciation of good music.,1,0,0,1,"lex=0(rare_avg=4.68: appreciation(4.12), shows(5.23)) | dictation=dense(6)"
1266,#1266 RS,Enrollment for engineering courses has been low since January.,1,0,1,0,"lex=0(rare_avg=4.19: enrollment(3.92), courses(4.46)) | grammar=perfect(has been)"
1267,#1267 RS,The school encourages free expression in art and drama.,1,0,0,1,"lex=0(rare_avg=4.20: encourages(3.84), expression(4.55)) | dictation=dense(6)"
1268,#1268 RS,"When applying for a visa, you must clearly and simply explain why you need it.",2,0,1,2,"lex=0(rare_avg=4.19: visa(4.13), applying(4.24)) | grammar=modal(must) | dictation=long(15); dense(6)"
1269,#1269 RS,The two countries have become close trading partners in the field of crude oil.,2,0,0,2,"lex=0(rare_avg=4.28: crude(4.00), partners(4.56)) | dictation=long(14); dense(9)"
1270,#1270 RS,The firm decided to bring in a new management team.,1,0,0,1,"lex=0(rare_avg=4.94: firm(4.79), decided(5.09)) | dictation=dense(6)"
1271,#1271 RS,The most important consideration is that the environment should not be harmed.,3,1,2,1,"lex=1(rare_avg=3.88: harmed(3.48), consideration(4.28)) | grammar=modal(should); passive(is that the environment) | dictation=long(12)"
1272,#1272 RS,She entrusted her son's education to a private tutor.,1,1,0,1,"lex=1(rare_avg=3.56: entrusted(3.45), tutor(3.67)) | dictation=contraction"
1273,#1273 RS,Language games are usually intended to encourage students' interaction.,1,0,1,1,"lex=0(rare_avg=4.37: interaction(4.29), encourage(4.45)) | grammar=passive(are usually intended) | dictation=dense(7)"
1274,#1274 RS,We must encourage innovation if the company wants to remain competitive.,2,0,1,2,"lex=0(rare_avg=4.38: innovation(4.32), encourage(4.45)) | grammar=modal(must) | dictation=long(11); dense(6)"
1275,#1275 RS,We will feed the new information back to the company.,1,0,0,0,"lex=0(rare_avg=5.05: feed(4.67), information(5.43))"
1276,#1276 RS,Mutual respect is necessary for any partnership to work.,1,0,0,0,"lex=0(rare_avg=4.37: mutual(4.26), partnership(4.48))"
1277,#1277 RS,The government is appealing to everyone to save our precious water.,2,0,0,2,"lex=0(rare_avg=4.14: appealing(3.95), precious(4.33)) | dictation=long(11); dense(6)"
1278,#1278 RS,Even scientists do not comprehend these phenomena.,1,1,0,0,"lex=1(rare_avg=3.72: comprehend(3.70), phenomena(3.74))"
1279,#1279 RS,"Once we make the adjustments for inflation, the fall in interest rates is quite small.",2,0,0,2,"lex=0(rare_avg=3.98: adjustments(3.82), inflation(4.14)) | dictation=long(15); dense(8)"
1280,#1280 RS,"When writing this report, I have omitted all unnecessary details.",1,1,1,0,"lex=1(rare_avg=3.85: omitted(3.53), unnecessary(4.18)) | grammar=perfect(have omitted)"
1281,#1281 RS,The student got an extension to finish writing his thesis since he was ill.,2,0,0,2,"lex=0(rare_avg=4.25: thesis(4.05), extension(4.46)) | dictation=long(14); dense(8)"
1282,#1282 RS,Rising consumer sales in the first half of the year spurred the economy to faster growth.,2,1,0,2,"lex=1(rare_avg=3.89: spurred(3.26), rising(4.52)) | dictation=long(16); dense(10)"
1283,#1283 RS,Students must submit a thesis on an agreed subject within four years.,2,0,1,2,"lex=0(rare_avg=4.17: thesis(4.05), submit(4.28)) | grammar=modal(must) | dictation=long(12); dense(8)"
1284,#1284 RS,It is necessary to examine how the new policy can be carried out.,2,0,1,1,"lex=0(rare_avg=4.47: examine(4.18), carried(4.77)) | grammar=passive(be carried) | dictation=long(13)"
1285,#1285 RS,A campaign has begun to try to save a species of birds from extinction.,2,0,0,2,"lex=0(rare_avg=4.06: extinction(3.76), begun(4.36)) | dictation=long(14); dense(7)"
1286,#1286 RS,The gas station is closed while essential repairs are being carried out.,2,0,1,2,"lex=0(rare_avg=4.35: repairs(4.08), essential(4.61)) | grammar=passive(is closed) | dictation=long(12); dense(7)"
1287,#1287 RS,She made some highly complimentary remarks about her school.,1,1,0,0,"lex=1(rare_avg=3.75: complimentary(3.35), remarks(4.16))"
1288,#1288 RS,They have no way to dispose of the hazardous waste they produce.,2,1,0,1,"lex=1(rare_avg=3.62: dispose(3.53), hazardous(3.71)) | dictation=long(12)"
1289,#1289 RS,Agriculture is still largely based on traditional methods in some countries.,2,0,1,2,"lex=0(rare_avg=4.49: agriculture(4.37), largely(4.61)) | grammar=passive(is still largely based) | dictation=long(11); dense(6)"
1290,#1290 RS,Students can find information about the two quizzes online.,1,0,0,1,"lex=0(rare_avg=4.12: quizzes(3.05), online(5.19)) | dictation=dense(6)"
1291,#1291 RS,It's not easy to apportion blame when a marriage breaks up.,2,1,0,3,"lex=1(rare_avg=3.33: apportion(2.20), breaks(4.46)) | dictation=contraction; long(11); dense(6)"
1292,#1292 RS,The dam has been breached and there is a danger of flooding.,3,1,2,1,"lex=1(rare_avg=3.67: breached(3.36), flooding(3.97)) | grammar=passive(been breached); perfect(has been breached) | dictation=long(12)"
1293,#1293 RS,The measures are intended to restore public confidence in the economy.,2,0,1,2,"lex=0(rare_avg=4.42: restore(4.18), confidence(4.65)) | grammar=passive(are intended) | dictation=long(11); dense(6)"
1294,#1294 RS,Our profits from exports have more than doubled this year.,1,0,1,0,"lex=0(rare_avg=3.99: doubled(3.89), exports(4.09)) | grammar=perfect(have more than doubled)"
1295,#1295 RS,The number of children in this school has decreased this year.,2,0,1,1,"lex=0(rare_avg=4.73: decreased(4.00), children(5.47)) | grammar=perfect(has decreased) | dictation=long(11)"
1296,#1296 RS,Doctors are unanimous about the dangers of this drug.,1,1,0,0,"lex=1(rare_avg=3.79: unanimous(3.68), dangers(3.89))"
1297,#1297 RS,The first three characters in the book are vividly presented in pictures.,2,0,1,2,"lex=0(rare_avg=4.00: vividly(3.26), presented(4.75)) | grammar=passive(are vividly presented) | dictation=long(12); dense(7)"
1298,#1298 RS,Those who do not learn from history are more likely to repeat it.,2,0,1,1,"lex=0(rare_avg=4.83: repeat(4.49), learn(5.17)) | grammar=relative(who) | dictation=long(13)"
1299,#1299 RS,People used to come and visit him after he had a stroke.,1,0,0,1,"lex=0(rare_avg=4.65: stroke(4.27), visit(5.04)) | dictation=long(12)"
1300,#1300 RS,She is now a senior executive having worked her way up through the company.,2,0,0,2,"lex=0(rare_avg=4.89: executive(4.87), senior(4.92)) | dictation=long(14); dense(6)"
1301,#1301 RS,It was decided by a unanimous vote that this school should be closed.,3,0,2,1,"lex=0(rare_avg=4.29: unanimous(3.68), closed(4.90)) | grammar=modal(should); passive(was decided) | dictation=long(13)"
1302,#1302 RS,Common symptoms of diabetes are weight loss and fatigue.,1,0,0,1,"lex=0(rare_avg=4.01: fatigue(3.86), diabetes(4.17)) | dictation=dense(6)"
1303,#1303 RS,Lots of people don't bother to go through a marriage ceremony these days.,2,0,0,3,"lex=0(rare_avg=4.40: bother(4.39), ceremony(4.42)) | dictation=contraction; long(13); dense(8)"
1304,#1304 RS,The latest scientific discoveries cast doubt on earlier theories.,1,0,0,1,"lex=0(rare_avg=3.97: discoveries(3.73), theories(4.22)) | dictation=dense(7)"
1305,#1305 RS,He gave the child a lecture on the importance of punctuality.,2,1,0,1,"lex=1(rare_avg=3.43: punctuality(2.73), lecture(4.14)) | dictation=long(11)"
1306,#1306 RS,Two professors are studying and analyzing films in a room on the second floor.,2,1,0,2,"lex=1(rare_avg=3.81: analyzing(3.71), professors(3.92)) | dictation=long(14); dense(8)"
1307,#1307 RS,The government will place tight constraints on taxes next month.,1,0,0,1,"lex=0(rare_avg=4.19: constraints(3.80), tight(4.57)) | dictation=dense(7)"
1308,#1308 RS,The meeting had to finish later because of the interruption of a stranger.,2,1,0,2,"lex=1(rare_avg=3.82: interruption(3.36), stranger(4.28)) | dictation=long(13); dense(6)"
1309,#1309 RS,You are able to take ten bottles of liquid free of duty through customs.,2,0,0,2,"lex=0(rare_avg=4.19: bottles(4.19), customs(4.19)) | dictation=long(14); dense(8)"
1310,#1310 RS,Trainees are taught to pay attention to details and to strive for perfection.,2,1,1,2,"lex=1(rare_avg=3.50: trainees(3.27), strive(3.72)) | grammar=passive(are taught) | dictation=long(13); dense(7)"
1311,#1311 RS,We could just see the outline of the house through the mist.,2,1,1,1,"lex=1(rare_avg=3.79: mist(3.67), outline(3.92)) | grammar=modal(could) | dictation=long(12)"
1312,#1312 RS,I couldn't understand his lecture because he kept jumping from one topic to the next.,2,0,0,3,"lex=0(rare_avg=4.19: lecture(4.14), jumping(4.23)) | dictation=contraction; long(15); dense(9)"
1313,#1313 RS,There has been an acute shortage of water since the river was polluted.,3,1,2,2,"lex=1(rare_avg=3.62: polluted(3.32), shortage(3.91)) | grammar=passive(was polluted); perfect(has been) | dictation=long(13); dense(6)"
1314,#1314 RS,The museum is exhibiting fossils of a very large dinosaur.,1,1,0,0,"lex=1(rare_avg=3.47: exhibiting(3.40), fossils(3.54))"
1315,#1315 RS,Collaboration is a feature of a successful company.,1,0,0,0,"lex=0(rare_avg=4.55: collaboration(4.28), feature(4.82))"
1316,#1316 RS,Social work is not the only subject in sociology.,1,0,0,0,"lex=0(rare_avg=4.37: sociology(3.78), subject(4.96))"
1317,#1317 RS,The largest literacy program in this country reaches one hundred people yearly.,2,1,0,2,"lex=1(rare_avg=3.89: yearly(3.88), literacy(3.90)) | dictation=long(12); dense(9)"
1318,#1318 RS,Infringement of this regulation would automatically rule you out of the membership.,2,0,1,1,"lex=0(rare_avg=4.00: infringement(3.61), regulation(4.38)) | grammar=modal(would) | dictation=long(12)"
1319,#1319 RS,The program is designed to select and store the most frequently used data.,2,0,1,2,"lex=0(rare_avg=4.50: select(4.45), frequently(4.56)) | grammar=passive(is designed) | dictation=long(13); dense(7)"
1320,#1320 RS,In this course we will look at some Indian literature in its social context.,1,0,0,1,"lex=0(rare_avg=4.62: literature(4.62), context(4.63)) | dictation=long(14)"
1321,#1321 RS,"Many metals are ductile, and this makes them very tough and safe to use.",2,1,0,2,"lex=1(rare_avg=3.19: ductile(2.42), metals(3.95)) | dictation=long(14); dense(7)"
1322,#1322 RS,The big house was surrounded by a tall wooden fence.,1,0,1,1,"lex=0(rare_avg=4.27: fence(4.21), wooden(4.33)) | grammar=passive(was surrounded) | dictation=dense(6)"
1323,#1323 RS,"After ten hours of hard work, weariness pervaded his whole body.",2,2,0,2,"lex=2(rare_avg=2.46: pervaded(2.29), weariness(2.63)) | dictation=long(11); dense(8)"
1324,#1324 RS,She was able to pick out her father on the other side of the room.,1,0,0,1,"lex=0(rare_avg=5.17: pick(5.08), father(5.26)) | dictation=long(15)"
1325,#1325 RS,A detailed list of our publications is available on request.,1,0,0,0,"lex=0(rare_avg=4.39: publications(4.27), detailed(4.51))"
1326,#1326 RS,The alarm should go off automatically as soon as smoke is detected.,3,0,2,2,"lex=0(rare_avg=4.17: detected(4.06), alarm(4.28)) | grammar=modal(should); passive(is detected) | dictation=long(12); dense(6)"
1327,#1327 RS,The little boy was too diffident to express his opinion.,1,1,1,0,"lex=1(rare_avg=3.39: diffident(2.10), express(4.68)) | grammar=passive(was too diffident)"
1328,#1328 RS,She clenched her fists to stop herself from trembling.,1,1,0,0,"lex=1(rare_avg=3.09: clenched(2.91), trembling(3.27))"
1329,#1329 RS,The young man who has just won the Nobel Prize comes from a small village.,2,0,1,2,"lex=0(rare_avg=5.01: village(4.82), won(5.20)) | grammar=relative(who) | dictation=long(15); dense(6)"
1330,#1330 RS,It took several hours for the fire brigade to extinguish the blaze.,2,1,0,2,"lex=1(rare_avg=3.37: extinguish(3.04), blaze(3.69)) | dictation=long(12); dense(7)"
1331,#1331 RS,What the old professor said has convinced me that I was mistaken.,3,0,2,1,"lex=0(rare_avg=4.19: mistaken(3.98), convinced(4.40)) | grammar=passive(was mistaken); perfect(has convinced) | dictation=long(12)"
1332,#1332 RS,She recently graduated from being a dancer to having a small role in a movie.,2,0,0,2,"lex=0(rare_avg=4.06: dancer(3.99), graduated(4.14)) | dictation=long(15); dense(7)"
1333,#1333 RS,The announcement to cancel the final exam has thrilled the students.,2,0,1,2,"lex=0(rare_avg=4.06: thrilled(3.94), cancel(4.18)) | grammar=perfect(has thrilled) | dictation=long(11); dense(6)"
1334,#1334 RS,Ecologists have recently learned more about diseases that have killed millions of frogs.,2,1,1,2,"lex=1(rare_avg=3.08: ecologists(2.59), frogs(3.56)) | grammar=perfect(have recently learned) | dictation=long(13); dense(7)"
1335,#1335 RS,Friendship is a source of pleasure and a component of good health.,2,0,0,2,"lex=0(rare_avg=4.36: component(4.32), friendship(4.39)) | dictation=long(12); dense(6)"
1336,#1336 RS,The treaty will give an impetus to the cotton trade between the two countries.,2,1,0,2,"lex=1(rare_avg=3.79: impetus(3.27), treaty(4.31)) | dictation=long(14); dense(7)"
1337,#1337 RS,The new machine reduced labour costs to almost zero.,1,0,0,1,"lex=0(rare_avg=4.63: zero(4.63), reduced(4.64)) | dictation=dense(7)"
1338,#1338 RS,His great discovery deserves the respect and applause of his colleagues.,2,0,0,2,"lex=0(rare_avg=4.06: applause(3.83), colleagues(4.29)) | dictation=long(11); dense(6)"
1339,#1339 RS,Hospitals now tend to discharge patients earlier than in the past.,2,0,0,2,"lex=0(rare_avg=4.13: discharge(3.93), hospitals(4.33)) | dictation=long(11); dense(6)"
1340,#1340 RS,The seven industrial countries will have their yearly meeting in London.,1,0,0,1,"lex=0(rare_avg=4.29: yearly(3.88), industrial(4.71)) | dictation=long(11)"
1341,#1341 RS,They only publish novels which cater to the mass market.,1,1,1,0,"lex=1(rare_avg=3.82: cater(3.55), publish(4.10)) | grammar=relative(which)"
1342,#1342 RS,American children did less well in math than their peers in Japan.,2,0,0,2,"lex=0(rare_avg=4.23: peers(4.02), math(4.45)) | dictation=long(12); dense(6)"
1343,#1343 RS,It took us over an hour to reach the crest of the hill in the countryside.,2,1,0,2,"lex=1(rare_avg=3.79: crest(3.65), countryside(3.92)) | dictation=long(16); dense(6)"
1344,#1344 RS,"He was a mediocre scholar who loved poetry, science and travel books.",2,1,1,3,"lex=1(rare_avg=3.74: mediocre(3.52), scholar(3.96)) | grammar=relative(who) | dictation=list_enum; long(12); dense(7)"
1345,#1345 RS,The media's coverage of the election has been skewed from the very beginning.,3,1,2,2,"lex=1(rare_avg=3.24: media's(3.24), skewed(3.24)) | grammar=passive(been skewed); perfect(has been skewed) | dictation=contraction; long(13)"
1346,#1346 RS,We need to encourage children to take responsibility for their choices.,2,0,0,2,"lex=0(rare_avg=4.46: encourage(4.45), choices(4.46)) | dictation=long(11); dense(6)"
1347,#1347 RS,There is a vegetarian alternative on the menu every Tuesday.,1,0,0,0,"lex=0(rare_avg=4.02: vegetarian(3.78), menu(4.26))"
1348,#1348 RS,His programme has by no means been a complete failure.,1,0,0,0,"lex=0(rare_avg=4.91: failure(4.72), complete(5.10))"
1349,#1349 RS,The book contains a great many profound insights into human behaviour.,2,0,0,2,"lex=0(rare_avg=3.90: insights(3.86), profound(3.94)) | dictation=long(11); dense(8)"
1350,#1350 RS,They cut away all the dead branches from the tall palm tree.,2,0,0,2,"lex=0(rare_avg=4.22: branches(4.21), palm(4.23)) | dictation=long(12); dense(7)"
1351,#1351 RS,All sorts of knives will be banned from boarding a plane.,2,0,1,1,"lex=0(rare_avg=3.90: knives(3.84), boarding(3.96)) | grammar=passive(be banned) | dictation=long(11)"
1352,#1352 RS,What he urgently needed was a way to remove the huge tumor on his tongue.,2,1,0,2,"lex=1(rare_avg=3.73: urgently(3.48), tumor(3.97)) | dictation=long(15); dense(7)"
1353,#1353 RS,The city's most shocking statistic is the high infant mortality rate.,2,1,1,3,"lex=1(rare_avg=3.67: statistic(3.45), mortality(3.90)) | grammar=passive(is the high infant) | dictation=contraction; long(11); dense(7)"
1354,#1354 RS,My speech about climate change has been misinterpreted by the press.,3,1,2,1,"lex=1(rare_avg=3.87: misinterpreted(3.03), climate(4.71)) | grammar=passive(been misinterpreted); perfect(has been misinterpreted) | dictation=long(11)"
1355,#1355 RS,Psychological and sociological studies emphasize the importance of the family.,1,1,0,1,"lex=1(rare_avg=3.47: sociological(3.26), emphasize(3.69)) | dictation=dense(6)"
1356,#1356 RS,The labor union called on its members to boycott the meeting.,2,0,0,2,"lex=0(rare_avg=4.29: boycott(3.81), labor(4.77)) | dictation=long(11); dense(6)"
1357,#1357 RS,He resigned from the company in order to take a more challenging job.,2,0,1,2,"lex=0(rare_avg=4.15: resigned(4.04), challenging(4.27)) | grammar=phrase(in order to) | dictation=long(13); dense(6)"
1358,#1358 RS,I was driving along the road when a kid suddenly stepped out in front of me.,2,0,0,2,"lex=0(rare_avg=4.45: stepped(4.20), suddenly(4.69)) | dictation=long(16); dense(7)"
1359,#1359 RS,The closure of the mine was the most important factor in the town's decline.,2,1,1,3,"lex=1(rare_avg=3.86: town's(3.60), closure(4.11)) | grammar=passive(was the most important) | dictation=contraction; long(14); dense(6)"
1360,#1360 RS,Union leaders will meet tomorrow in an attempt to reach a settlement.,2,0,0,2,"lex=0(rare_avg=4.65: settlement(4.49), leaders(4.81)) | dictation=long(12); dense(7)"
1361,#1361 RS,The report stresses that students need to improve their computing skills.,2,1,0,2,"lex=1(rare_avg=3.85: stresses(3.62), computing(4.07)) | dictation=long(11); dense(7)"
1362,#1362 RS,The football team was disciplined by an experienced trainer.,1,1,1,0,"lex=1(rare_avg=3.79: disciplined(3.51), trainer(4.08)) | grammar=passive(was disciplined)"
1363,#1363 RS,The doctor has been accused of violating professional ethics.,3,0,2,0,"lex=0(rare_avg=3.96: violating(3.73), ethics(4.19)) | grammar=passive(been accused); perfect(has been accused)"
1364,#1364 RS,He finished his speech with a quotation from Shakespeare.,1,0,0,0,"lex=0(rare_avg=4.18: quotation(3.51), speech(4.85))"
1365,#1365 RS,Information systems can simplify or complicate a problem.,1,1,0,0,"lex=1(rare_avg=3.36: complicate(3.26), simplify(3.46))"
1366,#1366 RS,The police car was parked in the furthest corner of the courtyard.,2,1,1,2,"lex=1(rare_avg=3.41: furthest(3.17), courtyard(3.65)) | grammar=passive(was parked) | dictation=long(12); dense(6)"
1367,#1367 RS,They did blood tests on him for signs of vitamin deficiency.,2,1,0,1,"lex=1(rare_avg=3.83: deficiency(3.64), vitamin(4.01)) | dictation=long(11)"
1368,#1368 RS,Obese people tend to have higher blood pressure than lean people.,2,0,0,2,"lex=0(rare_avg=3.91: obese(3.68), lean(4.14)) | dictation=long(11); dense(8)"
1369,#1369 RS,The charity has been involved in aid projects all around the world.,3,0,2,2,"lex=0(rare_avg=4.60: charity(4.45), aid(4.75)) | grammar=passive(been involved); perfect(has been involved) | dictation=long(12); dense(6)"
1370,#1370 RS,You cannot cut a budget deficit simply by raising taxes.,1,0,0,1,"lex=0(rare_avg=4.24: deficit(4.06), raising(4.43)) | dictation=dense(7)"
1371,#1371 RS,The school is widely admired for its excellent teaching quality.,1,0,1,1,"lex=0(rare_avg=4.13: admired(3.72), widely(4.54)) | grammar=passive(is widely admired) | dictation=dense(6)"
1372,#1372 RS,The teacher wants the children to feel confident about asking questions.,2,0,0,2,"lex=0(rare_avg=4.65: confident(4.43), teacher(4.88)) | dictation=long(11); dense(7)"
1373,#1373 RS,The government has asked people to keep faith with its reforms.,2,0,1,2,"lex=0(rare_avg=4.44: reforms(4.06), faith(4.82)) | grammar=perfect(has asked) | dictation=long(11); dense(6)"
1374,#1374 RS,Computer literacy is becoming an integral part of education for college students.,2,0,0,2,"lex=0(rare_avg=3.93: literacy(3.90), integral(3.96)) | dictation=long(12); dense(8)"
1375,#1375 RS,She was faced with an arduous journey into a remote country.,2,1,1,1,"lex=1(rare_avg=3.79: arduous(3.18), remote(4.41)) | grammar=passive(was faced) | dictation=long(11)"
1376,#1376 RS,He's passionate about the need to protect the environment.,1,0,0,1,"lex=0(rare_avg=4.48: passionate(4.09), environment(4.87)) | dictation=contraction"
1377,#1377 RS,Hotel guests are requested to vacate their rooms by noon.,2,1,1,1,"lex=1(rare_avg=3.62: vacate(3.14), noon(4.11)) | grammar=passive(are requested) | dictation=dense(6)"
1378,#1378 RS,"In the next century, nuclear energy may overtake oil as the main fuel.",2,0,1,2,"lex=0(rare_avg=4.01: overtake(3.30), fuel(4.72)) | grammar=modal(may) | dictation=long(13); dense(8)"
1379,#1379 RS,The survey shows business conditions for car manufacturers have improved.,1,0,1,1,"lex=0(rare_avg=4.48: manufacturers(4.35), improved(4.61)) | grammar=perfect(have improved) | dictation=dense(7)"
1380,#1380 RS,Currency exchange rates are always subject to variation.,1,0,0,0,"lex=0(rare_avg=4.22: variation(4.08), currency(4.37))"
1381,#1381 RS,"This play is divided into three acts, and each act has three scenes.",2,0,1,2,"lex=0(rare_avg=4.53: divided(4.47), scenes(4.58)) | grammar=passive(is divided) | dictation=long(13); dense(7)"
1382,#1382 RS,You must not let your personal reactions interfere with your judgement.,2,1,1,1,"lex=1(rare_avg=3.87: judgement(3.86), interfere(3.88)) | grammar=modal(must) | dictation=long(11)"
1383,#1383 RS,The competition is open to both amateur and professional photographers.,1,0,0,0,"lex=0(rare_avg=4.03: photographers(3.83), amateur(4.22))"
1384,#1384 RS,Most teenagers start taking drugs because of boredom.,1,1,0,1,"lex=1(rare_avg=3.73: boredom(3.46), teenagers(4.01)) | dictation=dense(6)"
1385,#1385 RS,The French have acted swiftly and decisively to protect their industries.,2,1,1,1,"lex=1(rare_avg=3.33: decisively(3.12), swiftly(3.54)) | grammar=perfect(have acted) | dictation=long(11)"
1386,#1386 RS,These products are inferior to those that we bought last winter.,1,0,0,1,"lex=0(rare_avg=4.35: inferior(3.81), winter(4.89)) | dictation=long(11)"
1387,#1387 RS,Annual business reports were a fruitful source of information.,1,0,0,1,"lex=0(rare_avg=4.10: fruitful(3.30), reports(4.90)) | dictation=dense(6)"
1388,#1388 RS,The people of the remote village showed me great hospitality.,1,0,0,1,"lex=0(rare_avg=4.16: hospitality(3.90), remote(4.41)) | dictation=dense(6)"
1389,#1389 RS,I'm going to take a course in applied mathematics this semester.,2,0,0,3,"lex=0(rare_avg=4.09: semester(4.03), mathematics(4.15)) | dictation=contraction; long(11); dense(7)"
1390,#1390 RS,In the end the government drew back from their extreme standpoint.,2,0,0,2,"lex=0(rare_avg=4.05: standpoint(3.65), drew(4.46)) | dictation=long(11); dense(6)"
1391,#1391 RS,The team must finish the task before the deadline by all means.,2,0,1,1,"lex=0(rare_avg=4.38: deadline(4.12), task(4.65)) | grammar=modal(must) | dictation=long(12)"
1392,#1392 RS,Our tickets to Australia include a stopover for two nights in Singapore.,2,1,0,1,"lex=1(rare_avg=3.58: stopover(2.70), nights(4.47)) | dictation=long(12)"
1393,#1393 RS,I made a phone call to reserve a table in my favorite restaurant.,2,0,0,2,"lex=0(rare_avg=4.64: reserve(4.60), restaurant(4.68)) | dictation=long(13); dense(7)"
1394,#1394 RS,It has been shown that the number of male nurses has increased substantially.,3,0,2,2,"lex=0(rare_avg=4.05: substantially(3.96), nurses(4.14)) | grammar=passive(been shown); perfect(has been shown) | dictation=long(13); dense(6)"
1395,#1395 RS,You will find a wide variety of choices available in school cafeterias.,2,1,0,2,"lex=1(rare_avg=3.45: cafeterias(2.43), choices(4.46)) | dictation=long(12); dense(7)"
1396,#1396 RS,Winning the first prize often means years of practice and hard work.,2,0,0,2,"lex=0(rare_avg=4.79: prize(4.59), winning(4.98)) | dictation=long(12); dense(9)"
1397,#1397 RS,There are three candidates eligible for election in this ward.,1,0,0,0,"lex=0(rare_avg=4.33: eligible(4.29), ward(4.37))"
1398,#1398 RS,She was really upset about the way her father treated her.,1,0,0,1,"lex=0(rare_avg=4.66: upset(4.61), treated(4.71)) | dictation=long(11)"
1399,#1399 RS,My profession had an important influence on the formation of my character.,2,0,1,1,"lex=0(rare_avg=4.31: profession(4.13), formation(4.49)) | grammar=perfect(had an important) | dictation=long(12)"
1400,#1400 RS,The hotel has a small lounge and a breakfast room on the ground floor.,2,0,0,2,"lex=0(rare_avg=4.27: lounge(3.92), breakfast(4.61)) | dictation=long(14); dense(7)"
1401,#1401 RS,The mountain was sharply defined against the eastern sky.,1,0,1,1,"lex=0(rare_avg=4.22: sharply(3.89), defined(4.56)) | grammar=passive(was sharply defined) | dictation=dense(6)"
1402,#1402 RS,The decisions we take now may influence the course of events in the future.,2,0,1,2,"lex=0(rare_avg=4.75: decisions(4.72), influence(4.78)) | grammar=modal(may) | dictation=long(14); dense(6)"
1403,#1403 RS,Our country has registered a protest over foreign intervention.,1,0,1,0,"lex=0(rare_avg=4.36: intervention(4.26), protest(4.45)) | grammar=perfect(has registered)"
1404,#1404 RS,Health officials have successfully confined the epidemic to a small area.,2,1,1,2,"lex=1(rare_avg=3.81: epidemic(3.80), confined(3.82)) | grammar=perfect(have successfully confined) | dictation=long(11); dense(7)"
1405,#1405 RS,Certain chemicals are easily absorbed into the bloodstream.,1,1,1,0,"lex=1(rare_avg=3.54: bloodstream(3.16), absorbed(3.92)) | grammar=passive(are easily absorbed)"
1406,#1406 RS,When the rain came down the crowd started to disperse.,1,0,0,0,"lex=0(rare_avg=4.00: disperse(3.30), crowd(4.70))"
1407,#1407 RS,Geography is generally divided into two branches: human and physical.,1,0,1,1,"lex=0(rare_avg=4.09: geography(3.98), branches(4.21)) | grammar=passive(is generally divided) | dictation=dense(7)"
1408,#1408 RS,Data processing is the series of operations that are carried out on data.,2,0,1,2,"lex=0(rare_avg=4.62: processing(4.46), carried(4.77)) | grammar=passive(are carried) | dictation=long(13); dense(6)"
1409,#1409 RS,We do not want to see a repetition of last year's tragic events.,2,1,0,3,"lex=1(rare_avg=3.78: repetition(3.48), tragic(4.08)) | dictation=contraction; long(13); dense(7)"
1410,#1410 RS,The scientist analyzed the milk and found it contained too much water.,2,0,0,2,"lex=0(rare_avg=4.05: analyzed(3.90), scientist(4.21)) | dictation=long(12); dense(7)"
1411,#1411 RS,The law will compel employers to provide health insurance.,1,1,0,1,"lex=1(rare_avg=3.76: compel(3.28), employers(4.25)) | dictation=dense(6)"
1412,#1412 RS,"During a successful business career, she accumulated a great amount of wealth.",2,0,0,2,"lex=0(rare_avg=4.11: accumulated(3.70), wealth(4.51)) | dictation=long(12); dense(7)"
1413,#1413 RS,The small island's economy is largely dependent upon tourism.,2,1,1,2,"lex=1(rare_avg=3.85: island's(3.41), dependent(4.28)) | grammar=passive(is largely dependent) | dictation=contraction; dense(7)"
1414,#1414 RS,Children often depend on their parents for food and clothing.,1,0,0,1,"lex=0(rare_avg=4.33: depend(4.20), clothing(4.47)) | dictation=dense(6)"
1415,#1415 RS,For years he managed to keep up the fiction that he was not married.,2,0,1,1,"lex=0(rare_avg=4.60: fiction(4.44), managed(4.76)) | grammar=passive(was not married) | dictation=long(14)"
1416,#1416 RS,Their house is on a hill which overlooks the beautiful sea.,2,0,1,1,"lex=0(rare_avg=3.97: overlooks(3.12), hill(4.82)) | grammar=relative(which) | dictation=long(11)"
1417,#1417 RS,The man has suffered from mental disorders and drug use for years.,2,0,1,2,"lex=0(rare_avg=4.33: disorders(4.14), suffered(4.52)) | grammar=perfect(has suffered) | dictation=long(12); dense(7)"
1418,#1418 RS,Historians use a wide range of primary and secondary sources for their research.,2,0,0,2,"lex=0(rare_avg=4.17: historians(3.82), secondary(4.53)) | dictation=long(13); dense(8)"
1419,#1419 RS,He has been advised by the doctor to increase his fibre intake.,3,1,2,1,"lex=1(rare_avg=3.83: fibre(3.67), intake(3.98)) | grammar=passive(been advised); perfect(has been advised) | dictation=long(12)"
1420,#1420 RS,The red car came to a halt just in time to prevent an accident.,2,0,0,2,"lex=0(rare_avg=4.32: halt(3.93), accident(4.71)) | dictation=long(14); dense(7)"
1421,#1421 RS,The technology company exports both hardware and software.,1,0,0,0,"lex=0(rare_avg=4.20: exports(4.09), hardware(4.30))"
1422,#1422 RS,Incorrect choice of words may lead to ambiguity for the reader.,2,1,1,2,"lex=1(rare_avg=3.66: ambiguity(3.37), incorrect(3.94)) | grammar=modal(may) | dictation=long(11); dense(6)"
1423,#1423 RS,"The lamp on the roadside suddenly went out, leaving us in darkness.",2,1,0,2,"lex=1(rare_avg=3.75: roadside(3.45), lamp(4.05)) | dictation=long(12); dense(6)"
1424,#1424 RS,The woman went to a lawyer for some advice on her case.,1,0,0,1,"lex=0(rare_avg=4.78: lawyer(4.67), advice(4.88)) | dictation=long(12)"
1425,#1425 RS,The teacher told his students to stay calm in an emergency.,2,0,0,2,"lex=0(rare_avg=4.63: calm(4.54), emergency(4.72)) | dictation=long(11); dense(6)"
1426,#1426 RS,I will make this machine work even if I have to stay up all night.,1,0,0,1,"lex=0(rare_avg=5.12: machine(4.90), stay(5.33)) | dictation=long(15)"
1427,#1427 RS,The government must try their best to reconstruct the shattered economy.,2,1,1,2,"lex=1(rare_avg=3.49: reconstruct(3.22), shattered(3.75)) | grammar=modal(must) | dictation=long(11); dense(6)"
1428,#1428 RS,Today's lecture is canceled because the lecturer is ill.,2,1,1,2,"lex=1(rare_avg=3.81: lecturer(3.72), canceled(3.90)) | grammar=passive(is canceled) | dictation=contraction; dense(6)"
1429,#1429 RS,The department determines whether or not the candidates pass.,1,0,0,0,"lex=0(rare_avg=4.17: determines(3.77), candidates(4.56))"
1430,#1430 RS,I am available this Thursday afternoon.,1,0,0,0,"lex=0(rare_avg=5.00: afternoon(4.72), available(5.28))"
1431,#1431 RS,Newspapers around the country are reporting the stories of the president.,2,0,0,2,"lex=0(rare_avg=4.39: newspapers(4.25), reporting(4.54)) | dictation=long(11); dense(6)"
1432,#1432 RS,Foods containing overabundant calories supply little or no nutritional value.,2,2,0,1,"lex=2(rare_avg=2.54: overabundant(1.43), nutritional(3.64)) | dictation=dense(8)"
1433,#1433 RS,Each chapter in this book begins with a quote from a celebrity.,1,0,0,1,"lex=0(rare_avg=4.40: celebrity(4.29), quote(4.51)) | dictation=long(12)"
1434,#1434 RS,He has quit his boring job and is now looking for a creative one.,2,0,0,2,"lex=0(rare_avg=4.48: boring(4.43), quit(4.54)) | dictation=long(14); dense(6)"
1435,#1435 RS,He ordered some new books from America on a website.,1,0,0,0,"lex=0(rare_avg=4.92: ordered(4.74), website(5.09))"
1436,#1436 RS,The accounting office checked each worker's salary every month.,2,1,0,2,"lex=1(rare_avg=3.69: worker's(3.09), accounting(4.29)) | dictation=contraction; dense(6)"
1437,#1437 RS,To write a good essay you must first organize your ideas logically.,2,1,1,2,"lex=1(rare_avg=3.71: logically(3.43), organize(3.98)) | grammar=modal(must) | dictation=long(12); dense(7)"
1438,#1438 RS,The company is expected to triple their profits next year.,1,0,1,1,"lex=0(rare_avg=4.33: triple(4.31), profits(4.36)) | grammar=passive(is expected) | dictation=dense(6)"
1439,#1439 RS,The manager is not available so the receptionist has to handle the matter.,1,0,0,1,"lex=0(rare_avg=4.03: receptionist(3.26), handle(4.79)) | dictation=long(13)"
1440,#1440 RS,It is difficult to make long-term forecasts for a fast-growing industry.,2,0,0,2,"lex=0(rare_avg=4.26: forecasts(3.58), growing(4.94)) | dictation=long(11); dense(8)"
1441,#1441 RS,The government patented the device to the freshman.,1,1,0,0,"lex=1(rare_avg=3.76: patented(3.54), freshman(3.98))"
1442,#1442 RS,The school's audio apparatus includes a new set of multi-media devices.,2,1,0,3,"lex=1(rare_avg=3.81: apparatus(3.78), school's(3.84)) | dictation=contraction; long(11); dense(9)"
1443,#1443 RS,More and more people are beginning to be concerned about our natural environment.,2,0,1,1,"lex=0(rare_avg=4.81: concerned(4.75), environment(4.87)) | grammar=passive(be concerned) | dictation=long(13)"
1444,#1444 RS,Yesterday Mr Brown gave us a brief introduction to the course.,1,0,0,1,"lex=0(rare_avg=4.52: brief(4.52), introduction(4.52)) | dictation=long(11)"
1445,#1445 RS,This section has discussed the relationship between sociology and values.,1,0,1,0,"lex=0(rare_avg=4.12: sociology(3.78), discussed(4.45)) | grammar=perfect(has discussed)"
1446,#1446 RS,It took him more than eight years to graduate from the academy.,1,0,0,1,"lex=0(rare_avg=4.54: graduate(4.50), academy(4.57)) | dictation=long(12)"
1447,#1447 RS,She is widely regarded as the next principal of the university.,2,0,1,1,"lex=0(rare_avg=4.40: regarded(4.29), principal(4.52)) | grammar=passive(is widely regarded) | dictation=long(11)"
1448,#1448 RS,The current labor force is more competitive than it has been for a long time.,2,0,1,2,"lex=0(rare_avg=4.67: competitive(4.57), labor(4.77)) | grammar=perfect(has been) | dictation=long(15); dense(6)"
1449,#1449 RS,Tuition fees will vary according to the field of study.,1,0,0,1,"lex=0(rare_avg=4.11: tuition(3.97), vary(4.25)) | dictation=dense(6)"
1450,#1450 RS,Note that the deadline for the submission of proposals has been extended for a week.,3,0,2,2,"lex=0(rare_avg=4.10: submission(4.07), deadline(4.12)) | grammar=passive(been extended); perfect(has been extended) | dictation=long(15); dense(6)"
1451,#1451 RS,All students must return the books to the college library before the end of the term.,2,0,1,2,"lex=0(rare_avg=5.01: library(4.86), books(5.15)) | grammar=modal(must) | dictation=long(16); dense(7)"
1452,#1452 RS,The interviewer asked her to speak into the microphone.,1,1,0,0,"lex=1(rare_avg=3.62: interviewer(3.51), microphone(3.72))"
1453,#1453 RS,He ranked high among the engineers in chemical technology.,1,0,0,1,"lex=0(rare_avg=4.38: ranked(4.35), engineers(4.41)) | dictation=dense(6)"
1454,#1454 RS,"Two months before his exams, he suddenly plunged into his studies.",2,1,0,2,"lex=1(rare_avg=3.70: plunged(3.40), exams(4.00)) | dictation=long(11); dense(6)"
1455,#1455 RS,The result seems to contradict a study published last November.,1,0,0,1,"lex=0(rare_avg=4.21: contradict(3.35), published(5.07)) | dictation=dense(6)"
1456,#1456 RS,Students on the full-time course are usually sponsored here.,1,0,1,1,"lex=0(rare_avg=4.69: sponsored(4.23), usually(5.15)) | grammar=passive(are usually sponsored) | dictation=dense(6)"
1457,#1457 RS,She was in England for the publication of her new book.,1,0,0,1,"lex=0(rare_avg=4.94: publication(4.45), book(5.43)) | dictation=long(11)"
1458,#1458 RS,The last year has witnessed an economic boost in Asia.,1,0,1,0,"lex=0(rare_avg=4.22: witnessed(4.04), boost(4.41)) | grammar=perfect(has witnessed)"
1459,#1459 RS,He failed to go to his graduation ceremony due to illness.,2,0,0,2,"lex=0(rare_avg=4.24: graduation(4.07), illness(4.41)) | dictation=long(11); dense(6)"
1460,#1460 RS,The railroad workers have asked for a wage increase.,1,0,1,0,"lex=0(rare_avg=4.38: railroad(4.32), wage(4.44)) | grammar=perfect(have asked)"
1461,#1461 RS,The rate of registered marriage has been declining for years.,1,0,1,0,"lex=0(rare_avg=4.17: declining(3.83), registered(4.52)) | grammar=perfect(has been)"
1462,#1462 RS,The school has been shut because of insufficient funds.,1,0,1,0,"lex=0(rare_avg=4.25: insufficient(3.77), funds(4.74)) | grammar=perfect(has been)"
1463,#1463 RS,He was too shocked to give an account of what had happened.,3,0,2,1,"lex=0(rare_avg=4.73: shocked(4.27), happened(5.20)) | grammar=passive(was too shocked); perfect(had happened) | dictation=long(12)"
1464,#1464 RS,Both companies reported a fall in profits in the first quarter of this year.,2,0,0,2,"lex=0(rare_avg=4.54: profits(4.36), quarter(4.72)) | dictation=long(14); dense(7)"
1465,#1465 RS,This thesis is an analytic report about Western culture.,1,1,0,0,"lex=1(rare_avg=3.68: analytic(3.31), thesis(4.05))"
1466,#1466 RS,He's worked in that same office year after year since he was 18.,2,0,0,3,"lex=0(rare_avg=5.28: worked(5.16), office(5.40)) | dictation=contraction; number; long(13); dense(6)"
1467,#1467 RS,People tend to behave differently in different social settings.,1,0,0,1,"lex=0(rare_avg=4.12: behave(4.00), differently(4.23)) | dictation=dense(7)"
1468,#1468 RS,The piece of wood would have been carved into the shape of a flower.,3,0,3,1,"lex=0(rare_avg=4.15: carved(3.88), flower(4.42)) | grammar=modal(would); passive(been carved); modal_perfect(would have been carved) | dictation=long(14)"
1469,#1469 RS,They passed a law against cutting off power supplies.,1,0,0,1,"lex=0(rare_avg=4.54: supplies(4.48), cutting(4.61)) | dictation=dense(6)"
1470,#1470 RS,One of its core businesses was renting telephones and cars.,1,1,0,1,"lex=1(rare_avg=3.40: telephones(3.18), renting(3.62)) | dictation=dense(6)"
1471,#1471 RS,Children tend to have a very short attention span at school.,2,0,0,2,"lex=0(rare_avg=4.32: span(4.07), tend(4.57)) | dictation=long(11); dense(6)"
1472,#1472 RS,Britain's balance of payments deficit has improved slightly.,2,1,1,2,"lex=1(rare_avg=3.87: britain's(3.68), deficit(4.06)) | grammar=perfect(has improved) | dictation=contraction; dense(6)"
1473,#1473 RS,Legal aid is a fundamental part of our system of justice.,2,0,0,2,"lex=0(rare_avg=4.54: fundamental(4.33), aid(4.75)) | dictation=long(11); dense(6)"
1474,#1474 RS,"The professor speaks English, but his native tongue is German.",1,0,0,0,"lex=0(rare_avg=4.40: tongue(4.37), speaks(4.43))"
1475,#1475 RS,He suffered multiple fractures in a motorcycle accident.,1,1,0,0,"lex=1(rare_avg=3.80: fractures(3.53), motorcycle(4.07))"
1476,#1476 RS,The chairman is persuading the committee to agree with his opinion.,1,0,0,1,"lex=0(rare_avg=3.94: persuading(3.09), chairman(4.80)) | dictation=long(11)"
1477,#1477 RS,The economic program for the country has been ignored.,3,0,2,0,"lex=0(rare_avg=4.68: ignored(4.27), economic(5.10)) | grammar=passive(been ignored); perfect(has been ignored)"
1478,#1478 RS,He has been appointed to the chair of the sociology department.,3,0,2,1,"lex=0(rare_avg=4.18: sociology(3.78), appointed(4.59)) | grammar=passive(been appointed); perfect(has been appointed) | dictation=long(11)"
1479,#1479 RS,The university is not responsible for items lost on its premises.,1,0,0,1,"lex=0(rare_avg=4.40: premises(4.02), items(4.78)) | dictation=long(11)"
1480,#1480 RS,The simplest type of journal is called a general journal.,1,0,1,1,"lex=0(rare_avg=4.21: simplest(3.65), journal(4.77)) | grammar=passive(is called) | dictation=dense(6)"
1481,#1481 RS,Advertisements are designed to entice people to spend money.,2,1,1,1,"lex=1(rare_avg=3.45: entice(3.15), advertisements(3.75)) | grammar=passive(are designed) | dictation=dense(6)"
1482,#1482 RS,Forthcoming events are listed on the page of the local newspaper.,2,0,1,2,"lex=0(rare_avg=4.17: forthcoming(3.75), newspaper(4.60)) | grammar=passive(are listed) | dictation=long(11); dense(6)"
1483,#1483 RS,Tom has been suspended from school for his bad conduct.,3,0,2,0,"lex=0(rare_avg=4.42: suspended(4.32), conduct(4.52)) | grammar=passive(been suspended); perfect(has been suspended)"
1484,#1484 RS,He could not feel motivated when studying mathematics.,1,0,1,0,"lex=0(rare_avg=4.14: motivated(4.14), mathematics(4.15)) | grammar=modal(could)"
1485,#1485 RS,She has made rapid progress in the study of philosophy.,1,0,0,0,"lex=0(rare_avg=4.44: rapid(4.38), philosophy(4.49))"
1486,#1486 RS,They were granted to build up a lab within the campus.,2,0,1,1,"lex=0(rare_avg=4.46: lab(4.42), campus(4.51)) | grammar=passive(were granted) | dictation=long(11)"
1487,#1487 RS,A very basic feature of computing is counting and calculating.,1,1,0,0,"lex=1(rare_avg=3.82: calculating(3.57), computing(4.07))"
1488,#1488 RS,The contemporary literature works have been broadened and extended through interpretation.,3,1,2,2,"lex=1(rare_avg=3.63: broadened(3.04), interpretation(4.22)) | grammar=passive(been broadened and extended); perfect(have been broadened) | dictation=long(11); dense(6)"
1489,#1489 RS,She gave up her job to devote herself entirely to the art.,2,0,0,2,"lex=0(rare_avg=4.12: devote(3.53), entirely(4.72)) | dictation=long(12); dense(6)"
1490,#1490 RS,The Japanese recycle more than half of their waste paper each year.,1,0,0,1,"lex=0(rare_avg=4.08: recycle(3.35), waste(4.81)) | dictation=long(12)"
1491,#1491 RS,He suffered a serious injury that forced him to give up work.,2,0,0,2,"lex=0(rare_avg=4.63: suffered(4.52), injury(4.74)) | dictation=long(12); dense(6)"
1492,#1492 RS,The swimming pool is drained and cleaned every winter.,1,1,1,0,"lex=1(rare_avg=3.85: drained(3.69), cleaned(4.02)) | grammar=passive(is drained and cleaned)"
1493,#1493 RS,Jane took her savings out of the bank and bought a bicycle.,2,0,0,2,"lex=0(rare_avg=4.20: bicycle(3.98), jane(4.42)) | dictation=long(12); dense(6)"
1494,#1494 RS,You can minimize the danger of driving by obeying the rules.,2,1,0,1,"lex=1(rare_avg=3.42: obeying(3.03), minimize(3.80)) | dictation=long(11)"
1495,#1495 RS,Newspapers today are entirely free from government control.,1,0,0,1,"lex=0(rare_avg=4.48: newspapers(4.25), entirely(4.72)) | dictation=dense(6)"
1496,#1496 RS,He requested the old man to look after his briefcase.,1,1,0,0,"lex=1(rare_avg=3.71: briefcase(3.09), requested(4.33))"
1497,#1497 RS,There's plenty of room for improvement in his work.,1,0,0,1,"lex=0(rare_avg=4.61: improvement(4.49), plenty(4.72)) | dictation=contraction"
1498,#1498 RS,These grapes produce fruity wines with a high level of alcohol.,2,1,0,2,"lex=1(rare_avg=3.50: fruity(3.26), grapes(3.73)) | dictation=long(11); dense(7)"
1499,#1499 RS,The mountain villages were hazed by mist in the morning.,3,2,1,0,"lex=2(rare_avg=2.87: hazed(2.06), mist(3.67)) | grammar=passive(were hazed)"
1500,#1500 RS,The book deals with the interface between accountancy and law.,1,1,0,0,"lex=1(rare_avg=3.61: accountancy(3.10), interface(4.12))"
1501,#1501 RS,Our immune systems are killing billions of germs every second.,1,1,0,1,"lex=1(rare_avg=3.68: germs(3.39), billions(3.97)) | dictation=dense(6)"
1502,#1502 RS,His understanding of the language is very rudimentary.,1,0,0,0,"lex=0(rare_avg=4.00: rudimentary(3.17), understanding(4.82))"
1503,#1503 RS,The aim of the cruise was to awaken an interest in foreign cultures.,2,1,1,2,"lex=1(rare_avg=3.78: awaken(3.35), cultures(4.20)) | grammar=passive(was to awaken) | dictation=long(13); dense(6)"
1504,#1504 RS,This paper provides a detailed framework for future research.,1,0,0,1,"lex=0(rare_avg=4.40: framework(4.29), detailed(4.51)) | dictation=dense(6)"
1505,#1505 RS,Get all the ingredients together before you start cooking.,1,0,0,0,"lex=0(rare_avg=4.29: ingredients(4.14), cooking(4.45))"
1506,#1506 RS,The students return in October for the start of the new academic year.,2,0,0,2,"lex=0(rare_avg=4.88: academic(4.57), return(5.19)) | dictation=long(13); dense(6)"
1507,#1507 RS,We decided to abandon the first draft of the report and start over.,2,0,0,2,"lex=0(rare_avg=4.31: abandon(4.02), draft(4.61)) | dictation=long(13); dense(6)"
1508,#1508 RS,"My favorite sports are soccer, tennis and basketball.",1,0,0,1,"lex=0(rare_avg=4.42: tennis(4.35), soccer(4.48)) | dictation=list_enum"
1509,#1509 RS,Children will adjust their behavior to meet parental approval.,1,0,0,1,"lex=0(rare_avg=3.92: parental(3.78), adjust(4.07)) | dictation=dense(6)"
1510,#1510 RS,You'll be quite safe if you observe certain basic precautions.,2,1,0,2,"lex=1(rare_avg=3.82: precautions(3.59), observe(4.06)) | dictation=contraction; dense(7)"
1511,#1511 RS,The new system was confronted with great difficulties at the start.,2,0,1,2,"lex=0(rare_avg=4.03: confronted(3.84), difficulties(4.21)) | grammar=passive(was confronted) | dictation=long(11); dense(6)"
1512,#1512 RS,Essays and assignments should be submitted to the department office before the deadline.,3,0,2,2,"lex=0(rare_avg=3.98: assignments(3.88), essays(4.08)) | grammar=modal(should); passive(be submitted) | dictation=long(13); dense(6)"
1513,#1513 RS,Your lowest quiz grade has been omitted from the calculations.,3,1,2,0,"lex=1(rare_avg=3.67: omitted(3.53), quiz(3.82)) | grammar=passive(been omitted); perfect(has been omitted)"
1514,#1514 RS,Students' past education and experience are vital.,1,0,0,0,"lex=0(rare_avg=4.81: vital(4.38), students'(5.25))"
1516,#1516 RS,Application forms for sharing accommodations must be completed two months in advance.,3,0,2,2,"lex=0(rare_avg=4.07: accommodations(3.48), advance(4.65)) | grammar=modal(must); passive(be completed) | dictation=long(12); dense(8)"
1517,#1517 RS,Professor Tim Lee invented the World Wide Web.,1,0,0,0,"lex=0(rare_avg=4.54: invented(4.17), professor(4.90))"
1519,#1519 RS,The evidence was discovered through the study and observation of rocks.,2,0,1,1,"lex=0(rare_avg=4.25: observation(4.13), rocks(4.38)) | grammar=passive(was discovered) | dictation=long(11)"
1520,#1520 RS,"Over time, you will get a far better understanding of the job.",2,0,0,2,"lex=0(rare_avg=5.16: understanding(4.82), far(5.50)) | dictation=long(12); dense(6)"
1521,#1521 RS,Each child was asked to participate in extracurricular activities at school.,2,1,1,2,"lex=1(rare_avg=3.71: extracurricular(2.99), participate(4.42)) | grammar=passive(was asked) | dictation=long(11); dense(6)"
1523,#1523 RS,We were all disappointed to learn that the picnic had been canceled.,3,1,2,1,"lex=1(rare_avg=3.85: picnic(3.80), canceled(3.90)) | grammar=passive(were all disappointed); perfect(had been canceled) | dictation=long(12)"
1526,#1526 RS,He is firmly convinced that it is important to finish his homework on time.,2,0,1,2,"lex=0(rare_avg=4.06: firmly(4.00), homework(4.13)) | grammar=passive(is firmly convinced) | dictation=long(14); dense(6)"
1527,#1527 RS,I tend to watch television for pleasure rather than education.,1,0,1,1,"lex=0(rare_avg=4.57: tend(4.57), pleasure(4.57)) | grammar=phrase(rather than) | dictation=dense(6)"
1528,#1528 RS,Now it is well-known that the Earth's path around the sun is elliptical.,2,0,0,3,"lex=0(rare_avg=3.96: elliptical(3.21), path(4.71)) | dictation=contraction; long(13); dense(6)"
1529,#1529 RS,There are serious penalties for failure to comply with the regulations.,1,0,0,1,"lex=0(rare_avg=4.06: comply(4.04), penalties(4.08)) | dictation=long(11)"
1530,#1530 RS,He was reading the plays of Shakespeare when I met him in the library.,1,0,0,1,"lex=0(rare_avg=4.85: plays(4.84), library(4.86)) | dictation=long(14)"
1531,#1531 RS,The government must deal with this issue as a matter of urgency.,2,0,1,1,"lex=0(rare_avg=4.39: urgency(3.55), issue(5.23)) | grammar=modal(must) | dictation=long(12)"
1532,#1532 RS,Lack of sleep can greatly decrease a person's work efficiency.,1,0,0,2,"lex=0(rare_avg=4.11: person's(4.04), decrease(4.17)) | dictation=contraction; dense(7)"
1533,#1533 RS,The new building will be located in the center of the town.,2,0,1,1,"lex=0(rare_avg=5.03: located(4.86), center(5.19)) | grammar=passive(be located) | dictation=long(12)"
1534,#1534 RS,For weeks the country has been building up a national basketball team.,2,0,1,2,"lex=0(rare_avg=4.88: basketball(4.56), weeks(5.19)) | grammar=perfect(has been) | dictation=long(12); dense(6)"
1535,#1535 RS,Sam is researching the relationship between social classes and education.,1,0,0,1,"lex=0(rare_avg=4.13: researching(3.63), sam(4.64)) | dictation=dense(6)"
1536,#1536 RS,The educational reform was one of the main purposes of their campaign.,2,0,0,2,"lex=0(rare_avg=4.52: purposes(4.51), reform(4.53)) | dictation=long(12); dense(6)"
1537,#1537 RS,It's traditional in America to eat turkey on Thanksgiving Day.,1,0,0,1,"lex=0(rare_avg=4.70: turkey(4.56), traditional(4.84)) | dictation=contraction"
1538,#1538 RS,More than a hundred firemen are still trying to put out the fire.,1,0,0,1,"lex=0(rare_avg=3.91: firemen(3.11), hundred(4.71)) | dictation=long(13)"
1539,#1539 RS,Certain foods seem to contain more potent allergens than others.,1,1,0,1,"lex=1(rare_avg=3.23: allergens(2.71), potent(3.74)) | dictation=dense(7)"
1540,#1540 RS,Those suffering from infectious diseases are separated from other patients.,1,0,1,0,"lex=0(rare_avg=4.05: infectious(3.81), separated(4.30)) | grammar=passive(are separated)"
1541,#1541 RS,The company's new product has attracted a lot of public attention.,2,0,1,3,"lex=0(rare_avg=4.31: company's(4.31), attracted(4.31)) | grammar=perfect(has attracted) | dictation=contraction; long(11); dense(7)"
1542,#1542 RS,She had never achieved her ambition of becoming a famous writer.,2,0,1,1,"lex=0(rare_avg=4.20: ambition(3.91), achieved(4.49)) | grammar=perfect(had never achieved) | dictation=long(11)"
1543,#1543 RS,This is a two-year course taught by means of lectures and seminars.,2,1,0,2,"lex=1(rare_avg=3.73: seminars(3.50), lectures(3.96)) | dictation=long(12); dense(7)"
1544,#1544 RS,She likes to drink milky coffee with a lot of sugar every day.,2,0,0,2,"lex=0(rare_avg=4.09: milky(3.50), sugar(4.68)) | dictation=long(13); dense(7)"
1545,#1545 RS,He failed to satisfy all the requirements for entry to the college.,1,0,0,1,"lex=0(rare_avg=4.31: satisfy(3.98), requirements(4.64)) | dictation=long(12)"
1546,#1546 RS,Our demand for clean water will increase over the next decade.,2,0,0,2,"lex=0(rare_avg=4.68: decade(4.52), demand(4.84)) | dictation=long(11); dense(6)"
1548,#1548 RS,Telecommunication is based on the array of networks.,1,1,1,0,"lex=1(rare_avg=3.63: telecommunication(3.16), array(4.10)) | grammar=passive(is based)"
1549,#1549 RS,Will those happy days ever be forgotten by you?,1,0,1,0,"lex=0(rare_avg=4.88: forgotten(4.40), happy(5.35)) | grammar=passive(be forgotten)"
1550,#1550 RS,They rejected his application to join their football union last week.,2,0,0,2,"lex=0(rare_avg=4.62: rejected(4.37), application(4.86)) | dictation=long(11); dense(7)"
1551,#1551 RS,These industries are polluting our rivers with tons of chemical materials.,2,1,0,2,"lex=1(rare_avg=3.68: polluting(3.07), rivers(4.30)) | dictation=long(11); dense(6)"
1552,#1552 RS,The ocean covers a large portion of the Earth's surface.,1,0,0,1,"lex=0(rare_avg=4.52: covers(4.51), portion(4.53)) | dictation=contraction"
1553,#1553 RS,The librarian has been fired because of a serious mistake.,3,0,2,0,"lex=0(rare_avg=4.11: librarian(3.59), fired(4.63)) | grammar=passive(been fired); perfect(has been fired)"
1554,#1554 RS,The monarchy in England has played an important role in modern British culture.,2,0,1,2,"lex=0(rare_avg=4.35: monarchy(3.67), culture(5.03)) | grammar=perfect(has played an important) | dictation=long(13); dense(6)"
1555,#1555 RS,Nowadays it is almost impossible to dissociate a person's language from his culture.,2,1,0,3,"lex=1(rare_avg=3.25: dissociate(2.46), person's(4.04)) | dictation=contraction; long(13); dense(7)"
1556,#1556 RS,Earthquakes happen when two tectonic plates collide with each other.,1,1,0,1,"lex=1(rare_avg=3.21: tectonic(3.13), collide(3.29)) | dictation=dense(6)"
1557,#1557 RS,He has found a job in a local newspaper agency.,1,0,0,0,"lex=0(rare_avg=4.73: newspaper(4.60), agency(4.87))"
1558,#1558 RS,Somehow they had managed to escape the forest fire.,1,0,1,0,"lex=0(rare_avg=4.58: somehow(4.53), escape(4.64)) | grammar=perfect(had managed)"
1559,#1559 RS,The Health Department is working on the prevention of this new infectious disease.,1,0,0,1,"lex=0(rare_avg=4.04: infectious(3.81), prevention(4.28)) | dictation=long(13)"
1560,#1560 RS,Robots now have been widely applied in many fields of the modern industry.,3,0,2,2,"lex=0(rare_avg=4.27: robots(3.99), widely(4.54)) | grammar=passive(been widely applied); perfect(have been widely applied) | dictation=long(13); dense(7)"
1561,#1561 RS,Media attention has recently shifted to environmental and educational issues.,1,0,1,1,"lex=0(rare_avg=4.29: shifted(3.98), educational(4.60)) | grammar=perfect(has recently shifted) | dictation=dense(7)"
1562,#1562 RS,More and more people regard films as entertainment instead of art.,2,0,0,2,"lex=0(rare_avg=4.48: regard(4.36), entertainment(4.60)) | dictation=long(11); dense(6)"
1563,#1563 RS,It is strongly advised that you purchase some medical insurance for yourself when studying abroad.,2,0,1,2,"lex=0(rare_avg=4.29: advised(4.18), abroad(4.39)) | grammar=passive(is strongly advised) | dictation=long(15); dense(8)"
1564,#1564 RS,The new rules have made thousands more people eligible for legal aid.,2,0,0,2,"lex=0(rare_avg=4.52: eligible(4.29), aid(4.75)) | dictation=long(12); dense(8)"
1565,#1565 RS,Water pollution poses a major threat to the food chain and human health.,2,0,0,2,"lex=0(rare_avg=4.00: poses(3.79), pollution(4.20)) | dictation=long(13); dense(9)"
1566,#1566 RS,The government yesterday announced to the media plans to create a million new jobs.,2,0,0,2,"lex=0(rare_avg=4.94: yesterday(4.91), announced(4.96)) | dictation=long(14); dense(9)"
1567,#1567 RS,The social security system has been accused of producing a culture of dependency.,3,0,2,2,"lex=0(rare_avg=3.99: dependency(3.52), producing(4.45)) | grammar=passive(been accused); perfect(has been accused) | dictation=long(13); dense(7)"
1568,#1568 RS,There was a lack of objectivity in the way the candidates were judged.,2,1,1,1,"lex=1(rare_avg=3.53: objectivity(3.10), judged(3.96)) | grammar=passive(were judged) | dictation=long(13)"
1569,#1569 RS,Alcohol can influence not only our brain but also our liver.,1,0,0,1,"lex=0(rare_avg=4.39: liver(4.18), alcohol(4.61)) | dictation=long(11)"
1570,#1570 RS,To take this course students should have basic subject knowledge.,3,0,2,1,"lex=0(rare_avg=4.92: basic(4.89), subject(4.96)) | grammar=modal(should); modal_perfect(should have basic subject) | dictation=dense(6)"
1571,#1571 RS,The graduation ceremony will be hosted the day after tomorrow.,1,0,1,0,"lex=0(rare_avg=4.16: graduation(4.07), hosted(4.25)) | grammar=passive(be hosted)"
1572,#1572 RS,It is a social convention for people to wear suits on formal occasions.,2,0,0,2,"lex=0(rare_avg=4.25: suits(4.25), occasions(4.26)) | dictation=long(13); dense(7)"
1573,#1573 RS,Most of the students prefer to live outside of the campus.,1,0,0,1,"lex=0(rare_avg=4.54: campus(4.51), prefer(4.57)) | dictation=long(11)"
1574,#1574 RS,There is a special exam designed for students with disabilities.,1,0,0,0,"lex=0(rare_avg=4.09: disabilities(3.93), exam(4.26))"
1575,#1575 RS,He was determined to stick to his plan of traveling overseas.,2,0,1,1,"lex=0(rare_avg=4.28: traveling(4.27), overseas(4.29)) | grammar=passive(was determined) | dictation=long(11)"
1576,#1576 RS,These local colleges have organized students to go on a spring outing next week.,2,1,1,2,"lex=1(rare_avg=3.88: outing(3.50), colleges(4.25)) | grammar=perfect(have organized) | dictation=long(14); dense(9)"
1577,#1577 RS,The board of this university is discussing the list of qualified candidates.,2,0,0,2,"lex=0(rare_avg=4.35: discussing(4.23), qualified(4.46)) | dictation=long(12); dense(6)"
1578,#1578 RS,He sold his farm and thus he had enough money for his journey.,2,0,0,2,"lex=0(rare_avg=4.70: journey(4.65), farm(4.75)) | dictation=long(13); dense(6)"
1579,#1579 RS,"They produced two reports, but neither of them contained any useful suggestions.",2,0,0,2,"lex=0(rare_avg=4.35: suggestions(4.24), contained(4.45)) | dictation=long(12); dense(7)"
1580,#1580 RS,It is important to cite examples to support your argument.,1,0,1,0,"lex=0(rare_avg=4.15: cite(3.67), examples(4.63)) | grammar=passive(is important)"
1582,#1582 RS,Universities across the United Kingdom welcome a range of students.,1,0,0,0,"lex=0(rare_avg=4.68: universities(4.36), welcome(4.99))"
1583,#1583 RS,Universities play major roles in students' lives.,1,0,0,1,"lex=0(rare_avg=4.40: universities(4.36), roles(4.44)) | dictation=dense(6)"
1584,#1584 RS,"In your introduction, show you understand the question in no more than four sentences.",2,0,0,2,"lex=0(rare_avg=4.32: sentences(4.13), introduction(4.52)) | dictation=long(14); dense(6)"
1585,#1585 RS,The subject is complex and difficult to explain.,1,0,0,0,"lex=0(rare_avg=4.88: complex(4.86), explain(4.89))"
1586,#1586 RS,A dictionary is to record the existence and meaning of all words in a language.,2,0,0,2,"lex=0(rare_avg=4.29: dictionary(4.02), existence(4.55)) | dictation=long(15); dense(6)"
1587,#1587 RS,"Guided by their teacher, the students choose their own authentic materials to work with.",2,0,0,2,"lex=0(rare_avg=4.05: authentic(4.04), guided(4.06)) | dictation=long(14); dense(7)"
1588,#1588 RS,Many colleges and universities now offer modular courses to students.,1,1,0,1,"lex=1(rare_avg=3.88: modular(3.51), colleges(4.25)) | dictation=dense(7)"
1589,#1589 RS,The council has decided that the local public libraries will close on Mondays.,2,0,1,2,"lex=0(rare_avg=4.61: libraries(4.14), council(5.08)) | grammar=perfect(has decided) | dictation=long(13); dense(6)"
1590,#1590 RS,These medical colleges and hospitals were funded by a government agency.,2,0,1,2,"lex=0(rare_avg=4.27: colleges(4.25), funded(4.29)) | grammar=passive(were funded) | dictation=long(11); dense(6)"
1591,#1591 RS,This school has provided its teachers with ten more days of sick leave.,3,0,2,2,"lex=0(rare_avg=4.81: teachers(4.74), sick(4.88)) | grammar=adv_sub(provided); perfect(has provided) | dictation=long(13); dense(7)"
1592,#1592 RS,We have strong relationships with counselors and teachers across the country.,2,0,0,2,"lex=0(rare_avg=4.02: counselors(3.36), relationships(4.68)) | dictation=long(11); dense(6)"
1593,#1593 RS,The property is currently being rented by a man who runs a furniture business.,3,0,2,2,"lex=0(rare_avg=4.08: rented(3.88), furniture(4.29)) | grammar=passive(is currently being rented); relative(who) | dictation=long(14); dense(7)"
1594,#1594 RS,The national entertainment company has funded a couple of local movies.,2,0,1,2,"lex=0(rare_avg=4.45: funded(4.29), entertainment(4.60)) | grammar=perfect(has funded) | dictation=long(11); dense(7)"
1595,#1595 RS,A snake suddenly twisted around his arm when he passed across the forest.,2,0,0,2,"lex=0(rare_avg=4.11: twisted(3.98), snake(4.23)) | dictation=long(13); dense(8)"
1596,#1596 RS,The parties agree they will respect all members of this academic community.,2,0,0,2,"lex=0(rare_avg=4.73: academic(4.57), parties(4.89)) | dictation=long(12); dense(6)"
1597,#1597 RS,The teacher forbade the student from taking the exam since he was late.,2,1,0,2,"lex=1(rare_avg=3.64: forbade(3.03), exam(4.26)) | dictation=long(13); dense(7)"
1598,#1598 RS,This article will concentrate on the role of educators with regard to adult education.,2,0,0,2,"lex=0(rare_avg=3.95: educators(3.82), concentrate(4.07)) | dictation=long(14); dense(7)"
1599,#1599 RS,The team will play a critical part in the development of networks.,2,0,0,2,"lex=0(rare_avg=4.64: networks(4.45), critical(4.83)) | dictation=long(12); dense(6)"
1600,#1600 RS,The scholarship is now encouraging applications from students who take undergraduate programs.,2,0,1,2,"lex=0(rare_avg=4.00: undergraduate(3.85), encouraging(4.14)) | grammar=relative(who) | dictation=long(12); dense(7)"
1601,#1601 RS,There were more than half students who didn't come to the lecture.,2,0,1,2,"lex=0(rare_avg=4.70: lecture(4.14), students(5.25)) | grammar=relative(who) | dictation=contraction; long(12)"
1602,#1602 RS,Experts have made some assumptions based on students' study habits.,1,0,0,1,"lex=0(rare_avg=4.08: assumptions(3.95), habits(4.21)) | dictation=dense(7)"
1603,#1603 RS,She was asked to describe what her campus life was like as a freshman.,2,0,1,2,"lex=0(rare_avg=4.25: freshman(3.98), campus(4.51)) | grammar=passive(was asked) | dictation=long(14); dense(6)"
1604,#1604 RS,A team is now studying the behavior of tropical animals.,1,0,0,0,"lex=0(rare_avg=4.30: tropical(4.18), studying(4.42))"
1605,#1605 RS,Their research result has been published on a science website.,3,0,2,0,"lex=0(rare_avg=5.08: published(5.07), website(5.09)) | grammar=passive(been published); perfect(has been published)"
1606,#1606 RS,The bird was fluttering its wings during the rain.,1,1,0,0,"lex=1(rare_avg=3.72: fluttering(2.99), wings(4.44))"
1607,#1607 RS,Journalists need to work with a range of technologies.,1,0,0,0,"lex=0(rare_avg=4.30: journalists(4.29), technologies(4.32))"
1608,#1608 RS,She went to the bank to apply for a mortgage for her house.,1,0,0,1,"lex=0(rare_avg=4.60: mortgage(4.39), apply(4.81)) | dictation=long(13)"
1609,#1609 RS,They will announce the result of the vote at the dining hall tonight.,2,0,0,2,"lex=0(rare_avg=4.20: dining(4.14), announce(4.26)) | dictation=long(13); dense(6)"
1610,#1610 RS,It is renowned as one of the region's best restaurants.,2,1,1,1,"lex=1(rare_avg=3.67: region's(3.39), renowned(3.96)) | grammar=passive(is renowned) | dictation=contraction"
1611,#1611 RS,He refused to comment before he had reviewed all the relevant information.,2,0,1,1,"lex=0(rare_avg=4.38: reviewed(4.23), refused(4.54)) | grammar=perfect(had reviewed) | dictation=long(12)"
1612,#1612 RS,Pictures are scanned into a form of digital information that computers can recognize.,2,0,1,2,"lex=0(rare_avg=3.93: scanned(3.53), computers(4.33)) | grammar=passive(are scanned) | dictation=long(13); dense(7)"
1613,#1613 RS,This is a detailed study of how animals adapt to their environment.,2,0,1,1,"lex=0(rare_avg=4.25: adapt(3.98), detailed(4.51)) | grammar=passive(is a detailed) | dictation=long(12)"
1614,#1614 RS,The brain requires a constant supply of oxygen to keep it alive.,2,0,0,2,"lex=0(rare_avg=4.39: oxygen(4.25), constant(4.54)) | dictation=long(12); dense(7)"
1615,#1615 RS,Companies must be able to survive in the competitive marketplace.,1,0,1,0,"lex=0(rare_avg=4.17: marketplace(3.82), survive(4.52)) | grammar=modal(must)"
1616,#1616 RS,He has carried out extensive research into renewable energy sources.,1,0,1,1,"lex=0(rare_avg=4.20: renewable(3.91), extensive(4.49)) | grammar=perfect(has carried) | dictation=dense(6)"
1617,#1617 RS,Scientists are studying photographs of the planet for signs of life.,2,0,0,2,"lex=0(rare_avg=4.38: photographs(4.34), studying(4.42)) | dictation=long(11); dense(6)"
1618,#1618 RS,What I'm going to do in this lecture is focus on something very specific.,1,0,0,2,"lex=0(rare_avg=4.57: lecture(4.14), focus(5.00)) | dictation=contraction; long(14)"
1619,#1619 RS,A wide range of colours are available in this flower shop.,2,0,0,2,"lex=0(rare_avg=4.29: colours(4.15), flower(4.42)) | dictation=long(11); dense(6)"
1620,#1620 RS,State agencies continue to cut budgets and support to a number of organizations.,2,0,0,2,"lex=0(rare_avg=4.14: budgets(3.74), agencies(4.54)) | dictation=long(13); dense(8)"
1621,#1621 RS,They decided to spread the building process over three years.,1,0,0,1,"lex=0(rare_avg=4.95: spread(4.81), decided(5.09)) | dictation=dense(6)"
1622,#1622 RS,We need to work harder to remain competitive with other companies.,2,0,0,2,"lex=0(rare_avg=4.57: harder(4.57), competitive(4.57)) | dictation=long(11); dense(6)"
1623,#1623 RS,Services need to be organized more efficiently than they are at present.,2,0,1,1,"lex=0(rare_avg=4.15: efficiently(3.79), organized(4.51)) | grammar=passive(be organized) | dictation=long(12)"
1624,#1624 RS,I will be discussing the situation with my colleagues tomorrow.,1,0,0,0,"lex=0(rare_avg=4.26: discussing(4.23), colleagues(4.29))"
1625,#1625 RS,They voted to table the proposal until the following meeting.,1,0,0,1,"lex=0(rare_avg=4.54: proposal(4.47), voted(4.62)) | dictation=dense(6)"
1626,#1626 RS,The plan is designed to motivate employees to work more efficiently.,2,1,1,2,"lex=1(rare_avg=3.70: motivate(3.60), efficiently(3.79)) | grammar=passive(is designed) | dictation=long(11); dense(6)"
1627,#1627 RS,There has been a growing need for qualified teachers of English literature.,2,0,1,1,"lex=0(rare_avg=4.54: qualified(4.46), literature(4.62)) | grammar=perfect(has been) | dictation=long(12)"
1628,#1628 RS,Elderly people tend to become more socially isolated than others.,1,0,0,1,"lex=0(rare_avg=4.05: socially(3.96), elderly(4.15)) | dictation=dense(7)"
1629,#1629 RS,He has tried to persuade his children and parents to change their minds.,2,0,1,2,"lex=0(rare_avg=4.13: persuade(3.82), minds(4.45)) | grammar=perfect(has tried) | dictation=long(13); dense(6)"
1630,#1630 RS,"He has a good job, and yet he never seems to have any money.",1,0,0,1,"lex=0(rare_avg=5.37: seems(5.24), job(5.50)) | dictation=long(14)"
1631,#1631 RS,The newspaper job had me doing the same thing day after day.,2,0,0,2,"lex=0(rare_avg=5.05: newspaper(4.60), job(5.50)) | dictation=long(12); dense(6)"
1632,#1632 RS,The unemployment rate has been projected to fall in the future.,3,0,2,1,"lex=0(rare_avg=4.11: projected(3.99), unemployment(4.22)) | grammar=passive(been projected); perfect(has been projected) | dictation=long(11)"
1633,#1633 RS,Many diet plans have failed because they are too boring.,1,0,1,1,"lex=0(rare_avg=4.50: boring(4.43), diet(4.57)) | grammar=perfect(have failed) | dictation=dense(6)"
1634,#1634 RS,The manager has to check the product quality every now and then.,1,0,0,1,"lex=0(rare_avg=4.96: product(4.95), manager(4.97)) | dictation=long(12)"
1635,#1635 RS,We carefully compared the first report with the second looking for any difference.,2,0,0,2,"lex=0(rare_avg=4.69: carefully(4.46), compared(4.92)) | dictation=long(13); dense(7)"
1636,#1636 RS,The students have been asked to comment on their peers' work.,3,0,2,1,"lex=0(rare_avg=4.45: peers'(4.02), comment(4.88)) | grammar=passive(been asked to comment); perfect(have been asked) | dictation=long(11)"
1637,#1637 RS,The role of diet in cancer prevention will be discussed in the next chapter.,2,0,1,2,"lex=0(rare_avg=4.37: prevention(4.28), discussed(4.45)) | grammar=passive(be discussed) | dictation=long(14); dense(7)"
1638,#1638 RS,It seems that science can satisfactorily explain why the universe still exists.,2,1,0,2,"lex=1(rare_avg=3.66: satisfactorily(2.83), exists(4.48)) | dictation=long(12); dense(6)"
1639,#1639 RS,"When I study, I will underline all the main points in my notes.",1,0,0,1,"lex=0(rare_avg=3.91: underline(2.98), notes(4.84)) | dictation=long(13)"
1640,#1640 RS,It is of the utmost importance that you follow the ethical guidelines carefully.,2,1,0,2,"lex=1(rare_avg=3.84: utmost(3.61), ethical(4.07)) | dictation=long(13); dense(6)"
1641,#1641 RS,The first draft of the presentation is almost ready.,1,0,0,0,"lex=0(rare_avg=4.46: presentation(4.31), draft(4.61))"
1642,#1642 RS,Students may not use calculators in the final exams.,1,1,1,0,"lex=1(rare_avg=3.49: calculators(2.98), exams(4.00)) | grammar=modal(may)"
1643,#1643 RS,"For further information, you need to contact a member of our administration team.",2,0,0,2,"lex=0(rare_avg=4.96: administration(4.93), contact(4.99)) | dictation=long(13); dense(6)"
1644,#1644 RS,"In Russia, my colleagues said my written language was hard to understand.",2,0,0,2,"lex=0(rare_avg=4.69: colleagues(4.29), written(5.09)) | dictation=long(12); dense(6)"
1645,#1645 RS,Remember to bring calculators to class next week.,1,0,0,1,"lex=0(rare_avg=4.12: calculators(2.98), bring(5.27)) | dictation=dense(6)"
1646,#1646 RS,Keeping organized class notes will make study time more efficient.,1,0,0,1,"lex=0(rare_avg=4.46: efficient(4.42), organized(4.51)) | dictation=dense(8)"
1647,#1647 RS,Making a profit and protecting the environment needn't be separate aims.,2,1,0,3,"lex=1(rare_avg=3.55: needn't(2.90), aims(4.21)) | dictation=contraction; long(11); dense(7)"
1648,#1648 RS,We heard the argument against it from several perspectives.,1,0,0,0,"lex=0(rare_avg=4.26: perspectives(3.89), argument(4.64))"
1649,#1649 RS,Companies should do more to limit the amount of harmful gases released into the atmosphere.,2,1,1,2,"lex=1(rare_avg=3.85: gases(3.73), harmful(3.97)) | grammar=modal(should) | dictation=long(15); dense(7)"
1650,#1650 RS,You may use your student identification card to borrow books at the library.,2,0,1,2,"lex=0(rare_avg=4.09: borrow(4.00), identification(4.18)) | grammar=modal(may) | dictation=long(13); dense(7)"
1651,#1651 RS,Most universities have libraries with digital and physical copies of journals.,2,0,0,2,"lex=0(rare_avg=4.03: journals(3.92), libraries(4.14)) | dictation=long(11); dense(6)"
1652,#1652 RS,You have to submit projects by the end of this week.,1,0,0,1,"lex=0(rare_avg=4.54: submit(4.28), projects(4.81)) | dictation=long(11)"
1654,#1654 RS,Computer failure is not an excuse for not submitting assignments on time.,2,1,0,2,"lex=1(rare_avg=3.72: submitting(3.56), assignments(3.88)) | dictation=long(12); dense(6)"
1655,#1655 RS,Assignments should be submitted to the department office before the deadline.,3,0,2,1,"lex=0(rare_avg=4.00: assignments(3.88), deadline(4.12)) | grammar=modal(should); passive(be submitted) | dictation=long(11)"
1656,#1656 RS,Please make sure you have filled in all your details before submitting.,2,0,1,2,"lex=0(rare_avg=4.13: submitting(3.56), filled(4.70)) | grammar=perfect(have filled) | dictation=long(12); dense(6)"
1657,#1657 RS,Please make an appointment before attending the next meeting.,1,0,0,1,"lex=0(rare_avg=4.40: attending(4.31), appointment(4.49)) | dictation=dense(6)"
1658,#1658 RS,The results of the study challenge previously held assumptions.,1,0,0,1,"lex=0(rare_avg=4.39: assumptions(3.95), previously(4.83)) | dictation=dense(6)"
1659,#1659 RS,I took everything to the copy center this morning before class.,2,0,0,2,"lex=0(rare_avg=4.98: copy(4.77), center(5.19)) | dictation=long(11); dense(6)"
1660,#1660 RS,It's obviously vital that companies should fully understand their customers.,2,0,1,2,"lex=0(rare_avg=4.58: vital(4.38), customers(4.78)) | grammar=modal(should) | dictation=contraction; dense(7)"
1661,#1661 RS,You can drop or add your courses online during the registration week.,2,0,0,2,"lex=0(rare_avg=4.39: registration(4.32), courses(4.46)) | dictation=long(12); dense(6)"
1662,#1662 RS,Numerous courses devoted to life sciences are listed in the prospectus.,2,1,1,2,"lex=1(rare_avg=3.70: prospectus(3.22), devoted(4.18)) | grammar=passive(are listed) | dictation=long(11); dense(7)"
1663,#1663 RS,She's doing a master's degree by distance learning.,1,0,0,2,"lex=0(rare_avg=4.32: master's(3.79), distance(4.85)) | dictation=contraction; dense(6)"
1664,#1664 RS,Understanding the historical context will help you appreciate the art in this era.,2,0,0,2,"lex=0(rare_avg=4.65: context(4.63), era(4.67)) | dictation=long(13); dense(7)"
1665,#1665 RS,The campus car park will be closed next weekend.,1,0,1,1,"lex=0(rare_avg=4.71: campus(4.51), closed(4.90)) | grammar=passive(be closed) | dictation=dense(6)"
1666,#1666 RS,Marks will be awarded for a bibliography in the correct format.,2,0,1,1,"lex=0(rare_avg=4.08: bibliography(3.82), awarded(4.35)) | grammar=passive(be awarded) | dictation=long(11)"
1667,#1667 RS,You realize that you can deal with a lot of situations.,1,0,0,1,"lex=0(rare_avg=4.65: situations(4.47), realize(4.83)) | dictation=long(11)"
1668,#1668 RS,The media have had a great influence on people's beliefs and attitudes.,2,0,0,3,"lex=0(rare_avg=4.13: attitudes(4.01), beliefs(4.25)) | dictation=contraction; long(12); dense(6)"
1669,#1669 RS,We’ve been doing research in that area for probably twenty five years.,2,0,0,2,"lex=0(rare_avg=4.61: ve(4.56), twenty(4.65)) | dictation=long(12); dense(8)"
1670,#1670 RS,The trial experiment aims to increase interest in the issue and the jurisdiction clause.,2,0,0,2,"lex=0(rare_avg=4.04: clause(3.99), jurisdiction(4.10)) | dictation=long(14); dense(8)"
1671,#1671 RS,He told me it was the most important assignment of all.,2,0,1,1,"lex=0(rare_avg=4.81: assignment(4.18), important(5.44)) | grammar=passive(was the most important) | dictation=long(11)"
1672,#1672 RS,The text on the book cover must be in capital letters.,2,0,1,1,"lex=0(rare_avg=4.83: letters(4.66), text(5.01)) | grammar=modal(must) | dictation=long(11)"
1673,#1673 RS,Many species have not yet been discovered by biologists.,3,0,2,0,"lex=0(rare_avg=3.99: biologists(3.24), discovered(4.74)) | grammar=passive(been discovered); perfect(have not yet been)"
1674,#1674 RS,The lecture tomorrow will discuss the educational policy in the United States.,1,0,0,1,"lex=0(rare_avg=4.37: lecture(4.14), educational(4.60)) | dictation=long(12)"
1675,#1675 RS,Human activities are the principal cause of global warming.,1,0,0,1,"lex=0(rare_avg=4.29: warming(4.05), principal(4.52)) | dictation=dense(6)"
1676,#1676 RS,"Please note, the proposal submission deadline has been extended.",3,0,2,1,"lex=0(rare_avg=4.10: submission(4.07), deadline(4.12)) | grammar=passive(been extended); perfect(has been extended) | dictation=dense(6)"
1677,#1677 RS,"Students can choose a graduate certificate, a graduate diploma and a master course.",2,0,0,2,"lex=0(rare_avg=4.03: diploma(3.76), certificate(4.29)) | dictation=long(13); dense(8)"
1678,#1678 RS,There are many welcoming activities for new undergraduate and postgraduate students.,2,1,0,2,"lex=1(rare_avg=3.52: postgraduate(3.28), welcoming(3.77)) | dictation=long(11); dense(7)"
1679,#1679 RS,We are considering all candidates' backgrounds and identities.,1,1,0,0,"lex=1(rare_avg=3.79: identities(3.78), backgrounds(3.79))"
1680,#1680 RS,Mobile phone chargers vary enormously from one place to another.,1,1,0,1,"lex=1(rare_avg=3.53: enormously(3.39), chargers(3.67)) | dictation=dense(8)"
1681,#1681 RS,You can borrow up to two books at the same time in the library.,1,0,0,1,"lex=0(rare_avg=4.43: borrow(4.00), library(4.86)) | dictation=long(14)"
1682,#1682 RS,The English expression is just a way of saying that age is not important.,2,0,1,1,"lex=0(rare_avg=4.94: expression(4.55), age(5.32)) | grammar=passive(is not important) | dictation=long(14)"
1683,#1683 RS,The tutorial rooms are located along the left-hand side.,1,0,1,1,"lex=0(rare_avg=4.18: tutorial(3.80), rooms(4.56)) | grammar=passive(are located) | dictation=dense(7)"
1684,#1684 RS,Let us see if the technology is going to cooperate with his presentation.,2,0,0,2,"lex=0(rare_avg=4.05: cooperate(3.79), presentation(4.31)) | dictation=long(13); dense(6)"
1685,#1685 RS,We have very little actual documentation of it.,1,0,0,0,"lex=0(rare_avg=4.40: documentation(3.95), actual(4.85))"
1686,#1686 RS,The final exam will test material from all chapters covered in class this term.,2,0,0,2,"lex=0(rare_avg=4.18: chapters(4.10), exam(4.26)) | dictation=long(14); dense(8)"
1687,#1687 RS,The art course has been cancelled due to the new policy.,3,0,2,2,"lex=0(rare_avg=4.54: cancelled(3.90), policy(5.17)) | grammar=passive(been cancelled); perfect(has been cancelled) | dictation=long(11); dense(6)"
1688,#1688 RS,An essay should use evidence from both primary and secondary sources.,2,0,1,2,"lex=0(rare_avg=4.38: essay(4.23), secondary(4.53)) | grammar=modal(should) | dictation=long(11); dense(6)"
1690,#1690 RS,The amount of time spent on configuration varies considerably.,1,0,0,1,"lex=0(rare_avg=3.96: varies(3.94), configuration(3.97)) | dictation=dense(6)"
1691,#1691 RS,Students are encouraged to think carefully about their accommodation needs.,1,0,1,1,"lex=0(rare_avg=4.19: accommodation(4.06), encouraged(4.32)) | grammar=passive(are encouraged) | dictation=dense(6)"
1692,#1692 RS,Collecting the raw materials proved a long and laborious task.,1,1,0,1,"lex=1(rare_avg=3.49: laborious(2.80), collecting(4.18)) | dictation=dense(7)"
1693,#1693 RS,Tests should be administered by a medical expert.,3,0,2,0,"lex=0(rare_avg=4.26: administered(3.96), expert(4.56)) | grammar=modal(should); passive(be administered)"
1694,#1694 RS,What he’s bringing to the company is financial expertise.,1,0,0,0,"lex=0(rare_avg=4.38: expertise(4.06), bringing(4.71))"
1695,#1695 RS,Lower speed limits are part of a new road safety campaign.,2,0,0,2,"lex=0(rare_avg=4.72: limits(4.47), safety(4.97)) | dictation=long(11); dense(8)"
1696,#1696 RS,Languages are an essential part of the school curriculum.,1,0,0,0,"lex=0(rare_avg=4.27: curriculum(4.12), languages(4.42))"
1697,#1697 RS,I would like to make an appointment to see the professor.,2,0,1,1,"lex=0(rare_avg=4.70: appointment(4.49), professor(4.90)) | grammar=modal(would) | dictation=long(11)"
1698,#1698 RS,The doctor examined her and said she had a chest infection.,1,0,0,1,"lex=0(rare_avg=4.21: examined(4.10), infection(4.33)) | dictation=long(11)"
1699,#1699 RS,Junior hospital technicians have to work very long hours.,1,0,0,1,"lex=0(rare_avg=4.03: technicians(3.57), junior(4.49)) | dictation=dense(6)"
1700,#1700 RS,The new tools are being tested by senior specialists.,1,0,1,0,"lex=0(rare_avg=4.19: specialists(3.90), tested(4.48)) | grammar=passive(are being tested)"
1702,#1702 RS,A company may have the same legal rights as a person.,2,0,1,1,"lex=0(rare_avg=5.13: legal(5.08), rights(5.19)) | grammar=modal(may) | dictation=long(11)"
1703,#1703 RS,This type of butterfly travels to a country with a warmer climate in winter.,2,1,0,2,"lex=1(rare_avg=3.84: warmer(3.76), butterfly(3.93)) | dictation=long(14); dense(7)"
1704,#1704 RS,This teaching method provides the opportunity for students to learn by completing tasks.,2,0,0,2,"lex=0(rare_avg=4.14: completing(4.06), tasks(4.23)) | dictation=long(13); dense(8)"
1705,#1705 RS,You are recommended to only use footnotes when they are necessary.,2,1,1,1,"lex=1(rare_avg=3.85: footnotes(3.20), recommended(4.50)) | grammar=passive(are recommended) | dictation=long(11)"
1706,#1706 RS,Becoming a good actor requires persistence and motivation.,1,1,0,1,"lex=1(rare_avg=3.86: persistence(3.51), motivation(4.22)) | dictation=dense(6)"
1707,#1707 RS,Training covers a range of scenarios that an actor might encounter.,2,0,1,2,"lex=0(rare_avg=4.07: scenarios(3.88), encounter(4.26)) | grammar=modal(might) | dictation=long(11); dense(6)"
1708,#1708 RS,The percentage of respondents who knew that the Earth circles the Sun once each year remained essentially unchanged.,2,1,1,2,"lex=1(rare_avg=3.76: unchanged(3.74), respondents(3.78)) | grammar=relative(who) | dictation=long(18); dense(8)"
1709,#1709 RS,The information you need for this meeting is on the website.,1,0,0,1,"lex=0(rare_avg=5.12: website(5.09), meeting(5.15)) | dictation=long(11)"
1710,#1710 RS,The beggar was laughed at by the children.,1,1,1,0,"lex=1(rare_avg=3.71: beggar(3.17), laughed(4.24)) | grammar=passive(was laughed)"
1711,#1711 RS,The paper must be reviewed thoroughly and appropriately.,3,0,2,0,"lex=0(rare_avg=3.92: appropriately(3.74), thoroughly(4.09)) | grammar=modal(must); passive(be reviewed)"
1712,#1712 RS,This office is for students who want to study abroad.,1,0,1,0,"lex=0(rare_avg=4.82: abroad(4.39), students(5.25)) | grammar=relative(who)"
1713,#1713 RS,The famous magazine tends to publish articles with alternative viewpoints.,1,1,0,1,"lex=1(rare_avg=3.69: viewpoints(3.29), publish(4.10)) | dictation=dense(7)"
1714,#1714 RS,Those children have been anxiously waiting for their presents for a morning.,2,1,1,1,"lex=1(rare_avg=3.75: anxiously(3.09), presents(4.41)) | grammar=perfect(have been) | dictation=long(12)"
1715,#1715 RS,The new contract will help to raise the company's international profile.,2,0,0,3,"lex=0(rare_avg=4.53: company's(4.31), raise(4.75)) | dictation=contraction; long(11); dense(7)"
1716,#1716 RS,We are open to any comments and suggestions on these proposals.,1,0,0,1,"lex=0(rare_avg=4.22: proposals(4.20), suggestions(4.24)) | dictation=long(11)"
1717,#1717 RS,We don't know how many solar systems there are in each galaxy.,2,0,0,3,"lex=0(rare_avg=4.41: galaxy(4.28), solar(4.53)) | dictation=contraction; long(12); dense(6)"
1718,#1718 RS,The policy ensures that there will be no bias between public and private providers.,2,1,1,2,"lex=1(rare_avg=3.87: ensures(3.60), providers(4.13)) | grammar=passive(be no bias between) | dictation=long(14); dense(6)"
1719,#1719 RS,The campaign aims to motivate young people to improve their educational achievements.,2,1,0,2,"lex=1(rare_avg=3.83: motivate(3.60), achievements(4.06)) | dictation=long(12); dense(8)"
1720,#1720 RS,The average human lifespan in developed countries has increased over the last decades.,2,0,1,2,"lex=0(rare_avg=3.98: lifespan(3.37), decades(4.58)) | grammar=perfect(has increased) | dictation=long(13); dense(8)"
1721,#1721 RS,Their research aims to shed light on the workings of people's minds.,2,1,0,3,"lex=1(rare_avg=3.79: workings(3.38), aims(4.21)) | dictation=contraction; long(12); dense(7)"
1722,#1722 RS,The government outlined a new set of proposals on women's rights.,2,0,0,3,"lex=0(rare_avg=4.04: outlined(3.87), proposals(4.20)) | dictation=contraction; long(11); dense(7)"
1723,#1723 RS,The firm has drawn up a budget for the coming financial year.,2,0,1,2,"lex=0(rare_avg=4.66: drawn(4.53), firm(4.79)) | grammar=perfect(has drawn) | dictation=long(12); dense(6)"
1724,#1724 RS,Medicine should not be kept where it is accessible to children.,3,0,3,1,"lex=0(rare_avg=4.46: accessible(4.18), medicine(4.73)) | grammar=modal(should); passive(be kept); relative(where) | dictation=long(11)"
1725,#1725 RS,One common notion is that the elders should be respected.,3,0,2,0,"lex=0(rare_avg=3.94: elders(3.76), respected(4.11)) | grammar=modal(should); passive(be respected)"
1726,#1726 RS,The committee was in the process of formulating a plan.,1,0,0,0,"lex=0(rare_avg=3.98: formulating(2.96), committee(5.01))"
1727,#1727 RS,All the arrangements are now in place for the group's visit.,1,0,0,2,"lex=0(rare_avg=4.05: group's(3.88), arrangements(4.23)) | dictation=contraction; long(11)"
1728,#1728 RS,He studies in particular the fishes of the Indian Ocean.,1,0,0,0,"lex=0(rare_avg=4.20: fishes(3.42), studies(4.98))"
1729,#1729 RS,The Italian cheese has been exported to many different countries.,3,0,2,0,"lex=0(rare_avg=4.07: exported(3.56), cheese(4.57)) | grammar=passive(been exported); perfect(has been exported)"
1730,#1730 RS,The housing sales have been turning down since the last summer.,2,0,1,2,"lex=0(rare_avg=4.74: turning(4.71), housing(4.77)) | grammar=perfect(have been) | dictation=long(11); dense(6)"
1731,#1731 RS,Some of these churches date from even earlier than the last century.,1,0,0,1,"lex=0(rare_avg=4.62: churches(4.27), earlier(4.98)) | dictation=long(12)"
1732,#1732 RS,New scientific discoveries about ancient people have been made every year by scientists.,2,0,1,2,"lex=0(rare_avg=4.12: discoveries(3.73), scientists(4.50)) | grammar=perfect(have been) | dictation=long(13); dense(8)"
1733,#1733 RS,The team has made some minor changes to the new program.,2,0,0,2,"lex=0(rare_avg=4.87: minor(4.62), changes(5.12)) | dictation=long(11); dense(6)"
1734,#1734 RS,The company hopes the cost can be cut by reducing employment.,2,0,0,2,"lex=0(rare_avg=4.38: reducing(4.36), hopes(4.40)) | dictation=long(11); dense(6)"
1735,#1735 RS,The students will have enough time to ask questions after the talk.,2,0,0,2,"lex=0(rare_avg=5.20: questions(5.15), students(5.25)) | dictation=long(12); dense(6)"
1736,#1736 RS,Parents should set a good example for their children.,1,0,1,0,"lex=0(rare_avg=5.24: parents(5.21), example(5.27)) | grammar=modal(should)"
1737,#1737 RS,Schools should provide students with the opportunity to do manual jobs.,2,0,1,2,"lex=0(rare_avg=4.63: manual(4.32), opportunity(4.95)) | grammar=modal(should) | dictation=long(11); dense(6)"
1738,#1738 RS,The worker had absented himself from the office for the day.,3,2,1,1,"lex=2(rare_avg=2.99: absented(1.55), worker(4.43)) | grammar=perfect(had absented) | dictation=long(11)"
1739,#1739 RS,There is absolutely nothing more the medical team can do.,1,0,0,0,"lex=0(rare_avg=5.07: absolutely(4.98), medical(5.16))"
1740,#1740 RS,The court had absolved him of all responsibility for the accident.,2,1,1,1,"lex=1(rare_avg=3.70: absolved(2.69), accident(4.71)) | grammar=perfect(had absolved) | dictation=long(11)"
1741,#1741 RS,The company has to deal with huge losses resulting from its latest investment.,2,0,0,2,"lex=0(rare_avg=4.46: losses(4.45), resulting(4.48)) | dictation=long(13); dense(7)"
1742,#1742 RS,The earthquake has resulted in many thousands of deaths since last week.,2,0,1,2,"lex=0(rare_avg=4.26: earthquake(4.15), resulted(4.37)) | grammar=perfect(has resulted) | dictation=long(12); dense(8)"
1743,#1743 RS,The exhibition has told us the fascinating story of the steam age.,2,0,0,2,"lex=0(rare_avg=4.25: fascinating(4.13), exhibition(4.37)) | dictation=long(12); dense(6)"
1744,#1744 RS,Fruit and vegetables grow in abundance on this small island.,1,0,0,1,"lex=0(rare_avg=4.00: abundance(3.86), vegetables(4.15)) | dictation=dense(6)"
1745,#1745 RS,You can join our virtual open day to learn more about the campus.,2,0,0,2,"lex=0(rare_avg=4.42: virtual(4.32), campus(4.51)) | dictation=long(13); dense(6)"
1746,#1746 RS,A talk will be given by a leading expert from the local government.,2,0,1,2,"lex=0(rare_avg=4.78: expert(4.56), leading(5.00)) | grammar=passive(be given) | dictation=long(13); dense(6)"
1747,#1747 RS,The doctor is also a creative writing tutor and author.,1,0,0,0,"lex=0(rare_avg=4.13: tutor(3.67), creative(4.60))"
1748,#1748 RS,The lecture gives information about common career paths for economics students.,2,0,0,2,"lex=0(rare_avg=4.08: paths(4.02), lecture(4.14)) | dictation=long(11); dense(8)"
1749,#1749 RS,We work with partners throughout the world in healthcare and business.,2,0,0,2,"lex=0(rare_avg=4.51: healthcare(4.47), partners(4.56)) | dictation=long(11); dense(6)"
1750,#1750 RS,The professor regards this research as fundamental to our environment.,1,0,0,0,"lex=0(rare_avg=4.27: regards(4.20), fundamental(4.33))"
1751,#1751 RS,Open access means making research publications freely available online.,1,0,0,1,"lex=0(rare_avg=4.17: freely(4.07), publications(4.27)) | dictation=dense(9)"
1752,#1752 RS,She is a social scientist with a background in urban design and planning.,2,0,0,2,"lex=0(rare_avg=4.43: scientist(4.21), urban(4.65)) | dictation=long(13); dense(6)"
1753,#1753 RS,We did not receive any news during his long absence.,1,0,0,0,"lex=0(rare_avg=4.59: absence(4.34), receive(4.85))"
1754,#1754 RS,Now most of the young people are unable to do manual labor.,1,0,0,1,"lex=0(rare_avg=4.46: manual(4.32), unable(4.61)) | dictation=long(12)"
1755,#1755 RS,He had managed to cover a lot of topics in a short talk.,2,0,1,2,"lex=0(rare_avg=4.51: topics(4.27), managed(4.76)) | grammar=perfect(had managed) | dictation=long(13); dense(6)"
1756,#1756 RS,The family has sold most of its shares and will lose control of the company.,2,0,1,2,"lex=0(rare_avg=4.79: shares(4.60), sold(4.97)) | grammar=perfect(has sold) | dictation=long(15); dense(6)"
1757,#1757 RS,I have made an appointment to see the doctor this morning.,2,0,1,1,"lex=0(rare_avg=4.70: appointment(4.49), doctor(4.90)) | grammar=perfect(have made an appointment) | dictation=long(11)"
1758,#1758 RS,Drinking and driving is one of the most common causes of traffic accidents.,2,0,0,2,"lex=0(rare_avg=4.39: accidents(4.16), causes(4.63)) | dictation=long(13); dense(7)"
1759,#1759 RS,There will be an opportunity to ask questions at the end of the meeting.,1,0,0,1,"lex=0(rare_avg=5.05: opportunity(4.95), questions(5.15)) | dictation=long(14)"
1760,#1760 RS,Diversity of architectural styles is one of the greatest features of the Main Campus.,2,0,0,2,"lex=0(rare_avg=4.14: architectural(3.96), diversity(4.32)) | dictation=long(14); dense(6)"
1761,#1761 RS,The Integrated Learning Program aims at enriching students’ learning experiences.,1,1,0,0,"lex=1(rare_avg=3.62: enriching(3.04), aims(4.21))"
1762,#1762 RS,We offer a wide range of internship opportunities for students.,1,0,0,1,"lex=0(rare_avg=4.11: internship(3.61), opportunities(4.61)) | dictation=dense(6)"
1763,#1763 RS,We look forward to seeing you on your next visit to the library.,2,0,0,2,"lex=0(rare_avg=4.95: library(4.86), seeing(5.04)) | dictation=long(13); dense(6)"
1764,#1764 RS,There may be some disruption to our services over the next few weeks.,2,0,1,1,"lex=0(rare_avg=4.45: disruption(3.71), weeks(5.19)) | grammar=modal(may) | dictation=long(13)"
1765,#1765 RS,The potential to reach new customers through social media has never been greater.,2,0,1,2,"lex=0(rare_avg=4.84: customers(4.78), greater(4.90)) | grammar=perfect(has never been) | dictation=long(13); dense(7)"
1766,#1766 RS,We offer databases and educational resources to students of all ages.,2,0,0,2,"lex=0(rare_avg=4.08: databases(3.62), ages(4.53)) | dictation=long(11); dense(6)"
1767,#1767 RS,This meeting has been hosted by a motivational speaker.,3,1,2,0,"lex=1(rare_avg=3.87: motivational(3.48), hosted(4.25)) | grammar=passive(been hosted); perfect(has been hosted)"
1768,#1768 RS,Please use the button below if you want to reserve a computer.,2,0,0,2,"lex=0(rare_avg=4.58: button(4.56), reserve(4.60)) | dictation=long(12); dense(6)"
1769,#1769 RS,You need to complete the application form before next Friday.,1,0,0,0,"lex=0(rare_avg=4.98: application(4.86), complete(5.10))"
1770,#1770 RS,The annual fee collected is not refundable under any circumstance.,1,1,0,0,"lex=1(rare_avg=3.21: refundable(2.75), circumstance(3.66))"
1771,#1771 RS,We have gathered together the answers to some of our most frequently asked questions.,2,0,1,2,"lex=0(rare_avg=4.41: gathered(4.27), frequently(4.56)) | grammar=perfect(have gathered) | dictation=long(14); dense(6)"
1772,#1772 RS,A number of the university's major sources of funding can be applied.,2,0,1,3,"lex=0(rare_avg=4.21: university's(3.78), funding(4.63)) | grammar=passive(be applied) | dictation=contraction; long(12); dense(6)"
1773,#1773 RS,Students have to cover their living expenses as well as the course fees.,2,0,0,2,"lex=0(rare_avg=4.43: expenses(4.33), fees(4.53)) | dictation=long(13); dense(7)"
1774,#1774 RS,Online courses have made distance learning more accessible than ever.,1,0,0,1,"lex=0(rare_avg=4.32: accessible(4.18), courses(4.46)) | dictation=dense(7)"
1775,#1775 RS,This book is to explore the history of ancient North America.,1,0,0,1,"lex=0(rare_avg=4.49: explore(4.31), ancient(4.68)) | dictation=long(11)"
1776,#1776 RS,We encourage participants to develop their own understanding of the market.,1,0,0,1,"lex=0(rare_avg=4.43: participants(4.40), encourage(4.45)) | dictation=long(11)"
1777,#1777 RS,We don't need to have the experience of writing a story.,1,0,0,2,"lex=0(rare_avg=5.17: writing(5.07), experience(5.27)) | dictation=contraction; long(11)"
1778,#1778 RS,This activity will consider children of different ages and stages.,1,0,0,1,"lex=0(rare_avg=4.48: stages(4.43), ages(4.53)) | dictation=dense(6)"
1779,#1779 RS,The final two sessions will take place on Sunday morning.,1,0,0,1,"lex=0(rare_avg=4.88: sessions(4.48), final(5.28)) | dictation=dense(6)"
1780,#1780 RS,Course materials include a detailed timetable and a reading list.,1,0,0,1,"lex=0(rare_avg=3.97: timetable(3.44), detailed(4.51)) | dictation=dense(7)"
1781,#1781 RS,Tea and coffee will be available in the study rooms on the third floor.,2,0,0,2,"lex=0(rare_avg=4.64: rooms(4.56), tea(4.73)) | dictation=long(14); dense(7)"
1782,#1782 RS,We offer a range of short online courses that are open to everyone.,2,0,0,2,"lex=0(rare_avg=4.75: courses(4.46), offer(5.05)) | dictation=long(13); dense(7)"
1783,#1783 RS,You will need two academic references to support your application.,1,0,0,1,"lex=0(rare_avg=4.50: references(4.42), academic(4.57)) | dictation=dense(6)"
1784,#1784 RS,We offer plenty of sports programs for students to develop a healthy lifestyle.,2,0,0,2,"lex=0(rare_avg=4.50: lifestyle(4.29), plenty(4.72)) | dictation=long(13); dense(8)"
1785,#1785 RS,She continually seeks new and better ways to serve her communities.,2,0,0,2,"lex=0(rare_avg=4.02: continually(3.91), seeks(4.13)) | dictation=long(11); dense(7)"
1786,#1786 RS,A public library can strengthen our communities by connecting people.,1,0,0,1,"lex=0(rare_avg=4.10: strengthen(4.04), connecting(4.16)) | dictation=dense(6)"
1787,#1787 RS,Customers can pick up the camera at the circulation desk of the store.,2,0,0,2,"lex=0(rare_avg=4.20: circulation(3.96), desk(4.43)) | dictation=long(13); dense(6)"
1788,#1788 RS,This library card provides free access to books and other learning materials.,2,0,0,2,"lex=0(rare_avg=4.79: materials(4.78), provides(4.80)) | dictation=long(12); dense(8)"
1789,#1789 RS,Children need books in their own language with settings that reflect their lives.,2,0,0,2,"lex=0(rare_avg=4.31: settings(4.23), reflect(4.39)) | dictation=long(13); dense(7)"
1790,#1790 RS,Supply of clean drinking water is a problem in many parts of the world.,2,0,0,2,"lex=0(rare_avg=4.76: drinking(4.71), supply(4.81)) | dictation=long(14); dense(8)"
1791,#1791 RS,Our students have participated in Exchange Programs to widen their horizons.,2,1,1,1,"lex=1(rare_avg=3.36: widen(3.25), horizons(3.47)) | grammar=perfect(have participated) | dictation=long(11)"
1792,#1792 RS,Our mentors will build and contribute to a friendly relationship with new students.,2,1,0,2,"lex=1(rare_avg=3.81: mentors(3.29), contribute(4.34)) | dictation=long(13); dense(7)"
1793,#1793 RS,You will find general information about the campuses and service support here.,2,0,0,2,"lex=0(rare_avg=4.50: campuses(3.57), information(5.43)) | dictation=long(12); dense(6)"
1794,#1794 RS,The program is for technical and scientific students.,1,0,0,0,"lex=0(rare_avg=4.71: scientific(4.67), technical(4.75))"
1795,#1795 RS,The deadline for assignments is the fourth of February.,1,0,0,0,"lex=0(rare_avg=4.00: assignments(3.88), deadline(4.12))"
1796,#1796 RS,The pandemic has presented education professionals with more challenges than ever before.,2,0,1,2,"lex=0(rare_avg=3.96: pandemic(3.68), professionals(4.24)) | grammar=perfect(has presented) | dictation=long(12); dense(6)"
1797,#1797 RS,The demand for qualified teachers and school administrators is growing.,1,0,0,1,"lex=0(rare_avg=4.16: administrators(3.85), qualified(4.46)) | dictation=dense(6)"
1798,#1798 RS,You will be able to integrate digital media with your study.,1,0,0,1,"lex=0(rare_avg=4.28: integrate(3.72), digital(4.83)) | dictation=long(11)"
1799,#1799 RS,Students are expected to refine their skills in team leadership through this course.,2,0,1,2,"lex=0(rare_avg=4.02: refine(3.28), skills(4.77)) | grammar=passive(are expected) | dictation=long(13); dense(7)"
1800,#1800 RS,"To pass this exam, you have to design and analyze two projects.",2,0,0,2,"lex=0(rare_avg=4.05: analyze(3.84), exam(4.26)) | dictation=long(12); dense(6)"
1801,#1801 RS,The new learning management systems have been updated by a group of experts.,3,0,2,2,"lex=0(rare_avg=4.54: experts(4.52), updated(4.55)) | grammar=passive(been updated); perfect(have been updated) | dictation=long(13); dense(7)"
1802,#1802 RS,The field of internet security is growing and evolving at a rapid pace.,2,0,0,2,"lex=0(rare_avg=4.08: evolving(3.77), rapid(4.38)) | dictation=long(13); dense(7)"
1803,#1803 RS,The objective is to implement a secure network to meet organizational needs.,2,0,1,2,"lex=0(rare_avg=4.02: organizational(3.83), implement(4.20)) | grammar=passive(is to implement) | dictation=long(12); dense(7)"
1804,#1804 RS,It is now becoming too easy to collect and analyze information from computer networks.,2,0,0,2,"lex=0(rare_avg=4.11: analyze(3.84), collect(4.37)) | dictation=long(14); dense(7)"
1805,#1805 RS,The discussion covers business principles and practices in the context of everyday business events.,2,0,0,2,"lex=0(rare_avg=4.45: principles(4.42), everyday(4.47)) | dictation=long(14); dense(9)"
1806,#1806 RS,Global issues may affect women's lives in a positive,2,0,1,2,"lex=0(rare_avg=4.64: affect(4.59), women's(4.70)) | grammar=modal(may) | dictation=contraction; dense(6)"
1807,#1807 RS,Your aim is to recognize the impact of gender in all academic disciplines.,2,0,0,2,"lex=0(rare_avg=4.10: disciplines(3.69), aim(4.51)) | dictation=long(13); dense(6)"
1808,#1808 RS,Data visualization techniques are used to gain better insights into customer experience.,2,1,0,2,"lex=1(rare_avg=3.59: visualization(3.32), insights(3.86)) | dictation=long(12); dense(9)"
1809,#1809 RS,You need to work harder to achieve your professional goals.,1,0,0,1,"lex=0(rare_avg=4.57: harder(4.57), achieve(4.57)) | dictation=dense(6)"
1810,#1810 RS,Teachers can also help students to select their future career pathway.,2,0,0,2,"lex=0(rare_avg=4.11: pathway(3.77), select(4.45)) | dictation=long(11); dense(7)"
1811,#1811 RS,It's important that we interact effectively and appropriately within a diverse society.,2,1,0,3,"lex=1(rare_avg=3.90: appropriately(3.74), interact(4.05)) | dictation=contraction; long(12); dense(8)"
1812,#1812 RS,He is able to understand diverse perspectives about women's literature.,1,0,0,2,"lex=0(rare_avg=4.07: perspectives(3.89), diverse(4.24)) | dictation=contraction; dense(6)"
1813,#1813 RS,The analysis is related to gender equality and the aging issue.,2,0,1,2,"lex=0(rare_avg=4.15: aging(4.04), equality(4.26)) | grammar=passive(is related) | dictation=long(11); dense(6)"
1814,#1814 RS,A balanced approach to teaching and learning is important in education.,2,0,1,2,"lex=0(rare_avg=4.45: balanced(4.18), teaching(4.72)) | grammar=passive(is important) | dictation=long(11); dense(6)"
1815,#1815 RS,We have worked together to promote a healthy research culture.,1,0,1,1,"lex=0(rare_avg=4.68: promote(4.56), healthy(4.80)) | grammar=perfect(have worked) | dictation=dense(6)"
1816,#1816 RS,The placements are available from small local businesses to multinational organizations.,2,1,0,2,"lex=1(rare_avg=3.42: placements(3.27), multinational(3.56)) | dictation=long(11); dense(7)"
1817,#1817 RS,You may let us know what projects interest you the most.,2,0,1,1,"lex=0(rare_avg=4.99: projects(4.81), interest(5.17)) | grammar=modal(may) | dictation=long(11)"
1818,#1818 RS,He had been carrying on his business until he retired last year.,2,0,1,2,"lex=0(rare_avg=4.53: retired(4.44), carrying(4.61)) | grammar=perfect(had been) | dictation=long(12); dense(6)"
1819,#1819 RS,The capacity to listen to colleagues is often considered a great skill.,2,0,1,2,"lex=0(rare_avg=4.36: colleagues(4.29), skill(4.42)) | grammar=passive(is often considered) | dictation=long(12); dense(7)"
1820,#1820 RS,The family business is now run as a cooperative.,1,0,1,0,"lex=0(rare_avg=4.67: cooperative(3.86), run(5.49)) | grammar=passive(is now run)"
1821,#1821 RS,Transport has always been the key to developing international trade in this century.,2,0,1,2,"lex=0(rare_avg=4.67: developing(4.66), transport(4.68)) | grammar=perfect(has always been) | dictation=long(13); dense(6)"
1822,#1822 RS,The householder has a duty to take good care of the visitor's safety.,2,2,0,3,"lex=2(rare_avg=2.79: visitor's(2.65), householder(2.94)) | dictation=contraction; long(13); dense(7)"
1823,#1823 RS,Right now we have the ability to tackle these global issues.,1,0,0,1,"lex=0(rare_avg=4.55: tackle(4.15), global(4.95)) | dictation=long(11)"
1824,#1824 RS,No one is suggesting that any health risks attach to this product.,2,0,0,2,"lex=0(rare_avg=4.00: attach(3.75), suggesting(4.25)) | dictation=long(12); dense(6)"
1825,#1825 RS,Children of compulsory school age must be enrolled in school and attend every day.,3,1,2,2,"lex=1(rare_avg=3.81: compulsory(3.70), enrolled(3.92)) | grammar=modal(must); passive(be enrolled) | dictation=long(14); dense(8)"
1826,#1826 RS,Aboriginal people have a long tradition of teaching and learning in their own method.,2,0,0,2,"lex=0(rare_avg=4.14: aboriginal(3.78), tradition(4.50)) | dictation=long(14); dense(7)"
1827,#1827 RS,As a parent you need to choose the school that best suits your child.,2,0,0,2,"lex=0(rare_avg=4.41: suits(4.25), parent(4.57)) | dictation=long(14); dense(7)"
1828,#1828 RS,The school has developed a creative partnership with parents.,1,0,1,0,"lex=0(rare_avg=4.54: partnership(4.48), creative(4.60)) | grammar=perfect(has developed)"
1829,#1829 RS,Children need to be provided with an appropriate learning environment.,3,0,2,1,"lex=0(rare_avg=4.77: appropriate(4.67), environment(4.87)) | grammar=adv_sub(provided); passive(be provided) | dictation=dense(6)"
1830,#1830 RS,The impact of public policy on gender and aging needs to be addressed.,2,0,1,2,"lex=0(rare_avg=4.15: aging(4.04), addressed(4.26)) | grammar=passive(be addressed) | dictation=long(13); dense(7)"
1831,#1831 RS,You can find faculty and staff by department or unit through the university's directories.,2,1,0,3,"lex=1(rare_avg=3.48: directories(3.19), university's(3.78)) | dictation=contraction; long(14); dense(7)"
1832,#1832 RS,The university embraces diversity and is committed to the discovery of knowledge.,2,1,1,2,"lex=1(rare_avg=3.83: embraces(3.35), diversity(4.32)) | grammar=passive(is committed) | dictation=long(12); dense(6)"
1833,#1833 RS,We want to improve the quality of life and the standard of living.,2,0,0,2,"lex=0(rare_avg=4.91: improve(4.79), standard(5.03)) | dictation=long(13); dense(6)"
1834,#1834 RS,We are committed to quality programs and responsive to a rapidly changing world.,2,0,1,2,"lex=0(rare_avg=4.02: responsive(3.70), rapidly(4.34)) | grammar=passive(are committed) | dictation=long(13); dense(7)"
1835,#1835 RS,"Through quality teaching, the university is committed to developing the knowledge.",2,0,1,2,"lex=0(rare_avg=4.66: committed(4.65), developing(4.66)) | grammar=passive(is committed) | dictation=long(11); dense(6)"
1836,#1836 RS,Their work provides support to numerous projects related to the goals of the departments.,2,0,0,2,"lex=0(rare_avg=4.43: departments(4.20), numerous(4.65)) | dictation=long(14); dense(8)"
1837,#1837 RS,You will learn to apply business strategies to solve problems in the production of agricultural goods.,2,0,0,2,"lex=0(rare_avg=4.31: strategies(4.29), agricultural(4.34)) | dictation=long(16); dense(9)"
1838,#1838 RS,"Plant pathology is the study of plant diseases, their causes and effects.",2,0,0,2,"lex=0(rare_avg=3.96: pathology(3.57), diseases(4.36)) | dictation=long(12); dense(7)"
1839,#1839 RS,Please visit individual department websites to explore more research options.,1,0,0,1,"lex=0(rare_avg=4.25: websites(4.20), explore(4.31)) | dictation=dense(8)"
1840,#1840 RS,Extension is only available under special circumstances.,1,0,0,0,"lex=0(rare_avg=4.53: extension(4.46), circumstances(4.59))"
1841,#1841 RS,He used to take a walk in a small garden after dinner.,2,0,0,2,"lex=0(rare_avg=4.78: garden(4.77), dinner(4.78)) | dictation=long(12); dense(6)"
1842,#1842 RS,The lecture on how to keep plants healthy will be hosted next week.,2,0,1,2,"lex=0(rare_avg=4.20: lecture(4.14), hosted(4.25)) | grammar=passive(be hosted) | dictation=long(13); dense(7)"
1843,#1843 RS,You must include a statement that you are taking all courses through distance education.,2,0,1,2,"lex=0(rare_avg=4.65: courses(4.46), distance(4.85)) | grammar=modal(must) | dictation=long(14); dense(6)"
1844,#1844 RS,This website can help users to tackle a typical domestic issue.,2,0,0,2,"lex=0(rare_avg=4.37: tackle(4.15), typical(4.59)) | dictation=long(11); dense(7)"
1845,#1845 RS,"Before these papers are issued, make sure they are formally reviewed.",2,0,1,2,"lex=0(rare_avg=4.12: formally(4.01), reviewed(4.23)) | grammar=passive(are issued) | dictation=long(11); dense(6)"
1846,#1846 RS,You can join us to apply knowledge to make this world a better place.,2,0,0,2,"lex=0(rare_avg=4.88: apply(4.81), knowledge(4.96)) | dictation=long(14); dense(7)"
1847,#1847 RS,Agriculture is more than just farming; it's also about energy and conservation.,1,0,0,2,"lex=0(rare_avg=4.27: farming(4.21), conservation(4.33)) | dictation=contraction; long(12)"
1848,#1848 RS,We have been trained to investigate how cultural systems matter in this situation.,3,0,2,2,"lex=0(rare_avg=4.45: investigate(4.31), trained(4.58)) | grammar=passive(been trained); perfect(have been trained) | dictation=long(13); dense(6)"
1849,#1849 RS,They're discussing the most efficient strategy to manage the risks facing the business.,2,0,0,3,"lex=0(rare_avg=4.29: discussing(4.23), risks(4.35)) | dictation=contraction; long(13); dense(8)"
1850,#1850 RS,You will get a broad foundation in the technology of machine systems.,2,0,0,2,"lex=0(rare_avg=4.67: broad(4.53), foundation(4.81)) | dictation=long(12); dense(6)"
1851,#1851 RS,Improving the quality of air and water is important to human beings.,2,0,1,2,"lex=0(rare_avg=4.28: beings(4.19), improving(4.37)) | grammar=passive(is important) | dictation=long(12); dense(7)"
1852,#1852 RS,There is widespread concern that new houses will be built on protected land.,2,0,1,2,"lex=0(rare_avg=4.35: widespread(4.19), protected(4.51)) | grammar=passive(be built on protected) | dictation=long(13); dense(7)"
1853,#1853 RS,Animal science can be applied to a wide variety of careers and industries.,2,0,1,2,"lex=0(rare_avg=4.25: careers(4.08), industries(4.42)) | grammar=passive(be applied) | dictation=long(13); dense(7)"
1854,#1854 RS,"For many years, the schools attempted to neutralize controversies over race.",2,1,0,2,"lex=1(rare_avg=3.26: neutralize(3.12), controversies(3.40)) | dictation=long(11); dense(7)"
1855,#1855 RS,Schools have to play their full part in promoting the welfare of children.,2,0,0,2,"lex=0(rare_avg=4.36: promoting(4.28), welfare(4.43)) | dictation=long(13); dense(7)"
1856,#1856 RS,This summer program has been illustrated with many photographs of activities.,3,0,2,2,"lex=0(rare_avg=4.25: illustrated(4.17), photographs(4.34)) | grammar=passive(been illustrated); perfect(has been illustrated) | dictation=long(11); dense(6)"
1857,#1857 RS,A team of teachers is trying to come up with an innovative curriculum.,2,0,0,2,"lex=0(rare_avg=4.11: innovative(4.10), curriculum(4.12)) | dictation=long(13); dense(6)"
1858,#1858 RS,"In order to achieve the educational goals, tutors often have to encourage students.",2,1,1,2,"lex=1(rare_avg=3.80: tutors(3.15), encourage(4.45)) | grammar=phrase(in order to) | dictation=long(13); dense(8)"
1859,#1859 RS,"In Canada, children prefer to go to public schools instead of private ones.",2,0,0,2,"lex=0(rare_avg=4.81: prefer(4.57), schools(5.05)) | dictation=long(13); dense(8)"
1860,#1860 RS,All faculty members contribute to the discovery and dissemination of new knowledge.,2,1,0,2,"lex=1(rare_avg=3.79: dissemination(3.26), faculty(4.32)) | dictation=long(12); dense(7)"
1861,#1861 RS,There are lots of opportunities to meet people in this course.,1,0,0,1,"lex=0(rare_avg=4.75: opportunities(4.61), lots(4.88)) | dictation=long(11)"
1862,#1862 RS,The bus right out in the front will take you to the station.,1,0,0,1,"lex=0(rare_avg=4.92: bus(4.83), station(5.01)) | dictation=long(13)"
1863,#1863 RS,This is a practical and comprehensive guide to planning and developing a curriculum.,2,0,0,2,"lex=0(rare_avg=4.24: curriculum(4.12), comprehensive(4.36)) | dictation=long(13); dense(6)"
1864,#1864 RS,This textbook teaches data science and machine learning methods for control of complex systems.,2,1,0,2,"lex=1(rare_avg=3.86: textbook(3.77), teaches(3.95)) | dictation=long(14); dense(10)"
1865,#1865 RS,"In the plant, skilled workers who perform key jobs form into groups.",2,0,1,2,"lex=0(rare_avg=4.39: skilled(4.13), perform(4.66)) | grammar=relative(who) | dictation=long(12); dense(8)"
1866,#1866 RS,People form into teams to achieve goals which are beyond the reach of an individual.,2,0,1,2,"lex=0(rare_avg=4.76: achieve(4.57), reach(4.94)) | grammar=relative(which) | dictation=long(15); dense(8)"
1867,#1867 RS,Students who have completed a placement are more likely to obtain a good job.,3,0,2,2,"lex=0(rare_avg=4.22: placement(4.04), obtain(4.40)) | grammar=perfect(have completed a placement); relative(who) | dictation=long(14); dense(7)"
1868,#1868 RS,The bus line was established to determine the effect of improved public transportation.,2,0,1,2,"lex=0(rare_avg=4.59: transportation(4.57), improved(4.61)) | grammar=passive(was established) | dictation=long(13); dense(8)"
1869,#1869 RS,An inquiry was set up to determine the cause of the accident.,2,0,1,1,"lex=0(rare_avg=4.44: inquiry(4.25), determine(4.63)) | grammar=passive(was set) | dictation=long(12)"
1870,#1870 RS,He learnt to play the piano at an early age.,1,0,0,0,"lex=0(rare_avg=4.09: learnt(3.87), piano(4.31))"
1871,#1871 RS,Air pollution in our country has risen above an acceptable level.,2,0,1,2,"lex=0(rare_avg=4.03: risen(3.86), pollution(4.20)) | grammar=perfect(has risen) | dictation=long(11); dense(6)"
1872,#1872 RS,There is no compelling reason for me to believe him.,1,0,0,0,"lex=0(rare_avg=4.65: compelling(3.98), reason(5.32))"
1873,#1873 RS,The equipment is able to sense the presence of toxic gases.,2,0,0,2,"lex=0(rare_avg=3.99: gases(3.73), toxic(4.24)) | dictation=long(11); dense(6)"
1874,#1874 RS,The Prime Minister is understood to have been extremely angry about the report.,2,0,1,1,"lex=0(rare_avg=4.62: understood(4.58), angry(4.66)) | grammar=perfect(have been) | dictation=long(13)"
1875,#1875 RS,There was a notice on the board saying the class had been canceled.,3,0,2,1,"lex=0(rare_avg=4.40: canceled(3.90), notice(4.90)) | grammar=passive(been canceled); perfect(had been canceled) | dictation=long(13)"
1876,#1876 RS,I perceived a change in his behavior over those months.,1,0,0,0,"lex=0(rare_avg=4.43: perceived(4.16), behavior(4.69))"
1877,#1877 RS,This leaflet is produced for the information of our customers.,1,0,1,0,"lex=0(rare_avg=3.95: leaflet(3.12), customers(4.78)) | grammar=passive(is produced)"
1878,#1878 RS,She taught me to be less critical of other people.,1,0,0,0,"lex=0(rare_avg=4.75: taught(4.68), critical(4.83))"
1879,#1879 RS,She was making a play for the sales manager's job.,1,0,0,1,"lex=0(rare_avg=4.06: manager's(3.11), sales(5.02)) | dictation=contraction"
1880,#1880 RS,It sounds as if they might have made a dreadful mistake.,2,0,1,1,"lex=0(rare_avg=4.17: dreadful(3.66), mistake(4.67)) | grammar=modal(might) | dictation=long(11)"
1881,#1881 RS,We have booked a famous band for our wedding reception.,1,0,1,0,"lex=0(rare_avg=4.14: booked(4.05), reception(4.23)) | grammar=perfect(have booked)"
1882,#1882 RS,They have fostered a hundred children during the past ten years.,2,0,1,2,"lex=0(rare_avg=3.94: fostered(3.17), hundred(4.71)) | grammar=perfect(have fostered a hundred) | dictation=long(11); dense(6)"
1883,#1883 RS,"If your pharmacy doesn't stock the product you want, let them order it for you.",2,0,0,3,"lex=0(rare_avg=4.40: pharmacy(3.87), stock(4.93)) | dictation=contraction; long(15); dense(7)"
1884,#1884 RS,Parking lot owners should be legally responsible for protecting vehicles.,1,0,1,1,"lex=0(rare_avg=4.25: legally(4.21), protecting(4.30)) | grammar=modal(should) | dictation=dense(7)"
1885,#1885 RS,He asked his daughter what she would like for her birthday.,2,0,1,1,"lex=0(rare_avg=4.92: birthday(4.76), daughter(5.07)) | grammar=modal(would) | dictation=long(11)"
1886,#1886 RS,The designer will be unveiling her latest fashions for autumn and winter.,2,1,0,2,"lex=1(rare_avg=3.22: unveiling(3.22), fashions(3.22)) | dictation=long(12); dense(6)"
1887,#1887 RS,Stretching exercises can help you avoid injury and improve your performance.,2,0,0,2,"lex=0(rare_avg=3.99: stretching(3.85), exercises(4.12)) | dictation=long(11); dense(7)"
1888,#1888 RS,The government has been committed to housing the homeless people.,3,0,2,0,"lex=0(rare_avg=4.46: homeless(4.26), committed(4.65)) | grammar=passive(been committed); perfect(has been committed)"
1889,#1889 RS,The most serious cases were treated at the scene of the accident.,2,0,1,1,"lex=0(rare_avg=4.71: treated(4.71), accident(4.71)) | grammar=passive(were treated) | dictation=long(12)"
1890,#1890 RS,He refused to comment before he had seen all the relevant information.,1,0,0,1,"lex=0(rare_avg=4.58: refused(4.54), relevant(4.61)) | dictation=long(12)"
1891,#1891 RS,"In case of fire, always remember to ring the alarm bell immediately.",2,0,1,2,"lex=0(rare_avg=4.44: alarm(4.28), bell(4.59)) | grammar=phrase(in case) | dictation=long(12); dense(7)"
1892,#1892 RS,In no sense can the issue be said to be resolved.,2,0,1,1,"lex=0(rare_avg=4.64: resolved(4.10), sense(5.19)) | grammar=passive(be said) | dictation=long(11)"
1893,#1893 RS,The study of data communications is concerned with the form of data as it's communicated.,2,0,1,3,"lex=0(rare_avg=4.06: communicated(3.53), communications(4.59)) | grammar=passive(is concerned) | dictation=contraction; long(15); dense(8)"
1894,#1894 RS,They had been forced to find cheap tickets in the gallery.,3,0,2,1,"lex=0(rare_avg=4.54: gallery(4.49), tickets(4.60)) | grammar=passive(been forced); perfect(had been forced) | dictation=long(11)"
1895,#1895 RS,These pioneers have transformed clinical medicine from an art to a science.,2,1,1,2,"lex=1(rare_avg=3.81: pioneers(3.55), transformed(4.08)) | grammar=perfect(have transformed) | dictation=long(12); dense(6)"
1896,#1896 RS,We spend the time presenting the information in a variety of chart forms.,2,0,0,2,"lex=0(rare_avg=4.28: presenting(4.08), chart(4.47)) | dictation=long(13); dense(7)"
1897,#1897 RS,"Levels of pollution present in the atmosphere are increasing, which is rather concerning.",2,0,1,2,"lex=0(rare_avg=4.25: pollution(4.20), concerning(4.31)) | grammar=relative(which) | dictation=long(13); dense(7)"
1898,#1898 RS,Please check that these details are correct before submitting the sheet.,2,0,0,2,"lex=0(rare_avg=3.98: submitting(3.56), sheet(4.40)) | dictation=long(11); dense(6)"
1899,#1899 RS,The eyesight can be corrected in minutes by the use of a laser.,2,1,1,1,"lex=1(rare_avg=3.62: eyesight(3.28), corrected(3.95)) | grammar=passive(be corrected) | dictation=long(13)"
1900,#1900 RS,The organisms were forced to adapt in order to survive.,3,1,2,0,"lex=1(rare_avg=3.89: organisms(3.80), adapt(3.98)) | grammar=phrase(in order to); passive(were forced)"
1901,#1901 RS,The young professor amazed us with his knowledge of history.,1,0,0,0,"lex=0(rare_avg=4.41: amazed(3.91), professor(4.90))"
1902,#1902 RS,We all hope that this film will be a commercial success.,1,0,0,1,"lex=0(rare_avg=4.99: commercial(4.92), success(5.06)) | dictation=long(11)"
1903,#1903 RS,We have already succeeded in working out ground rules with the department.,2,0,1,1,"lex=0(rare_avg=4.60: succeeded(4.14), rules(5.06)) | grammar=perfect(have already succeeded) | dictation=long(12)"
1904,#1904 RS,The fund shortage put him and his colleagues in a difficult situation.,2,0,0,2,"lex=0(rare_avg=4.10: shortage(3.91), colleagues(4.29)) | dictation=long(12); dense(6)"
1905,#1905 RS,Shelves were built to adapt the library for use as an office.,2,1,1,2,"lex=1(rare_avg=3.87: shelves(3.76), adapt(3.98)) | grammar=passive(were built) | dictation=long(12); dense(6)"
1906,#1906 RS,Their early success was succeeded by a period of miserable failure.,2,0,1,2,"lex=0(rare_avg=4.11: miserable(4.07), succeeded(4.14)) | grammar=passive(was succeeded) | dictation=long(11); dense(6)"
1907,#1907 RS,The company is now well positioned to compete in foreign markets.,2,0,1,2,"lex=0(rare_avg=4.09: positioned(3.79), compete(4.39)) | grammar=passive(is now well positioned) | dictation=long(11); dense(6)"
1908,#1908 RS,She possessed the skills and qualities needed to succeed in a business.,2,0,0,2,"lex=0(rare_avg=3.96: possessed(3.85), qualities(4.06)) | dictation=long(12); dense(6)"
1909,#1909 RS,Many of her novels regarding female mental health have been adapted for television.,3,0,2,2,"lex=0(rare_avg=4.13: novels(4.10), adapted(4.17)) | grammar=passive(been adapted); perfect(have been adapted) | dictation=long(13); dense(8)"
1910,#1910 RS,The airport is being privately funded by a construction group.,1,0,1,0,"lex=0(rare_avg=4.15: privately(4.01), funded(4.29)) | grammar=passive(is being privately funded)"
1911,#1911 RS,Her new job as a technician does not start until May.,2,0,1,1,"lex=0(rare_avg=4.60: technician(3.70), job(5.50)) | grammar=modal(may) | dictation=long(11)"
1912,#1912 RS,The map shows the distribution of this species across the world.,2,0,0,2,"lex=0(rare_avg=4.70: distribution(4.64), map(4.76)) | dictation=long(11); dense(6)"
1913,#1913 RS,This global issue will be discussed in more detail in the next chapter.,2,0,1,2,"lex=0(rare_avg=4.51: discussed(4.45), detail(4.57)) | grammar=passive(be discussed) | dictation=long(13); dense(6)"
1914,#1914 RS,She went into the kitchen in search of a soft drink.,1,0,0,1,"lex=0(rare_avg=4.67: kitchen(4.65), soft(4.68)) | dictation=long(11)"
1915,#1915 RS,He came across this story while he was searching local news articles.,2,0,0,2,"lex=0(rare_avg=4.54: searching(4.36), articles(4.71)) | dictation=long(12); dense(8)"
1916,#1916 RS,Our beach house is just a couple of miles from the ocean.,1,0,0,1,"lex=0(rare_avg=4.81: ocean(4.70), beach(4.92)) | dictation=long(12)"
1917,#1917 RS,The ability to get straight to the core of a problem is very important.,2,0,1,2,"lex=0(rare_avg=4.85: core(4.73), ability(4.96)) | grammar=passive(is very important) | dictation=long(14); dense(6)"
1918,#1918 RS,The new manager brings a great wealth of experience to the job.,2,0,0,2,"lex=0(rare_avg=4.56: wealth(4.51), brings(4.61)) | dictation=long(12); dense(7)"
1919,#1919 RS,It has snowed almost every day for the past week.,1,0,1,0,"lex=0(rare_avg=4.12: snowed(2.88), past(5.36)) | grammar=perfect(has snowed)"
1920,#1920 RS,Our research group needs to find sponsorships for the expedition.,1,1,0,1,"lex=1(rare_avg=3.43: sponsorships(2.87), expedition(3.99)) | dictation=dense(6)"
1921,#1921 RS,There have been many complaints from members of the public.,1,0,1,0,"lex=0(rare_avg=4.79: complaints(4.23), members(5.35)) | grammar=perfect(have been)"
1922,#1922 RS,They are now under a great deal of pressure to tighten their airport security.,2,0,0,2,"lex=0(rare_avg=4.17: tighten(3.51), airport(4.84)) | dictation=long(14); dense(6)"
1923,#1923 RS,You should include some examples in your essay to get a high mark.,2,0,1,2,"lex=0(rare_avg=4.43: essay(4.23), examples(4.63)) | grammar=modal(should) | dictation=long(13); dense(6)"
1924,#1924 RS,Your duties mainly include typing letters and answering the telephone.,1,0,0,1,"lex=0(rare_avg=3.96: typing(3.84), answering(4.07)) | dictation=dense(7)"
1925,#1925 RS,"Basic human rights, including freedom of speech, are now guaranteed.",2,0,1,2,"lex=0(rare_avg=4.57: guaranteed(4.29), speech(4.85)) | grammar=passive(are now guaranteed) | dictation=list_enum; dense(7)"
1926,#1926 RS,"He had worked in the theatre for many years, starting at the bottom.",2,0,1,2,"lex=0(rare_avg=4.68: theatre(4.52), bottom(4.84)) | grammar=perfect(had worked) | dictation=long(13); dense(6)"
1927,#1927 RS,The manufacturer's name is on the bottom of the plate.,1,1,0,1,"lex=1(rare_avg=3.67: manufacturer's(2.80), plate(4.55)) | dictation=contraction"
1928,#1928 RS,He used to work at night and sleep during the day.,1,0,0,1,"lex=0(rare_avg=5.33: sleep(5.05), night(5.61)) | dictation=long(11)"
1929,#1929 RS,The public has a right to know what is contained in the report.,2,0,1,1,"lex=0(rare_avg=4.88: contained(4.45), report(5.32)) | grammar=passive(is contained) | dictation=long(13)"
1930,#1930 RS,There was a stream at the bottom of the garden.,1,0,0,0,"lex=0(rare_avg=4.70: stream(4.62), garden(4.77))"
1931,#1931 RS,She used her family's history as a base for her novel.,1,0,0,2,"lex=0(rare_avg=4.33: family's(4.03), novel(4.63)) | dictation=contraction; long(11)"
1932,#1932 RS,This system has imposed additional financial burdens on many people.,2,1,1,1,"lex=1(rare_avg=3.73: burdens(3.30), imposed(4.16)) | grammar=perfect(has imposed) | dictation=dense(7)"
1933,#1933 RS,We offer many express delivery options for a small additional charge.,2,0,0,2,"lex=0(rare_avg=4.63: delivery(4.59), express(4.68)) | dictation=long(11); dense(8)"
1934,#1934 RS,They opened a new store in Europe to test out the market.,1,0,0,1,"lex=0(rare_avg=4.93: opened(4.85), store(5.02)) | dictation=long(12)"
1935,#1935 RS,The local elections will be a good test of the government's popularity.,2,0,0,3,"lex=0(rare_avg=4.11: government's(3.98), popularity(4.24)) | dictation=contraction; long(12); dense(6)"
1936,#1936 RS,A visit to the museum will take you back in time to the last century.,2,0,0,2,"lex=0(rare_avg=4.87: museum(4.71), century(5.02)) | dictation=long(15); dense(7)"
1937,#1937 RS,Children today are brought up on a diet of television cartoons and soap operas.,2,1,1,2,"lex=1(rare_avg=3.47: operas(3.20), cartoons(3.74)) | grammar=passive(are brought) | dictation=long(14); dense(8)"
1938,#1938 RS,The medicines you are currently taking could be affecting your balance.,2,0,1,1,"lex=0(rare_avg=3.92: medicines(3.77), affecting(4.07)) | grammar=modal(could) | dictation=long(11)"
1939,#1939 RS,The government has to find some way to balance these two needs.,2,0,0,2,"lex=0(rare_avg=5.06: balance(4.76), needs(5.37)) | dictation=long(12); dense(6)"
1940,#1940 RS,The time has come for action if these animals are to survive.,1,0,0,1,"lex=0(rare_avg=4.68: survive(4.52), animals(4.84)) | dictation=long(12)"
1941,#1941 RS,He built up the business over a period of ten years.,1,0,0,1,"lex=0(rare_avg=5.06: ten(5.05), built(5.07)) | dictation=long(11)"
1942,#1942 RS,The young girl is very knowledgeable about plant diseases and their causes.,2,0,0,2,"lex=0(rare_avg=3.95: knowledgeable(3.53), diseases(4.36)) | dictation=long(12); dense(6)"
1943,#1943 RS,Many patients are not getting the medical treatment that they need.,2,0,0,2,"lex=0(rare_avg=4.96: patients(4.91), treatment(5.01)) | dictation=long(11); dense(6)"
1944,#1944 RS,The government is taking emergency action to deal with a housing crisis.,2,0,0,2,"lex=0(rare_avg=4.67: crisis(4.62), emergency(4.72)) | dictation=long(12); dense(7)"
1945,#1945 RS,Her designer clothes were from the pages of a fashion magazine.,1,0,0,1,"lex=0(rare_avg=4.52: designer(4.42), pages(4.62)) | dictation=long(11)"
1946,#1946 RS,He balanced his budgets by rigid control over public expenditure.,1,1,0,1,"lex=1(rare_avg=3.74: budgets(3.74), expenditure(3.74)) | dictation=dense(6)"
1947,#1947 RS,Our university has organized a visit to the tallest building in the world.,2,0,1,2,"lex=0(rare_avg=4.00: tallest(3.50), organized(4.51)) | grammar=perfect(has organized) | dictation=long(13); dense(6)"
1948,#1948 RS,The workman expects to lose his job in the next few weeks.,2,1,0,2,"lex=1(rare_avg=3.42: workman(2.96), expects(3.89)) | dictation=long(12); dense(6)"
1949,#1949 RS,Statistics indicate that depressed patients are more likely to become ill than others.,2,0,0,2,"lex=0(rare_avg=4.24: depressed(4.14), indicate(4.35)) | dictation=long(13); dense(8)"
1950,#1950 RS,Social events and training days are arranged for all the staff.,2,0,1,2,"lex=0(rare_avg=4.70: arranged(4.31), events(5.08)) | grammar=passive(are arranged) | dictation=long(11); dense(6)"
1951,#1951 RS,The history department is part of the College of Arts and Sciences.,1,0,0,1,"lex=0(rare_avg=5.31: department(5.23), history(5.39)) | dictation=long(12)"
1952,#1952 RS,It is generally accepted that people are motivated by success.,1,0,1,0,"lex=0(rare_avg=4.40: motivated(4.14), accepted(4.67)) | grammar=passive(is generally accepted)"
1953,#1953 RS,Has he been boring you with his stories about his trip?,2,0,1,1,"lex=0(rare_avg=4.67: boring(4.43), trip(4.90)) | grammar=perfect(has he been) | dictation=long(11)"
1954,#1954 RS,She was disappointed not to be accepted into the netball club.,2,1,1,1,"lex=1(rare_avg=3.75: netball(3.09), disappointed(4.42)) | grammar=passive(was disappointed) | dictation=long(11)"
1955,#1955 RS,You can't expect to learn a foreign language in a few months.,2,0,0,3,"lex=0(rare_avg=5.04: expect(5.01), foreign(5.08)) | dictation=contraction; long(12); dense(6)"
1956,#1956 RS,Two leading law firms are to prepare legal actions against tobacco companies.,2,0,0,2,"lex=0(rare_avg=4.29: tobacco(4.19), firms(4.38)) | dictation=long(12); dense(10)"
1957,#1957 RS,His lack of experience was balanced by a willingness to learn.,2,0,1,1,"lex=0(rare_avg=4.00: willingness(3.82), balanced(4.18)) | grammar=passive(was balanced) | dictation=long(11)"
1958,#1958 RS,They appointed a new manager to coordinate the work of the team.,2,0,0,2,"lex=0(rare_avg=4.21: coordinate(3.82), appointed(4.59)) | dictation=long(12); dense(6)"
1959,#1959 RS,He seemed to take it for granted that he should speak as a representative.,2,0,1,1,"lex=0(rare_avg=4.59: representative(4.57), granted(4.61)) | grammar=modal(should) | dictation=long(14)"
1960,#1960 RS,It would be better to transport the goods by rail rather than by road.,3,0,2,2,"lex=0(rare_avg=4.50: rail(4.41), goods(4.60)) | grammar=phrase(rather than); modal(would) | dictation=long(14); dense(6)"
1961,#1961 RS,Most of our employees get posted abroad at certain stages.,1,0,0,1,"lex=0(rare_avg=4.41: abroad(4.39), stages(4.43)) | dictation=dense(6)"
1962,#1962 RS,A copy of the letter was posted on the noticeboard.,1,1,1,0,"lex=1(rare_avg=3.27: noticeboard(1.78), copy(4.77)) | grammar=passive(was posted)"
1963,#1963 RS,The new policy shifted the emphasis away from fighting inflation.,1,0,0,1,"lex=0(rare_avg=4.06: shifted(3.98), inflation(4.14)) | dictation=dense(7)"
1964,#1964 RS,She ate her sandwich alongside several other office workers taking their break.,2,0,0,2,"lex=0(rare_avg=4.23: sandwich(4.13), ate(4.34)) | dictation=long(12); dense(8)"
1965,#1965 RS,The staff should make sure the kids have an enjoyable and educational day.,2,0,1,2,"lex=0(rare_avg=4.25: enjoyable(3.91), educational(4.60)) | grammar=modal(should) | dictation=long(13); dense(7)"
1966,#1966 RS,The content of the course depends on what the students would like to study.,2,0,1,2,"lex=0(rare_avg=4.77: depends(4.53), content(5.00)) | grammar=modal(would) | dictation=long(14); dense(6)"
1967,#1967 RS,He has been awarded a research grant because of his excellent work.,3,0,2,2,"lex=0(rare_avg=4.51: awarded(4.35), grant(4.67)) | grammar=passive(been awarded); perfect(has been awarded) | dictation=long(12); dense(6)"
1968,#1968 RS,He tried to shift the blame for his mistakes onto his colleagues.,2,0,0,2,"lex=0(rare_avg=4.37: colleagues(4.29), mistakes(4.45)) | dictation=long(12); dense(6)"
1969,#1969 RS,He is a hard worker and a skilled gardener who is about to retire.,2,1,1,1,"lex=1(rare_avg=3.77: gardener(3.49), retire(4.05)) | grammar=relative(who) | dictation=long(14)"
1970,#1970 RS,"They were living well, in comparison with people elsewhere in the world.",2,0,0,2,"lex=0(rare_avg=4.48: elsewhere(4.46), comparison(4.51)) | dictation=long(12); dense(6)"
1971,#1971 RS,For the past three years they have been leading totally separate lives.,2,0,1,2,"lex=0(rare_avg=4.83: totally(4.83), separate(4.83)) | grammar=perfect(have been) | dictation=long(12); dense(7)"
1972,#1972 RS,"He made the joke on purpose, knowing it would annoy her.",2,0,1,1,"lex=0(rare_avg=4.07: annoy(3.46), joke(4.68)) | grammar=modal(would) | dictation=long(11)"
1973,#1973 RS,Business bank accounts were being kept separate from personal ones.,1,0,1,1,"lex=0(rare_avg=4.78: accounts(4.73), separate(4.83)) | grammar=passive(were being kept) | dictation=dense(7)"
1974,#1974 RS,He has failed to win a seat on the board of the company.,2,0,1,1,"lex=0(rare_avg=4.82: failed(4.82), seat(4.82)) | grammar=perfect(has failed) | dictation=long(13)"
1975,#1975 RS,We need to develop a coordinated approach to the problem.,1,0,0,0,"lex=0(rare_avg=4.27: coordinated(3.79), develop(4.75))"
1976,#1976 RS,I was granted permission to visit the palace last week.,1,0,1,1,"lex=0(rare_avg=4.47: palace(4.45), permission(4.50)) | grammar=passive(was granted) | dictation=dense(6)"
1977,#1977 RS,A high wall separated our backyard from the playing field.,1,0,0,1,"lex=0(rare_avg=4.08: backyard(3.87), separated(4.30)) | dictation=dense(6)"
1978,#1978 RS,The cell is the unit of which all living organisms are composed.,3,0,2,1,"lex=0(rare_avg=4.04: organisms(3.80), composed(4.27)) | grammar=passive(are composed); relative(which) | dictation=long(12)"
1979,#1979 RS,A vibrant and growing economy does not improve everyone's quality of life.,2,0,0,3,"lex=0(rare_avg=3.97: vibrant(3.67), everyone's(4.27)) | dictation=contraction; long(12); dense(7)"
1980,#1980 RS,Students are asked to circle the words on this list that they recognize.,2,0,1,2,"lex=0(rare_avg=4.54: recognize(4.52), circle(4.55)) | grammar=passive(are asked) | dictation=long(13); dense(6)"
1981,#1981 RS,Please remain seated until the aircraft has come to a halt.,2,0,0,2,"lex=0(rare_avg=3.91: seated(3.89), halt(3.93)) | dictation=long(11); dense(7)"
1982,#1982 RS,These seafront amusements have been attracting visitors from big cities.,3,2,1,1,"lex=2(rare_avg=2.62: amusements(2.60), seafront(2.64)) | grammar=perfect(have been) | dictation=dense(6)"
1983,#1983 RS,Agriculture was based on the family as a unit in the past.,2,0,1,1,"lex=0(rare_avg=4.66: agriculture(4.37), unit(4.95)) | grammar=passive(was based) | dictation=long(12)"
1984,#1984 RS,"In the course of my everyday life, I had very little contact with teenagers.",2,0,0,2,"lex=0(rare_avg=4.24: teenagers(4.01), everyday(4.47)) | dictation=long(14); dense(6)"
1985,#1985 RS,Fire has caused severe damage to the contents of the building.,2,0,1,2,"lex=0(rare_avg=4.37: contents(4.18), severe(4.56)) | grammar=perfect(has caused) | dictation=long(11); dense(6)"
1986,#1986 RS,The company has every intention of keeping the share price high.,2,0,0,2,"lex=0(rare_avg=4.58: intention(4.33), keeping(4.84)) | dictation=long(11); dense(6)"
1987,#1987 RS,An important factor that separates ordinary photographs from good ones is the lighting.,2,0,0,2,"lex=0(rare_avg=3.93: separates(3.57), lighting(4.29)) | dictation=long(13); dense(8)"
1988,#1988 RS,It's possible that in the course of time a cure for cancer will be found.,2,0,0,3,"lex=0(rare_avg=4.62: cure(4.32), cancer(4.93)) | dictation=contraction; long(15); dense(7)"
1989,#1989 RS,People who live near airports tend to suffer from noise.,1,0,1,1,"lex=0(rare_avg=4.19: airports(3.93), suffer(4.45)) | grammar=relative(who) | dictation=dense(7)"
1990,#1990 RS,"When you have finished typing, remember to save your document.",1,0,1,0,"lex=0(rare_avg=4.17: typing(3.84), document(4.50)) | grammar=perfect(have finished)"
1991,#1991 RS,I wanted to work somewhere where I could serve the community.,3,0,2,1,"lex=0(rare_avg=4.79: somewhere(4.74), serve(4.85)) | grammar=modal(could); relative(where) | dictation=long(11)"
1992,#1992 RS,The forest has provided nesting places for a wide variety of birds.,3,0,2,2,"lex=0(rare_avg=4.00: nesting(3.39), birds(4.60)) | grammar=adv_sub(provided); perfect(has provided) | dictation=long(12); dense(7)"
1993,#1993 RS,He lives quietly in the country in a village near the sea.,2,0,0,2,"lex=0(rare_avg=4.49: quietly(4.15), village(4.82)) | dictation=long(12); dense(6)"
1994,#1994 RS,Readers have been invited to write in with their comments.,3,0,2,0,"lex=0(rare_avg=4.47: readers(4.41), invited(4.53)) | grammar=passive(been invited); perfect(have been invited)"
1995,#1995 RS,This is a new system for assessing personal tax bills.,1,0,0,1,"lex=0(rare_avg=4.13: assessing(3.74), bills(4.52)) | dictation=dense(6)"
1996,#1996 RS,He left England with the intention of traveling in Africa.,1,0,0,0,"lex=0(rare_avg=4.30: traveling(4.27), intention(4.33))"
1997,#1997 RS,The judge said the punishment would serve as a warning to others.,2,0,1,2,"lex=0(rare_avg=4.46: punishment(4.34), warning(4.59)) | grammar=modal(would) | dictation=long(12); dense(6)"
1998,#1998 RS,"As the project progresses, a written document will become very useful.",2,0,0,2,"lex=0(rare_avg=3.96: progresses(3.43), document(4.50)) | dictation=long(11); dense(6)"
1999,#1999 RS,This could mean the closure of thousands of small businesses.,1,0,1,0,"lex=0(rare_avg=4.38: closure(4.11), businesses(4.66)) | grammar=modal(could)"
2000,#2000 RS,The economy should be organized to serve the interests of all the people.,3,0,2,1,"lex=0(rare_avg=4.58: organized(4.51), interests(4.66)) | grammar=modal(should); passive(be organized) | dictation=long(13)"
2001,#2001 RS,The price of oil should remain stable for the rest of the year.,2,0,1,2,"lex=0(rare_avg=4.66: stable(4.48), remain(4.83)) | grammar=modal(should) | dictation=long(13); dense(6)"
2002,#2002 RS,The report mentions that this company has overspent on marketing.,1,1,1,0,"lex=1(rare_avg=3.00: overspent(1.91), mentions(4.09)) | grammar=perfect(has overspent)"
2003,#2003 RS,You have to wait until the drugs have passed out of your system.,2,0,1,1,"lex=0(rare_avg=4.84: drugs(4.77), passed(4.92)) | grammar=perfect(have passed) | dictation=long(13)"
2004,#2004 RS,He was suffering from exposure and shock but his condition was said to be stable.,2,0,1,2,"lex=0(rare_avg=4.45: exposure(4.44), shock(4.46)) | grammar=passive(was said) | dictation=long(15); dense(6)"
2005,#2005 RS,"Marketing is applied to everything these days, and books are no exception.",2,0,1,2,"lex=0(rare_avg=4.51: exception(4.35), applied(4.67)) | grammar=passive(is applied) | dictation=long(12); dense(6)"
2006,#2006 RS,There are no restrictions on the amount of money you can withdraw.,1,0,0,1,"lex=0(rare_avg=4.18: withdraw(4.05), restrictions(4.31)) | dictation=long(12)"
2007,#2007 RS,They had faced one difficulty after another with great determination.,1,0,1,1,"lex=0(rare_avg=4.25: determination(4.16), difficulty(4.33)) | grammar=perfect(had faced) | dictation=dense(6)"
2008,#2008 RS,The object is to gather as great a diversity of genetic material as possible.,2,0,0,2,"lex=0(rare_avg=4.28: gather(4.24), diversity(4.32)) | dictation=long(14); dense(7)"
2009,#2009 RS,The trip promises to be a great mixture of the ancient and modern.,2,0,0,2,"lex=0(rare_avg=4.21: mixture(4.18), promises(4.25)) | dictation=long(13); dense(6)"
2010,#2010 RS,He hoped they would not feel disappointed if they were not invited.,3,0,2,1,"lex=0(rare_avg=4.35: hoped(4.28), disappointed(4.42)) | grammar=modal(would); passive(were not invited) | dictation=long(12)"
2011,#2011 RS,The company didn't disclose how much it expects to gain from the deal.,2,1,0,3,"lex=1(rare_avg=3.87: disclose(3.84), expects(3.89)) | dictation=contraction; long(13); dense(7)"
2012,#2012 RS,The signal will be converted into digital code by the computer.,2,0,1,1,"lex=0(rare_avg=4.42: converted(4.21), signal(4.62)) | grammar=passive(be converted) | dictation=long(11)"
2013,#2013 RS,Economic recovery can't be sustained unless more jobs are created.,3,0,2,2,"lex=0(rare_avg=4.38: sustained(4.19), recovery(4.58)) | grammar=adv_sub(unless); passive(be sustained) | dictation=contraction; dense(7)"
2014,#2014 RS,The teaching of history should not be limited to dates and figures.,3,0,2,1,"lex=0(rare_avg=4.63: dates(4.54), teaching(4.72)) | grammar=modal(should); passive(be limited) | dictation=long(12)"
2015,#2015 RS,The company plans to sponsor television programs as part of its marketing strategy.,2,0,0,2,"lex=0(rare_avg=4.39: sponsor(4.04), strategy(4.74)) | dictation=long(13); dense(8)"
2016,#2016 RS,Scientists use genetic engineering to protect tomatoes against the effects of freezing.,2,0,0,2,"lex=0(rare_avg=3.97: tomatoes(3.90), freezing(4.05)) | dictation=long(12); dense(9)"
2017,#2017 RS,They were very curious about the people who lived upstairs.,1,0,1,0,"lex=0(rare_avg=4.16: upstairs(3.87), curious(4.45)) | grammar=relative(who)"
2018,#2018 RS,The program affords young people the chance to gain work experience.,2,0,0,2,"lex=0(rare_avg=3.93: affords(3.05), gain(4.81)) | dictation=long(11); dense(8)"
2019,#2019 RS,A radio signal normally has both electrical and magnetic properties.,1,0,0,1,"lex=0(rare_avg=4.29: magnetic(4.17), electrical(4.42)) | dictation=dense(6)"
2020,#2020 RS,I wrote to them last month and I'm still waiting for a reply.,1,0,0,2,"lex=0(rare_avg=4.77: reply(4.50), wrote(5.04)) | dictation=contraction; long(13)"
2021,#2021 RS,The officer was suffering from stress brought on by overwork.,1,1,0,0,"lex=1(rare_avg=3.58: overwork(2.62), suffering(4.53))"
2022,#2022 RS,The amount of money you have to spend will limit your choice.,1,0,0,1,"lex=0(rare_avg=4.83: limit(4.70), spend(4.97)) | dictation=long(12)"
2023,#2023 RS,Please bring back all library books by the end of the week.,2,0,0,2,"lex=0(rare_avg=5.01: library(4.86), books(5.15)) | dictation=long(12); dense(7)"
2024,#2024 RS,The higher rates have been a hindrance to economic recovery.,1,1,1,0,"lex=1(rare_avg=3.79: hindrance(3.01), recovery(4.58)) | grammar=perfect(have been)"
2025,#2025 RS,The marketing department has always played a subsidiary role to the sales department.,2,0,1,2,"lex=0(rare_avg=4.35: subsidiary(3.92), marketing(4.78)) | grammar=perfect(has always played) | dictation=long(13); dense(7)"
2026,#2026 RS,Many students have insufficient science background to gain entrance to engineering school.,2,0,1,2,"lex=0(rare_avg=4.08: insufficient(3.77), entrance(4.39)) | grammar=perfect(have insufficient) | dictation=long(12); dense(9)"
2027,#2027 RS,The company saw the visit as an important signal of financial support.,2,0,0,2,"lex=0(rare_avg=4.83: signal(4.62), visit(5.04)) | dictation=long(12); dense(7)"
2028,#2028 RS,You can gain entry to the club only through a member.,1,0,0,1,"lex=0(rare_avg=4.74: entry(4.67), gain(4.81)) | dictation=long(11)"
2029,#2029 RS,The man has been fighting his addiction to alcohol for months.,2,0,1,1,"lex=0(rare_avg=4.38: addiction(4.14), alcohol(4.61)) | grammar=perfect(has been) | dictation=long(11)"
2030,#2030 RS,Hunger is the body's signal that levels of blood sugar are too low.,2,1,0,3,"lex=1(rare_avg=3.86: body's(3.62), hunger(4.10)) | dictation=contraction; long(13); dense(7)"
2031,#2031 RS,Most schools are unwilling to cut down on staff in order to cut costs.,2,0,1,2,"lex=0(rare_avg=4.33: unwilling(3.70), costs(4.96)) | grammar=phrase(in order to) | dictation=long(14); dense(7)"
2032,#2032 RS,Her house was only a few doors down from her daughter's apartment.,1,0,0,2,"lex=0(rare_avg=4.16: daughter's(3.78), doors(4.54)) | dictation=contraction; long(12)"
2033,#2033 RS,The government took another step on the road to political reform.,2,0,0,2,"lex=0(rare_avg=4.83: reform(4.53), step(5.13)) | dictation=long(11); dense(7)"
2034,#2034 RS,The relation between national health and social care services is very important.,2,0,1,2,"lex=0(rare_avg=4.81: relation(4.31), services(5.31)) | grammar=passive(is very important) | dictation=long(12); dense(7)"
2035,#2035 RS,I have established a good working relationship with my boss.,1,0,1,0,"lex=0(rare_avg=4.83: boss(4.76), established(4.90)) | grammar=perfect(have established)"
2036,#2036 RS,She cut across the parking lot and strolled through the main entrance.,2,1,0,2,"lex=1(rare_avg=3.62: strolled(2.85), entrance(4.39)) | dictation=long(12); dense(7)"
2037,#2037 RS,Trainees should be invited to relate new ideas to their past experiences.,3,1,2,2,"lex=1(rare_avg=3.75: trainees(3.27), relate(4.24)) | grammar=modal(should); passive(be invited) | dictation=long(12); dense(7)"
2038,#2038 RS,Thousands of people paid good money to watch the band perform.,2,0,0,2,"lex=0(rare_avg=4.71: perform(4.66), thousands(4.77)) | dictation=long(11); dense(8)"
2039,#2039 RS,Studies have indicated that there is a relationship between diet and cancer.,3,0,2,1,"lex=0(rare_avg=4.46: indicated(4.34), diet(4.57)) | grammar=passive(is a relationship between); perfect(have indicated) | dictation=long(12)"
2040,#2040 RS,"In the future, pay increases will be related to productivity.",1,0,1,0,"lex=0(rare_avg=4.30: productivity(4.15), increases(4.46)) | grammar=passive(be related)"
2041,#2041 RS,The high price is a major hindrance to potential buyers.,1,1,0,1,"lex=1(rare_avg=3.58: hindrance(3.01), buyers(4.16)) | dictation=dense(6)"
2042,#2042 RS,"An engine has many parts, each performing a different function.",1,0,0,1,"lex=0(rare_avg=4.67: performing(4.56), function(4.78)) | dictation=dense(6)"
2043,#2043 RS,You'll be able to see the latest fashion and beauty news on this website.,2,0,0,3,"lex=0(rare_avg=4.79: beauty(4.75), fashion(4.82)) | dictation=contraction; long(14); dense(8)"
2044,#2044 RS,The strike had already led to cuts in electricity and water supplies.,2,0,1,2,"lex=0(rare_avg=4.42: cuts(4.42), electricity(4.43)) | grammar=perfect(had already led) | dictation=long(12); dense(6)"
2045,#2045 RS,The new model combines a telephone and a fax machine.,1,1,0,1,"lex=1(rare_avg=3.68: fax(3.63), combines(3.73)) | dictation=dense(6)"
2046,#2046 RS,They want to bring the new legislation into force before the end of the year.,2,0,0,2,"lex=0(rare_avg=4.89: legislation(4.55), force(5.23)) | dictation=long(15); dense(7)"
2047,#2047 RS,Some benefits relate directly to the mental health of the teenagers.,2,0,0,2,"lex=0(rare_avg=4.12: teenagers(4.01), relate(4.24)) | dictation=long(11); dense(6)"
2048,#2048 RS,All children should be encouraged to realize their full potential.,3,0,2,0,"lex=0(rare_avg=4.58: encouraged(4.32), realize(4.83)) | grammar=modal(should); passive(be encouraged)"
2049,#2049 RS,The two international firms joined forces to win the big contract.,2,0,0,2,"lex=0(rare_avg=4.55: firms(4.38), joined(4.73)) | dictation=long(11); dense(8)"
2050,#2050 RS,I have not received an acknowledgement of my application yet.,1,0,1,0,"lex=0(rare_avg=4.09: acknowledgement(3.32), application(4.86)) | grammar=perfect(have not received)"
2051,#2051 RS,The company has been performing poorly over the past six years.,2,0,1,2,"lex=0(rare_avg=4.33: poorly(4.10), performing(4.56)) | grammar=perfect(has been) | dictation=long(11); dense(6)"
2052,#2052 RS,She has successfully balanced a career and bringing up a family.,2,0,1,1,"lex=0(rare_avg=4.31: balanced(4.18), successfully(4.45)) | grammar=perfect(has successfully balanced) | dictation=long(11)"
2053,#2053 RS,We are aware of the potential problems and have taken every precaution.,2,0,1,1,"lex=0(rare_avg=4.09: precaution(3.40), aware(4.78)) | grammar=perfect(have taken) | dictation=long(12)"
2054,#2054 RS,He had to spend about six months in a class with younger students.,2,0,0,2,"lex=0(rare_avg=4.83: younger(4.69), spend(4.97)) | dictation=long(13); dense(6)"
2055,#2055 RS,The teacher made me move my seat to the front of the classroom.,2,0,0,2,"lex=0(rare_avg=4.49: classroom(4.15), seat(4.82)) | dictation=long(13); dense(6)"
2056,#2056 RS,New legislation on the sale of drugs will be introduced next year.,2,0,1,2,"lex=0(rare_avg=4.63: legislation(4.55), introduced(4.72)) | grammar=passive(be introduced) | dictation=long(12); dense(7)"
2057,#2057 RS,It is difficult for young people to find jobs around here.,2,0,0,2,"lex=0(rare_avg=5.03: jobs(4.98), difficult(5.07)) | dictation=long(11); dense(6)"
2058,#2058 RS,The whole class was told to stay behind after school.,1,0,0,1,"lex=0(rare_avg=5.31: behind(5.29), stay(5.33)) | dictation=dense(6)"
2059,#2059 RS,You have to do well academically to get into medical school.,1,0,0,1,"lex=0(rare_avg=4.17: academically(3.18), medical(5.16)) | dictation=long(11)"
2060,#2060 RS,"Suggested by her mother, she will take a diploma in management studies.",2,0,0,2,"lex=0(rare_avg=4.22: diploma(3.76), suggested(4.68)) | dictation=long(12); dense(6)"
2061,#2061 RS,The man is probably the best-known painter in the world.,1,0,0,1,"lex=0(rare_avg=4.65: painter(3.93), probably(5.37)) | dictation=dense(6)"
2062,#2062 RS,The application for a new business licence has been denied.,3,0,2,0,"lex=0(rare_avg=4.47: denied(4.43), licence(4.52)) | grammar=passive(been denied); perfect(has been denied)"
2063,#2063 RS,"Which one actually dictates our future, academic degree or capability?",2,1,1,1,"lex=1(rare_avg=3.70: dictates(3.32), capability(4.07)) | grammar=relative(which) | dictation=dense(7)"
2064,#2064 RS,She has been collecting material for her latest novel for more than a month.,2,0,1,1,"lex=0(rare_avg=4.40: collecting(4.18), novel(4.63)) | grammar=perfect(has been) | dictation=long(14)"
2065,#2065 RS,The book provides some valuable information on recent economic trends.,1,0,0,1,"lex=0(rare_avg=4.42: trends(4.32), valuable(4.51)) | dictation=dense(7)"
2066,#2066 RS,Even my friends often confuse me and my twin sister.,1,0,0,0,"lex=0(rare_avg=4.00: confuse(3.67), twin(4.34))"
2067,#2067 RS,Most countries tend to impose some sort of tax on alcohol and tobacco.,2,0,0,2,"lex=0(rare_avg=4.05: impose(3.92), tobacco(4.19)) | dictation=long(13); dense(7)"
2068,#2068 RS,"It's a great place for swimming, but beware the dangerous currents.",2,1,0,3,"lex=1(rare_avg=3.67: currents(3.64), beware(3.70)) | dictation=contraction; long(11); dense(7)"
2069,#2069 RS,Our future prosperity depends on economic growth to some extent.,1,0,0,1,"lex=0(rare_avg=4.19: prosperity(3.91), extent(4.47)) | dictation=dense(6)"
2070,#2070 RS,The customers are required to rate the extent of their satisfaction.,2,0,1,1,"lex=0(rare_avg=4.31: satisfaction(4.16), extent(4.47)) | grammar=passive(are required) | dictation=long(11)"
2071,#2071 RS,Students are asked to prepare material in advance of each weekly seminar.,2,0,1,2,"lex=0(rare_avg=4.16: seminar(3.77), prepare(4.55)) | grammar=passive(are asked) | dictation=long(12); dense(7)"
2072,#2072 RS,The invention would have a wide range of applications in industry.,2,0,1,1,"lex=0(rare_avg=4.34: invention(4.04), applications(4.64)) | grammar=modal(would) | dictation=long(11)"
2073,#2073 RS,This course belongs to the academic degree curriculum of communication postgraduates.,2,1,0,2,"lex=1(rare_avg=3.04: postgraduates(1.95), curriculum(4.12)) | dictation=long(11); dense(7)"
2074,#2074 RS,Governments can help reverse this economic trend by offering technical and financial aid.,2,0,0,2,"lex=0(rare_avg=4.41: reverse(4.37), governments(4.45)) | dictation=long(13); dense(9)"
2075,#2075 RS,His comments only made this issue more confusing for us to solve.,1,0,0,1,"lex=0(rare_avg=4.22: confusing(4.02), solve(4.42)) | dictation=long(12)"
2076,#2076 RS,Parents should beware of imposing their own interests on their children.,2,1,1,1,"lex=1(rare_avg=3.71: beware(3.70), imposing(3.73)) | grammar=modal(should) | dictation=long(11)"
2077,#2077 RS,You don't have to tell lies to get people to like you.,2,0,0,3,"lex=0(rare_avg=5.13: lies(4.73), tell(5.53)) | dictation=contraction; long(12); dense(6)"
2078,#2078 RS,"In many ways, our social statistics exaggerate the degree of hardship.",2,1,0,2,"lex=1(rare_avg=3.38: exaggerate(3.19), hardship(3.56)) | dictation=long(11); dense(7)"
2079,#2079 RS,This project has liberated industry from dependence on running water.,2,1,1,1,"lex=1(rare_avg=3.59: liberated(3.53), dependence(3.66)) | grammar=perfect(has liberated) | dictation=dense(6)"
2080,#2080 RS,High-earning parents are more likely to live in a good neighborhood for raising children.,2,0,0,2,"lex=0(rare_avg=4.33: earning(4.23), raising(4.43)) | dictation=long(14); dense(9)"
2081,#2081 RS,The name was changed to avoid confusion with another firm.,1,0,1,1,"lex=0(rare_avg=4.49: confusion(4.19), firm(4.79)) | grammar=passive(was changed) | dictation=dense(6)"
2082,#2082 RS,The service works as a software application that is accessed via the internet.,2,0,1,2,"lex=0(rare_avg=4.33: accessed(3.89), software(4.77)) | grammar=passive(is accessed) | dictation=long(13); dense(7)"
2083,#2083 RS,All of our tutors have more than two years of teaching experience.,1,0,0,1,"lex=0(rare_avg=3.93: tutors(3.15), teaching(4.72)) | dictation=long(12)"
2084,#2084 RS,The diploma should be the same whether distance learning or on-campus study is employed.,3,0,2,2,"lex=0(rare_avg=4.09: diploma(3.76), employed(4.42)) | grammar=modal(should); passive(is employed) | dictation=long(14); dense(7)"
2085,#2085 RS,Too much dependence on the teachers may lead to a lack of motivation.,2,0,1,2,"lex=0(rare_avg=3.94: dependence(3.66), motivation(4.22)) | grammar=modal(may) | dictation=long(13); dense(6)"
2086,#2086 RS,International tourism has provided many new employment opportunities for travelers.,3,0,2,1,"lex=0(rare_avg=4.06: travelers(3.84), tourism(4.28)) | grammar=adv_sub(provided); perfect(has provided) | dictation=dense(8)"
2087,#2087 RS,Our priority is to educate people about the dangers of drugs.,1,0,0,1,"lex=0(rare_avg=3.91: dangers(3.89), educate(3.92)) | dictation=long(11)"
2088,#2088 RS,Many modern cities now require their citizens to sort the garbage.,2,0,0,2,"lex=0(rare_avg=4.45: garbage(4.18), citizens(4.72)) | dictation=long(11); dense(7)"
2089,#2089 RS,It may be said that the teacher has done his very best to help him.,3,0,2,1,"lex=0(rare_avg=5.23: teacher(4.88), done(5.58)) | grammar=modal(may); passive(be said) | dictation=long(15)"
2090,#2090 RS,She had the advantage of a good education over others.,1,0,0,0,"lex=0(rare_avg=5.03: advantage(4.78), education(5.28))"
2091,#2091 RS,He looked at me in confusion and did not answer the question.,1,0,0,1,"lex=0(rare_avg=4.65: confusion(4.19), looked(5.11)) | dictation=long(12)"
2092,#2092 RS,Students learned the practical application of the theory they had learned in the classroom.,2,0,1,2,"lex=0(rare_avg=4.32: classroom(4.15), practical(4.48)) | grammar=perfect(had learned) | dictation=long(14); dense(7)"
2093,#2093 RS,The campaign is intended to educate the public to respect the environment.,2,0,1,2,"lex=0(rare_avg=4.31: educate(3.92), intended(4.70)) | grammar=passive(is intended) | dictation=long(12); dense(6)"
2094,#2094 RS,"Eventually, the new regulations will work to our advantage.",1,0,0,0,"lex=0(rare_avg=4.64: regulations(4.50), advantage(4.78))"
2095,#2095 RS,Can our industry compete on equal terms with its overseas rivals?,2,0,0,2,"lex=0(rare_avg=4.12: rivals(3.95), overseas(4.29)) | dictation=long(11); dense(6)"
2096,#2096 RS,I intend to take full advantage of this trip to buy the things we need.,2,0,0,2,"lex=0(rare_avg=4.44: intend(4.09), advantage(4.78)) | dictation=long(15); dense(8)"
2097,#2097 RS,The program aims to educate and prepare students for a challenging career.,2,0,0,2,"lex=0(rare_avg=4.06: educate(3.92), aims(4.21)) | dictation=long(12); dense(7)"
2098,#2098 RS,There is some confusion about what the correct procedure should be.,2,0,1,1,"lex=0(rare_avg=4.32: confusion(4.19), procedure(4.44)) | grammar=modal(should) | dictation=long(11)"
2099,#2099 RS,He has been studying classical architecture and design in Rome for decades.,2,0,1,1,"lex=0(rare_avg=4.34: classical(4.26), studying(4.42)) | grammar=perfect(has been) | dictation=long(12)"
2100,#2100 RS,The diploma course would offer remote access to course materials via the Internet.,2,0,1,2,"lex=0(rare_avg=4.08: diploma(3.76), remote(4.41)) | grammar=modal(would) | dictation=long(13); dense(8)"
2101,#2101 RS,There is the potential to develop more flexible working practices.,1,0,0,0,"lex=0(rare_avg=4.34: flexible(4.13), practices(4.55))"
2102,#2102 RS,We regret to inform you that your application has not been successful.,2,0,1,1,"lex=0(rare_avg=4.26: inform(4.15), regret(4.37)) | grammar=perfect(has not been) | dictation=long(12)"
2103,#2103 RS,"Our goods compete in terms of product quality, reliability and variety.",2,0,1,3,"lex=0(rare_avg=4.15: reliability(3.92), compete(4.39)) | grammar=phrase(in terms of) | dictation=list_enum; long(11); dense(7)"
2104,#2104 RS,I met him on a flight from London to Paris.,1,0,0,0,"lex=0(rare_avg=4.97: flight(4.86), met(5.09))"
2105,#2105 RS,They still haven't had any news about when they'll be able to go home.,2,0,0,3,"lex=0(rare_avg=4.91: they'll(4.71), haven't(5.11)) | dictation=contraction; long(14); dense(6)"
2106,#2106 RS,I was inspired by the prospect of the new job ahead.,2,0,1,1,"lex=0(rare_avg=4.38: prospect(4.13), inspired(4.63)) | grammar=passive(was inspired) | dictation=long(11)"
2107,#2107 RS,He was at the clinic recovering from an operation on his arm.,1,0,0,1,"lex=0(rare_avg=4.03: recovering(3.84), clinic(4.21)) | dictation=long(12)"
2108,#2108 RS,The picture shows six of the nine planets in the solar system.,2,0,0,2,"lex=0(rare_avg=4.29: planets(4.05), solar(4.53)) | dictation=long(12); dense(7)"
2109,#2109 RS,The value of regular exercise should not be underestimated by anyone.,3,0,2,1,"lex=0(rare_avg=4.04: underestimated(3.39), exercise(4.68)) | grammar=modal(should); passive(be underestimated) | dictation=long(11)"
2110,#2110 RS,The slim booklets describe a range of services and facilities.,1,1,0,1,"lex=1(rare_avg=3.44: booklets(2.84), slim(4.05)) | dictation=dense(6)"
2111,#2111 RS,"She will talk on the issues she cares passionately about, including education and nursery care.",2,1,0,2,"lex=1(rare_avg=3.61: passionately(3.33), nursery(3.89)) | dictation=long(15); dense(8)"
2112,#2112 RS,"If a computer user fails to log off, the system is accessible to all.",2,0,0,2,"lex=0(rare_avg=4.22: accessible(4.18), fails(4.26)) | dictation=long(14); dense(6)"
2113,#2113 RS,You still have heaps of time to complete this task before its deadline.,2,1,0,1,"lex=1(rare_avg=3.71: heaps(3.31), deadline(4.12)) | dictation=long(13)"
2114,#2114 RS,They agglomerated many pieces of research into a single large study.,2,1,0,2,"lex=1(rare_avg=3.17: agglomerated(1.63), pieces(4.72)) | dictation=long(11); dense(7)"
2115,#2115 RS,The medicine always made him feel sleepy and unable to concentrate.,2,1,0,2,"lex=1(rare_avg=3.88: sleepy(3.68), concentrate(4.07)) | dictation=long(11); dense(6)"
2116,#2116 RS,I feel that not enough is being done to protect the local animal life.,2,0,0,2,"lex=0(rare_avg=4.87: animal(4.81), protect(4.92)) | dictation=long(14); dense(7)"
2117,#2117 RS,Muscular aches and pains can be soothed by a relaxing massage.,3,2,1,2,"lex=2(rare_avg=2.87: soothed(2.45), aches(3.28)) | grammar=passive(be soothed) | dictation=long(11); dense(6)"
2118,#2118 RS,"The interview only took ten minutes, but it felt like hours.",2,0,0,2,"lex=0(rare_avg=4.96: interview(4.86), ten(5.05)) | dictation=long(11); dense(7)"
2119,#2119 RS,You have to be able to describe things in a form that users can understand.,2,0,0,2,"lex=0(rare_avg=4.68: describe(4.56), users(4.80)) | dictation=long(15); dense(6)"
2120,#2120 RS,The tension between the two countries is likely to remain.,1,0,0,0,"lex=0(rare_avg=4.53: tension(4.22), remain(4.83))"
2121,#2121 RS,He studies and observes the behavior of babies and has written many articles about it.,2,1,1,2,"lex=1(rare_avg=3.88: observes(3.32), babies(4.45)) | grammar=perfect(has written) | dictation=long(15); dense(7)"
2122,#2122 RS,Regular servicing can guarantee the smooth operation of the engine.,1,0,0,1,"lex=0(rare_avg=3.92: servicing(3.44), smooth(4.40)) | dictation=dense(6)"
2123,#2123 RS,"The job encompasses a wide range of responsibilities, so it is very challenging.",2,1,0,2,"lex=1(rare_avg=3.78: encompasses(3.41), responsibilities(4.15)) | dictation=long(13); dense(6)"
2124,#2124 RS,Have you talked to your parents about the problems you're having?,2,0,1,2,"lex=0(rare_avg=4.91: talked(4.62), problems(5.19)) | grammar=perfect(have you talked) | dictation=contraction; long(11)"
2125,#2125 RS,A moderate earthquake struck the United States early on Saturday.,1,0,0,0,"lex=0(rare_avg=4.21: earthquake(4.15), moderate(4.27))"
2126,#2126 RS,The patients were observed over a period of several months.,1,0,1,0,"lex=0(rare_avg=4.65: observed(4.39), patients(4.91)) | grammar=passive(were observed)"
2127,#2127 RS,We know that dolphins use sound to communicate with each other.,1,0,0,1,"lex=0(rare_avg=4.04: dolphins(3.88), communicate(4.20)) | dictation=long(11)"
2128,#2128 RS,They are collecting information in preparation for the future talk.,1,0,0,0,"lex=0(rare_avg=4.25: collecting(4.18), preparation(4.32))"
2129,#2129 RS,Most supermarkets in this country sell a range of organic products.,2,0,0,2,"lex=0(rare_avg=3.91: supermarkets(3.42), organic(4.40)) | dictation=long(11); dense(6)"
2130,#2130 RS,The free banking system has been in operation since the early eighties.,2,1,1,2,"lex=1(rare_avg=3.79: eighties(3.22), banking(4.35)) | grammar=perfect(has been) | dictation=long(12); dense(7)"
2131,#2131 RS,The prospect of living in a city does not appeal to me.,1,0,0,1,"lex=0(rare_avg=4.40: prospect(4.13), appeal(4.67)) | dictation=long(12)"
2132,#2132 RS,Most adults require between seven and nine hours of nightly sleep.,2,0,0,2,"lex=0(rare_avg=4.04: nightly(3.48), adults(4.59)) | dictation=long(11); dense(7)"
2133,#2133 RS,"Biodiversity is essential for the processes that support all life on Earth, including humans.",2,0,0,2,"lex=0(rare_avg=3.96: biodiversity(3.47), processes(4.46)) | dictation=long(14); dense(7)"
2134,#2134 RS,History gives us the tools to analyze and explain problems in the past.,2,0,0,2,"lex=0(rare_avg=4.21: analyze(3.84), tools(4.59)) | dictation=long(13); dense(7)"
2135,#2135 RS,"Mental health is important at every stage of life, from childhood through adulthood.",2,0,1,2,"lex=0(rare_avg=4.05: adulthood(3.60), childhood(4.51)) | grammar=passive(is important) | dictation=long(13); dense(7)"
2136,#2136 RS,A good education not only teaches you skills but also helps you broaden your horizons.,2,1,0,2,"lex=1(rare_avg=3.38: broaden(3.30), horizons(3.47)) | dictation=long(15); dense(7)"
2137,#2137 RS,"During the childhood development, the importance of education is stronger than ever.",2,0,0,2,"lex=0(rare_avg=4.53: childhood(4.51), stronger(4.55)) | dictation=long(12); dense(6)"
2138,#2138 RS,A good education helps you recognize yourself and your strengths.,1,0,0,1,"lex=0(rare_avg=4.17: strengths(3.83), recognize(4.52)) | dictation=dense(6)"
2139,#2139 RS,Researchers have observed that family plays a crucial role in the success of individuals.,2,0,1,2,"lex=0(rare_avg=4.33: crucial(4.28), researchers(4.39)) | grammar=perfect(have observed) | dictation=long(14); dense(8)"
2140,#2140 RS,Children enjoy a healthy lifestyle when they live in a healthy family.,2,0,0,2,"lex=0(rare_avg=4.54: lifestyle(4.29), healthy(4.80)) | dictation=long(12); dense(7)"
2142,#2142 RS,Marks will be deducted for assignments handed in after the due date.,2,1,1,2,"lex=1(rare_avg=3.52: deducted(3.16), assignments(3.88)) | grammar=passive(be deducted) | dictation=long(12); dense(6)"
2143,#2143 RS,The cafeteria is open on Monday and Thursday.,1,0,0,0,"lex=0(rare_avg=4.46: cafeteria(3.44), open(5.48))"
2144,#2144 RS,Students can borrow this book for a maximum of one day.,2,0,0,2,"lex=0(rare_avg=4.30: borrow(4.00), maximum(4.60)) | dictation=long(11); dense(6)"
2145,#2145 RS,The bibliography needs to be removed prior to the publication.,1,0,1,0,"lex=0(rare_avg=4.13: bibliography(3.82), publication(4.45)) | grammar=passive(be removed)"
2146,#2146 RS,Eating a healthy breakfast can provide energy throughout the day.,1,0,0,1,"lex=0(rare_avg=4.71: breakfast(4.61), healthy(4.80)) | dictation=dense(7)"
2147,#2147 RS,The paper has the potential to transform life science.,1,0,0,0,"lex=0(rare_avg=4.53: transform(4.04), potential(5.01))"
2148,#2148 RS,Tuesday is the final day for students to submit their assignments without any penalty.,2,0,0,2,"lex=0(rare_avg=4.08: assignments(3.88), submit(4.28)) | dictation=long(14); dense(8)"
2149,#2149 RS,"Please note, submission deadlines are only negotiable in exceptional circumstances.",1,1,0,1,"lex=1(rare_avg=3.30: negotiable(3.22), deadlines(3.38)) | dictation=dense(7)"
2150,#2150 RS,Students who study overseas can significantly improve their work chances.,1,0,1,1,"lex=0(rare_avg=4.40: overseas(4.29), chances(4.51)) | grammar=relative(who) | dictation=dense(7)"
2151,#2151 RS,Sleep is believed to play a critical role in storing memories.,2,0,1,2,"lex=0(rare_avg=4.04: storing(3.57), memories(4.50)) | grammar=passive(is believed) | dictation=long(11); dense(7)"
2152,#2152 RS,The college operates on a system of continuous assessments.,1,0,0,0,"lex=0(rare_avg=3.96: assessments(3.79), operates(4.13))"
2153,#2153 RS,Students' papers should be about a current social issue.,3,0,2,0,"lex=0(rare_avg=4.92: papers(4.61), issue(5.23)) | grammar=modal(should); passive(be about a current)"
2154,#2154 RS,The key findings seem to contradict our initial hypothesis.,1,1,0,1,"lex=1(rare_avg=3.61: contradict(3.35), hypothesis(3.87)) | dictation=dense(6)"
2155,#2155 RS,All laboratory equipment will be provided in class.,3,0,2,0,"lex=0(rare_avg=4.59: laboratory(4.31), equipment(4.88)) | grammar=adv_sub(provided); passive(be provided)"
2157,#2157 RS,Scientists have found all parts of science.,1,0,0,0,"lex=0(rare_avg=4.79: scientists(4.50), parts(5.07))"
2158,#2158 RS,Key aspects of this investigative paradigm may prove useful in other spheres.,2,1,1,2,"lex=1(rare_avg=3.51: spheres(3.41), paradigm(3.61)) | grammar=modal(may) | dictation=long(12); dense(7)"
2159,#2159 RS,It's a great privilege to welcome our guest speaker to our college.,2,0,0,3,"lex=0(rare_avg=4.35: privilege(4.20), speaker(4.49)) | dictation=contraction; long(12); dense(7)"
2160,#2160 RS,Animal behavior appears to contain both similar and distinct aspects to that of humans.,2,0,0,2,"lex=0(rare_avg=4.39: distinct(4.29), contain(4.50)) | dictation=long(14); dense(8)"
2161,#2161 RS,There is a fitness center next to the student union.,1,0,0,0,"lex=0(rare_avg=4.71: fitness(4.39), student(5.02))"
2162,#2162 RS,What's going on can help patients leave their fears at the door.,2,0,0,3,"lex=0(rare_avg=4.54: fears(4.17), patients(4.91)) | dictation=contraction; long(12); dense(7)"
2163,#2163 RS,The professor plans to discuss issues in the news that reflect concepts taught in class.,2,0,0,2,"lex=0(rare_avg=4.32: concepts(4.26), reflect(4.39)) | dictation=long(15); dense(9)"
2164,#2164 RS,I have lectures on Tuesday from nine o'clock until two o'clock.,2,0,0,2,"lex=0(rare_avg=4.00: lectures(3.96), o'clock(4.04)) | dictation=long(11); dense(6)"
2165,#2165 RS,Speaking one or more foreign languages will be useful in your career.,2,0,0,2,"lex=0(rare_avg=4.57: languages(4.42), useful(4.72)) | dictation=long(12); dense(6)"
2166,#2166 RS,One of the first mass transit systems was located in France.,2,0,1,2,"lex=0(rare_avg=4.53: transit(4.20), located(4.86)) | grammar=passive(was located) | dictation=long(11); dense(6)"
2167,#2167 RS,All the works you consult need to be mentioned in the bibliography.,2,1,1,1,"lex=1(rare_avg=3.84: bibliography(3.82), consult(3.87)) | grammar=passive(be mentioned) | dictation=long(12)"
2168,#2168 RS,Graduates from this course generally find jobs in the insurance industry.,2,0,0,2,"lex=0(rare_avg=4.48: graduates(4.02), insurance(4.94)) | dictation=long(11); dense(7)"
2169,#2169 RS,The support and advice of lecturers within the department has been invaluable.,2,1,1,2,"lex=1(rare_avg=3.34: lecturers(3.14), invaluable(3.54)) | grammar=perfect(has been) | dictation=long(12); dense(6)"
2170,#2170 RS,"At the end of the day, people want to profit from return on their investment.",2,0,0,2,"lex=0(rare_avg=4.77: profit(4.70), investment(4.84)) | dictation=long(15); dense(7)"
2171,#2171 RS,A balanced diet will help you study more effectively.,1,0,0,0,"lex=0(rare_avg=4.33: balanced(4.18), effectively(4.49))"
2172,#2172 RS,Our capacity to serve the community is a vital part of our role.,2,0,0,2,"lex=0(rare_avg=4.54: vital(4.38), capacity(4.71)) | dictation=long(13); dense(6)"
2173,#2173 RS,The university hosts a wide range of events both on and off campus.,2,0,0,2,"lex=0(rare_avg=4.37: hosts(4.23), campus(4.51)) | dictation=long(13); dense(6)"
2174,#2174 RS,I think that to raise the issue and to talk about it is great.,1,0,0,1,"lex=0(rare_avg=4.99: raise(4.75), issue(5.23)) | dictation=long(14)"
2175,#2175 RS,This will be the first art exhibition to be held by the university.,2,0,1,1,"lex=0(rare_avg=4.80: exhibition(4.37), held(5.24)) | grammar=passive(be held) | dictation=long(13)"
2176,#2176 RS,The assessment of this course will begin next week.,1,0,0,0,"lex=0(rare_avg=4.65: assessment(4.46), begin(4.84))"
2177,#2177 RS,Tomorrow's lecture has been canceled due to the power cut.,3,1,2,2,"lex=1(rare_avg=3.75: tomorrow's(3.59), canceled(3.90)) | grammar=passive(been canceled); perfect(has been canceled) | dictation=contraction; dense(6)"
2178,#2178 RS,The seminar will include speakers willing to share their experiences of marketing.,2,0,0,2,"lex=0(rare_avg=4.00: seminar(3.77), speakers(4.24)) | dictation=long(12); dense(7)"
2179,#2179 RS,"At the university he made rapid progress, especially in the study of history.",2,0,0,2,"lex=0(rare_avg=4.58: rapid(4.38), progress(4.78)) | dictation=long(13); dense(7)"
2180,#2180 RS,The teacher asked the students to check their answers before handing in their homework.,2,0,0,2,"lex=0(rare_avg=3.95: handing(3.77), homework(4.13)) | dictation=long(14); dense(7)"
2181,#2181 RS,He entered the password correctly and was able to log in to the system.,2,0,0,2,"lex=0(rare_avg=4.13: password(4.06), correctly(4.21)) | dictation=long(14); dense(6)"
2183,#2183 RS,He plans to get a degree in economics and then work abroad for a year.,2,0,0,2,"lex=0(rare_avg=4.40: abroad(4.39), economics(4.42)) | dictation=long(15); dense(7)"
2184,#2184 RS,Professors at the university teach many different courses including biology and geography.,2,0,0,2,"lex=0(rare_avg=3.95: professors(3.92), geography(3.98)) | dictation=long(12); dense(9)"
2186,#2186 RS,A tutor is a teacher that usually specializes in one particular subject.,2,1,0,2,"lex=1(rare_avg=3.58: specializes(3.50), tutor(3.67)) | dictation=long(12); dense(7)"
2187,#2187 RS,The teacher asked the students to check their work for any errors.,2,0,0,2,"lex=0(rare_avg=4.56: errors(4.25), teacher(4.88)) | dictation=long(12); dense(6)"
2188,#2188 RS,She has picked only one elective for the next semester.,1,1,1,0,"lex=1(rare_avg=3.67: elective(3.32), semester(4.03)) | grammar=perfect(has picked)"
2189,#2189 RS,A liberal arts curriculum can be very broad and diverse.,1,0,0,0,"lex=0(rare_avg=4.18: curriculum(4.12), diverse(4.24))"
2190,#2190 RS,The academic magazine was full of tips for both teachers and students.,2,0,0,2,"lex=0(rare_avg=4.58: academic(4.57), tips(4.58)) | dictation=long(12); dense(6)"
2191,#2191 RS,A long disquisition can take students several months to complete.,1,1,0,1,"lex=1(rare_avg=3.36: disquisition(1.63), complete(5.10)) | dictation=dense(7)"
2192,#2192 RS,He filled out the form correctly and submitted it for review.,1,0,0,1,"lex=0(rare_avg=4.27: correctly(4.21), submitted(4.32)) | dictation=long(11)"
2193,#2193 RS,The students were worried that they would fail in the final exam.,3,0,2,1,"lex=0(rare_avg=4.44: exam(4.26), fail(4.61)) | grammar=modal(would); passive(were worried) | dictation=long(12)"
2194,#2194 RS,"In the history curriculum, the class will be studying Egyptian culture.",1,0,0,1,"lex=0(rare_avg=4.27: curriculum(4.12), studying(4.42)) | dictation=long(11)"
2195,#2195 RS,Academic funds can only be spent on purchasing things for the classroom.,2,0,1,2,"lex=0(rare_avg=4.11: purchasing(4.06), classroom(4.15)) | grammar=passive(be spent) | dictation=long(12); dense(6)"
2196,#2196 RS,She has failed to complete her degree in international business.,1,0,1,0,"lex=0(rare_avg=4.88: failed(4.82), degree(4.94)) | grammar=perfect(has failed)"
2197,#2197 RS,I will check the map to make sure we are going the right way.,2,0,0,2,"lex=0(rare_avg=5.04: map(4.76), check(5.31)) | dictation=long(14); dense(7)"
2198,#2198 RS,Each library assistant was given a specific section of the library to distribute books.,2,0,1,2,"lex=0(rare_avg=4.25: distribute(3.79), assistant(4.72)) | grammar=passive(was given) | dictation=long(14); dense(8)"
2199,#2199 RS,The professor ran over her notes before giving the lecture.,1,0,0,0,"lex=0(rare_avg=4.49: lecture(4.14), notes(4.84))"
2200,#2200 RS,The new system is the focus of controversy among the public.,2,0,0,2,"lex=0(rare_avg=4.63: controversy(4.26), focus(5.00)) | dictation=long(11); dense(6)"
2201,#2201 RS,Several universities in our city have rigid rules about student conduct.,2,0,0,2,"lex=0(rare_avg=4.05: rigid(3.75), universities(4.36)) | dictation=long(11); dense(7)"
2202,#2202 RS,Banks will check your identification before allowing you to withdraw money.,2,0,0,2,"lex=0(rare_avg=4.12: withdraw(4.05), identification(4.18)) | dictation=long(11); dense(6)"
2203,#2203 RS,The money was distributed among schools in this rural area.,1,0,1,1,"lex=0(rare_avg=4.45: distributed(4.31), rural(4.59)) | grammar=passive(was distributed) | dictation=dense(6)"
2204,#2204 RS,An office assistant is to help the attorney organize all of his case files.,2,0,0,2,"lex=0(rare_avg=4.22: organize(3.98), files(4.46)) | dictation=long(14); dense(7)"
2205,#2205 RS,His lecture was illustrated with slides taken during an expedition.,1,1,1,0,"lex=1(rare_avg=3.88: slides(3.78), expedition(3.99)) | grammar=passive(was illustrated)"
2206,#2206 RS,Each student has been given their own email address by the school.,3,0,2,1,"lex=0(rare_avg=4.79: email(4.68), address(4.91)) | grammar=passive(been given); perfect(has been given) | dictation=long(12)"
2207,#2207 RS,He performed the experiment correctly and obtained accurate results.,1,0,0,1,"lex=0(rare_avg=4.29: correctly(4.21), experiment(4.38)) | dictation=dense(6)"
2208,#2208 RS,College homework has been demanding for most of the students.,1,0,1,0,"lex=0(rare_avg=4.13: homework(4.13), demanding(4.13)) | grammar=perfect(has been)"
2209,#2209 RS,He shared his own way to quickly adjust to college life.,2,0,0,2,"lex=0(rare_avg=4.38: adjust(4.07), shared(4.68)) | dictation=long(11); dense(6)"
2210,#2210 RS,He developed his own program in partnership with an American expert.,1,0,0,1,"lex=0(rare_avg=4.52: partnership(4.48), expert(4.56)) | dictation=long(11)"
2211,#2211 RS,There is a need to sharpen the focus of this discussion.,1,0,0,1,"lex=0(rare_avg=3.93: sharpen(3.15), discussion(4.71)) | dictation=long(11)"
2212,#2212 RS,The waiter answered the customer's question patiently and provided helpful information.,2,1,1,3,"lex=1(rare_avg=3.28: customer's(3.08), patiently(3.48)) | grammar=adv_sub(provided) | dictation=contraction; long(11); dense(8)"
2213,#2213 RS,"Students had to choose one elective from the choices of art, music and computers.",2,1,0,3,"lex=1(rare_avg=3.83: elective(3.32), computers(4.33)) | dictation=list_enum; long(14); dense(8)"
2214,#2214 RS,The team carried out a thorough inspection of the project.,1,0,0,0,"lex=0(rare_avg=4.05: thorough(3.97), inspection(4.14))"
2215,#2215 RS,It takes a lot of practice to master a foreign language.,2,0,0,2,"lex=0(rare_avg=4.99: master(4.93), practice(5.06)) | dictation=long(11); dense(6)"
2216,#2216 RS,The system is able to run more than one program at the same time.,2,0,1,2,"lex=0(rare_avg=5.35: program(5.27), able(5.43)) | grammar=passive(is able to run) | dictation=long(14); dense(6)"
2217,#2217 RS,The cost of attending a private university is unaffordable for some students.,2,1,0,2,"lex=1(rare_avg=3.48: unaffordable(2.66), attending(4.31)) | dictation=long(12); dense(6)"
2218,#2218 RS,Each student can determine their own pace in this class.,1,0,0,0,"lex=0(rare_avg=4.50: pace(4.38), determine(4.63))"
2219,#2219 RS,In today's lecture the focus will be on tax structures within the European Union.,2,0,0,3,"lex=0(rare_avg=4.31: lecture(4.14), structures(4.48)) | dictation=contraction; long(14); dense(6)"
2220,#2220 RS,The nursing assistant was in charge of getting the tool for the doctor.,2,0,0,2,"lex=0(rare_avg=4.44: nursing(4.32), tool(4.56)) | dictation=long(13); dense(6)"
2221,#2221 RS,The organization has distributed food to the families in need.,1,0,1,0,"lex=0(rare_avg=4.62: distributed(4.31), organization(4.92)) | grammar=perfect(has distributed)"
2222,#2222 RS,Each student at the university has a guide that helps them select their classes.,2,0,0,2,"lex=0(rare_avg=4.60: select(4.45), helps(4.74)) | dictation=long(14); dense(6)"
2223,#2223 RS,The teacher imparted his knowledge of social relationships to his students.,2,1,0,2,"lex=1(rare_avg=3.71: imparted(2.75), relationships(4.68)) | dictation=long(11); dense(6)"
2224,#2224 RS,I need to find a tutor to help me with my science studies.,2,0,0,2,"lex=0(rare_avg=4.33: tutor(3.67), studies(4.98)) | dictation=long(13); dense(6)"
2225,#2225 RS,"To be accepted to the university, you must have passed certain tests.",3,0,3,1,"lex=0(rare_avg=4.67: accepted(4.67), tests(4.67)) | grammar=modal(must); passive(be accepted); modal_perfect(must have passed) | dictation=long(12)"
2226,#2226 RS,The doctor will check your blood pressure to see if it is normal.,2,0,0,2,"lex=0(rare_avg=4.96: doctor(4.90), pressure(5.01)) | dictation=long(13); dense(6)"
2227,#2227 RS,He went to the university as a student of philosophy last year.,2,0,0,2,"lex=0(rare_avg=4.75: philosophy(4.49), student(5.02)) | dictation=long(12); dense(6)"
2228,#2228 RS,Today we have a guest speaker who is visiting from Canada.,2,0,1,1,"lex=0(rare_avg=4.46: visiting(4.44), speaker(4.49)) | grammar=relative(who) | dictation=long(11)"
2229,#2229 RS,You must read every single page in this book and study it carefully.,2,0,1,2,"lex=0(rare_avg=4.79: carefully(4.46), page(5.12)) | grammar=modal(must) | dictation=long(13); dense(6)"
2230,#2230 RS,You will need a great deal of money to purchase the valuable painting.,2,0,0,2,"lex=0(rare_avg=4.55: valuable(4.51), painting(4.60)) | dictation=long(13); dense(7)"
2231,#2231 RS,The teacher tried to gain her student's attention by clapping her hands loudly.,2,1,0,3,"lex=1(rare_avg=3.34: student's(3.32), clapping(3.36)) | dictation=contraction; long(13); dense(8)"
2232,#2232 RS,The student deserves a prize for his good behavior at school.,2,0,0,2,"lex=0(rare_avg=4.46: deserves(4.34), prize(4.59)) | dictation=long(11); dense(6)"
2233,#2233 RS,She went to the mall to buy a new dress for her interview.,2,0,0,2,"lex=0(rare_avg=4.53: mall(4.29), dress(4.76)) | dictation=long(13); dense(6)"
2234,#2234 RS,"Most families in America possess at least one car, but many have two.",2,0,0,2,"lex=0(rare_avg=4.48: possess(4.02), families(4.94)) | dictation=long(13); dense(7)"
2235,#2235 RS,The company doesn't typically hire people with no work experience.,1,0,0,2,"lex=0(rare_avg=4.51: hire(4.40), typically(4.62)) | dictation=contraction; dense(7)"
2236,#2236 RS,We went to the store to look for cosmic books for our children.,2,0,0,2,"lex=0(rare_avg=4.40: cosmic(3.78), store(5.02)) | dictation=long(13); dense(6)"
2237,#2237 RS,The rules at this middle school had been very strict.,1,0,1,0,"lex=0(rare_avg=4.64: strict(4.23), rules(5.06)) | grammar=perfect(had been)"
2238,#2238 RS,Many people disagree about this theory due to the lack of evidence.,2,0,0,2,"lex=0(rare_avg=4.48: disagree(4.09), theory(4.88)) | dictation=long(12); dense(7)"
2239,#2239 RS,A university is an educational institution aiming to provide academic knowledge.,2,0,0,2,"lex=0(rare_avg=4.15: aiming(3.89), institution(4.41)) | dictation=long(11); dense(7)"
2240,#2240 RS,Technically you can use many methods to solve these math problems.,2,0,0,2,"lex=0(rare_avg=4.26: technically(4.10), solve(4.42)) | dictation=long(11); dense(7)"
2241,#2241 RS,Your studies will be guided by your own interests at our university.,2,0,1,1,"lex=0(rare_avg=4.36: guided(4.06), interests(4.66)) | grammar=passive(be guided) | dictation=long(12)"
2242,#2242 RS,The team is developing original projects with new ideas and inspirations.,2,1,0,2,"lex=1(rare_avg=3.87: inspirations(3.08), developing(4.66)) | dictation=long(11); dense(7)"
2243,#2243 RS,Our university has campuses in the three district regions of Texas.,1,0,0,1,"lex=0(rare_avg=4.05: campuses(3.57), regions(4.53)) | dictation=long(11)"
2244,#2244 RS,Our support services include health and wellbeing and career guidance.,1,0,0,1,"lex=0(rare_avg=3.92: wellbeing(3.52), guidance(4.33)) | dictation=dense(7)"
2245,#2245 RS,This new platform makes it easy to get the information you need.,2,0,0,2,"lex=0(rare_avg=4.98: platform(4.67), easy(5.29)) | dictation=long(12); dense(7)"
2246,#2246 RS,These services are available for those experiencing academic concerns.,1,0,0,0,"lex=0(rare_avg=4.30: experiencing(4.04), academic(4.57))"
2247,#2247 RS,The university can help connect you to local cultural groups and organizations.,2,0,0,2,"lex=0(rare_avg=4.53: connect(4.38), organizations(4.67)) | dictation=long(12); dense(7)"
2248,#2248 RS,Getting involved in volunteering opportunities helps to develop your leadership skills.,2,0,0,2,"lex=0(rare_avg=4.07: volunteering(3.52), opportunities(4.61)) | dictation=long(11); dense(8)"
2249,#2249 RS,We believe that finances should never be a barrier to university.,2,0,1,1,"lex=0(rare_avg=4.03: finances(3.90), barrier(4.15)) | grammar=modal(should) | dictation=long(11)"
2250,#2250 RS,You can apply for multiple scholarships in one simple application.,1,0,0,1,"lex=0(rare_avg=4.29: scholarships(3.76), apply(4.81)) | dictation=dense(6)"
2251,#2251 RS,We provide a number of services to ensure a good experience for our students.,2,0,0,2,"lex=0(rare_avg=4.93: ensure(4.70), provide(5.15)) | dictation=long(14); dense(7)"
2252,#2252 RS,These new laboratories enhance the ability of researchers to make new discoveries.,2,1,0,2,"lex=1(rare_avg=3.73: laboratories(3.72), discoveries(3.73)) | dictation=long(12); dense(8)"
2253,#2253 RS,Our degree is built to prepare you for your career at sea.,2,0,1,1,"lex=0(rare_avg=4.75: prepare(4.55), degree(4.94)) | grammar=passive(is built) | dictation=long(12)"
2254,#2254 RS,This course introduces you to the study of teaching as a profession.,1,0,0,1,"lex=0(rare_avg=3.96: introduces(3.80), profession(4.13)) | dictation=long(12)"
2255,#2255 RS,"Our business is built on the network of alumni, friends and partners.",2,0,1,3,"lex=0(rare_avg=4.22: alumni(3.89), partners(4.56)) | grammar=passive(is built) | dictation=list_enum; long(12); dense(6)"
2256,#2256 RS,The project modules are specified as modules of the control system.,2,1,1,2,"lex=1(rare_avg=3.70: modules(3.70), modules(3.70)) | grammar=passive(are specified) | dictation=long(11); dense(6)"
2257,#2257 RS,The famous professor is now illustrating the theory of financial accounting.,2,1,0,2,"lex=1(rare_avg=3.80: illustrating(3.32), accounting(4.29)) | dictation=long(11); dense(6)"
2258,#2258 RS,This dissertation is an extended piece of research on a topic of your interest.,2,0,1,2,"lex=0(rare_avg=4.10: dissertation(3.70), topic(4.49)) | grammar=passive(is an extended) | dictation=long(14); dense(6)"
2259,#2259 RS,There are opportunities for you to go abroad as part of your undergraduate studies.,2,0,0,2,"lex=0(rare_avg=4.12: undergraduate(3.85), abroad(4.39)) | dictation=long(14); dense(6)"
2260,#2260 RS,The analytical and communication skills are essential to accounting and finance.,2,0,0,2,"lex=0(rare_avg=4.01: analytical(3.73), accounting(4.29)) | dictation=long(11); dense(6)"
2261,#2261 RS,Our university has set a minimum English Language proficiency level.,1,0,1,0,"lex=0(rare_avg=4.06: proficiency(3.43), minimum(4.69)) | grammar=perfect(has set)"
2262,#2262 RS,We are constantly seeking competitive advantages that allow us to make more profits.,2,0,0,2,"lex=0(rare_avg=4.23: advantages(4.10), profits(4.36)) | dictation=long(13); dense(7)"
2263,#2263 RS,Getting career advice while you're at university eases the transition from study to work.,2,1,0,3,"lex=1(rare_avg=3.70: eases(2.93), transition(4.46)) | dictation=contraction; long(14); dense(10)"
2264,#2264 RS,We have a range of on-campus accommodation available to students.,1,0,0,0,"lex=0(rare_avg=4.29: accommodation(4.06), campus(4.51))"
2265,#2265 RS,These professionals will offer you the opportunity to discuss issues with them.,1,0,0,1,"lex=0(rare_avg=4.45: professionals(4.24), discuss(4.66)) | dictation=long(12)"
2266,#2266 RS,The Museum has been awarded a grant by the Humanities Research Council.,3,0,2,1,"lex=0(rare_avg=4.51: awarded(4.35), grant(4.67)) | grammar=passive(been awarded a grant); perfect(has been awarded) | dictation=long(12)"
2267,#2267 RS,Our collections are available digitally in a number of ways.,1,1,0,0,"lex=1(rare_avg=3.83: digitally(3.45), collections(4.21))"
2268,#2268 RS,There is no requirement for attendance in this research course.,1,0,1,0,"lex=0(rare_avg=4.21: attendance(4.17), requirement(4.26)) | grammar=passive(is no requirement)"
2269,#2269 RS,You will be able to develop your literacy skills through this project.,1,0,0,1,"lex=0(rare_avg=4.33: literacy(3.90), develop(4.75)) | dictation=long(12)"
2270,#2270 RS,You will have the flexibility to choose your own path as a marine engineer.,1,0,0,1,"lex=0(rare_avg=4.26: flexibility(4.02), engineer(4.50)) | dictation=long(14)"
2271,#2271 RS,We offer many programs and resources to help you thrive at university.,2,0,0,2,"lex=0(rare_avg=4.32: thrive(3.73), programs(4.90)) | dictation=long(12); dense(7)"
2272,#2272 RS,You have to tackle a range of challenging problems by yourself.,1,0,0,1,"lex=0(rare_avg=4.21: tackle(4.15), challenging(4.27)) | dictation=long(11)"
2273,#2273 RS,This institution was built to help people with psychological illnesses.,1,0,1,1,"lex=0(rare_avg=3.97: illnesses(3.67), psychological(4.27)) | grammar=passive(was built) | dictation=dense(6)"
2274,#2274 RS,Some claim that chocolate can reduce your chance of a heart attack.,2,0,0,2,"lex=0(rare_avg=4.61: chocolate(4.49), reduce(4.73)) | dictation=long(12); dense(6)"
2275,#2275 RS,A hypothesis is the first step before an idea becomes a theory.,2,0,0,2,"lex=0(rare_avg=4.35: hypothesis(3.87), becomes(4.83)) | dictation=long(12); dense(6)"
2276,#2276 RS,A letter was sent out to inform clients about the change in service prices.,2,0,1,2,"lex=0(rare_avg=4.30: inform(4.15), clients(4.45)) | grammar=passive(was sent) | dictation=long(14); dense(7)"
2277,#2277 RS,"Unfortunately, she didn't have enough money to buy the car she wanted.",2,0,0,3,"lex=0(rare_avg=4.97: unfortunately(4.62), buy(5.32)) | dictation=contraction; long(12); dense(7)"
2278,#2278 RS,Almost all of the students want to acquire the academic award.,2,0,0,2,"lex=0(rare_avg=4.35: acquire(4.13), academic(4.57)) | dictation=long(11); dense(6)"
2279,#2279 RS,The chemistry building is located near the entrance of the campus.,2,0,1,2,"lex=0(rare_avg=4.37: chemistry(4.35), entrance(4.39)) | grammar=passive(is located) | dictation=long(11); dense(6)"
2280,#2280 RS,"By logging in, you agree to all terms and conditions regarding your enrollment.",2,1,0,2,"lex=1(rare_avg=3.84: logging(3.76), enrollment(3.92)) | dictation=long(13); dense(6)"
2281,#2281 RS,Compiling a bibliography can present a major challenge for some students.,2,1,0,2,"lex=1(rare_avg=3.56: compiling(3.30), bibliography(3.82)) | dictation=long(11); dense(6)"
2282,#2282 RS,Please read the article that was given out yesterday.,1,0,1,0,"lex=0(rare_avg=5.00: yesterday(4.91), article(5.09)) | grammar=passive(was given)"
2283,#2283 RS,Please make sure you use the standard form of quotation.,1,0,0,1,"lex=0(rare_avg=4.27: quotation(3.51), standard(5.03)) | dictation=dense(7)"
2284,#2284 RS,Living in the twenty-first century is increasingly stressful.,1,0,0,1,"lex=0(rare_avg=4.13: stressful(3.88), increasingly(4.38)) | dictation=dense(6)"
2285,#2285 RS,Renewable energy sources are now used to produce electricity.,1,0,0,1,"lex=0(rare_avg=4.17: renewable(3.91), electricity(4.43)) | dictation=dense(6)"
2286,#2286 RS,We have specially assigned staff to help you find appropriate work placements.,2,1,1,2,"lex=1(rare_avg=3.64: placements(3.27), specially(4.01)) | grammar=perfect(have specially assigned) | dictation=long(12); dense(8)"
2287,#2287 RS,"If you are worried about your work, you should see a study counselor.",3,0,2,1,"lex=0(rare_avg=4.21: counselor(3.79), worried(4.63)) | grammar=modal(should); passive(are worried) | dictation=long(13)"
2288,#2288 RS,Most of the student advisors are extremely helpful.,1,0,0,0,"lex=0(rare_avg=4.03: advisors(3.63), helpful(4.43))"
2289,#2289 RS,The office opens on Monday and Thursday following the freshman seminar.,2,1,0,1,"lex=1(rare_avg=3.88: seminar(3.77), freshman(3.98)) | dictation=long(11)"
2290,#2290 RS,"Before submitting the paper, your thesis must be approved by your tutor.",3,1,2,1,"lex=1(rare_avg=3.62: submitting(3.56), tutor(3.67)) | grammar=modal(must); passive(be approved) | dictation=long(12)"
2291,#2291 RS,There are lots of opportunities available for the student on campus.,1,0,0,1,"lex=0(rare_avg=4.56: campus(4.51), opportunities(4.61)) | dictation=long(11)"
2292,#2292 RS,Such behaviors are regarded as deviations from the norm.,1,1,1,0,"lex=1(rare_avg=3.46: deviations(3.04), behaviors(3.89)) | grammar=passive(are regarded)"
2293,#2293 RS,My particular interest is in the eighteenth-century French society.,1,0,0,0,"lex=0(rare_avg=4.24: eighteenth(3.48), particular(5.00))"
2294,#2294 RS,None of the students found it difficult to get a job.,2,0,0,2,"lex=0(rare_avg=5.00: none(4.93), difficult(5.07)) | dictation=long(11); dense(6)"
2295,#2295 RS,You have to submit the project by the end of the week.,1,0,0,1,"lex=0(rare_avg=4.75: submit(4.28), project(5.22)) | dictation=long(12)"
2296,#2296 RS,It is expected that all students have their own laptops.,1,0,1,0,"lex=0(rare_avg=4.25: laptops(3.54), expected(4.96)) | grammar=passive(is expected)"
2298,#2298 RS,She has a small business about toys.,1,0,0,0,"lex=0(rare_avg=4.88: toys(4.25), small(5.51))"
2299,#2299 RS,Students fear to write essays because they do not know how to do it.,2,0,0,2,"lex=0(rare_avg=4.52: essays(4.08), fear(4.95)) | dictation=long(14); dense(6)"
2300,#2300 RS,Students must attend the safety course before entering the engineering workshop.,2,0,1,2,"lex=0(rare_avg=4.29: workshop(4.15), entering(4.42)) | grammar=modal(must) | dictation=long(11); dense(7)"
2301,#2301 RS,All students depend on their future.,1,0,0,0,"lex=0(rare_avg=4.72: depend(4.20), students(5.25))"
2302,#2302 RS,Knowledge becomes a vital role in young generations.,1,0,0,1,"lex=0(rare_avg=4.33: generations(4.29), vital(4.38)) | dictation=dense(6)"
2303,#2303 RS,There is a lot more about this topic on the university website.,1,0,0,1,"lex=0(rare_avg=4.79: topic(4.49), website(5.09)) | dictation=long(12)"
2304,#2304 RS,The origin of psychology can be traced back to ancient Greece.,2,0,1,1,"lex=0(rare_avg=4.05: traced(3.80), psychology(4.31)) | grammar=passive(be traced) | dictation=long(11)"
2305,#2305 RS,The graph shows the population growth in the last century.,1,0,0,1,"lex=0(rare_avg=4.53: graph(4.05), population(5.01)) | dictation=dense(6)"
2306,#2306 RS,The full list of undergraduate and postgraduate programs can be found on the website.,2,1,0,2,"lex=1(rare_avg=3.56: postgraduate(3.28), undergraduate(3.85)) | dictation=long(14); dense(7)"
2307,#2307 RS,After considering all the options she decided to take risks.,1,0,0,0,"lex=0(rare_avg=4.49: risks(4.35), considering(4.64))"
2308,#2308 RS,There are many different religions across the world.,1,0,1,0,"lex=0(rare_avg=4.58: religions(3.91), across(5.25)) | grammar=passive(are many different)"
2309,#2309 RS,The energy that we absorb from food can help us prevent the cold and become warmer.,2,1,0,2,"lex=1(rare_avg=3.79: warmer(3.76), absorb(3.81)) | dictation=long(16); dense(8)"
2310,#2310 RS,"The campus has many buildings, including classrooms, dorms, and offices.",2,1,0,2,"lex=1(rare_avg=3.33: dorms(2.99), classrooms(3.67)) | dictation=list_enum; dense(7)"
2311,#2311 RS,"The cafeteria serves breakfast, lunch, and dinner every day of the week.",2,0,0,3,"lex=0(rare_avg=3.92: cafeteria(3.44), serves(4.39)) | dictation=list_enum; long(12); dense(7)"
2312,#2312 RS,Students can borrow books and other materials from the library for free.,2,0,0,2,"lex=0(rare_avg=4.39: borrow(4.00), materials(4.78)) | dictation=long(12); dense(6)"
2313,#2313 RS,The concept of sustainable development is crucial for future prosperity.,1,0,0,1,"lex=0(rare_avg=4.05: prosperity(3.91), sustainable(4.19)) | dictation=dense(6)"
2314,#2314 RS,The student government organizes events and advocates for student interests.,1,1,0,1,"lex=1(rare_avg=3.52: organizes(3.08), advocates(3.95)) | dictation=dense(7)"
2315,#2315 RS,The university's research facilities are among the best in the country.,2,0,0,3,"lex=0(rare_avg=4.22: university's(3.78), facilities(4.66)) | dictation=contraction; long(11); dense(6)"
2316,#2316 RS,Income inequality is a major challenge facing many societies today.,1,0,0,1,"lex=0(rare_avg=4.00: inequality(3.92), societies(4.08)) | dictation=dense(8)"
2317,#2317 RS,The campus is located in a bustling urban area.,1,1,1,0,"lex=1(rare_avg=3.83: bustling(3.16), campus(4.51)) | grammar=passive(is located)"
2318,#2318 RS,The campus bookstore sells textbooks and school supplies to students.,1,1,0,1,"lex=1(rare_avg=3.54: bookstore(3.42), textbooks(3.66)) | dictation=dense(7)"
2319,#2319 RS,The university's football team has won several national championships.,1,0,0,2,"lex=0(rare_avg=3.91: university's(3.78), championships(4.03)) | dictation=contraction; dense(7)"
2320,#2320 RS,Small businesses play an important role in local communities.,1,0,0,1,"lex=0(rare_avg=4.69: businesses(4.66), communities(4.71)) | dictation=dense(7)"
2321,#2321 RS,The university's MBA program is ranked among the top in the world.,2,0,1,3,"lex=0(rare_avg=4.06: university's(3.78), ranked(4.35)) | grammar=passive(is ranked) | dictation=contraction; long(12); dense(6)"
2322,#2322 RS,The university's online courses provide flexible learning options for students.,1,0,0,2,"lex=0(rare_avg=3.96: university's(3.78), flexible(4.13)) | dictation=contraction; dense(8)"
2323,#2323 RS,The history of our society is complex and fascinating.,1,0,0,0,"lex=0(rare_avg=4.50: fascinating(4.13), complex(4.86))"
2324,#2324 RS,The campus gym has state-of-the-art exercise equipment.,1,0,0,1,"lex=0(rare_avg=4.47: gym(4.43), campus(4.51)) | dictation=dense(6)"
2325,#2325 RS,The business school offers internships and networking opportunities.,1,1,0,1,"lex=1(rare_avg=3.60: internships(3.26), networking(3.94)) | dictation=dense(6)"
2326,#2326 RS,The university has a diverse student body from around the world.,2,0,1,2,"lex=0(rare_avg=4.63: diverse(4.24), student(5.02)) | grammar=perfect(has a diverse student) | dictation=long(11); dense(6)"
2327,#2327 RS,Social justice is an important topic in today's society.,2,0,1,2,"lex=0(rare_avg=4.51: topic(4.49), today's(4.53)) | grammar=passive(is an important) | dictation=contraction; dense(6)"
2328,#2328 RS,The campus dining hall serves a variety of healthy meals.,1,0,0,1,"lex=0(rare_avg=4.17: dining(4.14), meals(4.19)) | dictation=dense(7)"
2329,#2329 RS,The university offers scholarships to help students with financial need.,1,0,0,1,"lex=0(rare_avg=4.25: scholarships(3.76), offers(4.74)) | dictation=dense(7)"
2330,#2330 RS,The economics department studies the production and distribution of goods and services.,2,0,0,2,"lex=0(rare_avg=4.51: economics(4.42), goods(4.60)) | dictation=long(12); dense(7)"
2331,#2331 RS,The campus art museum features works from renowned artists around the world.,2,0,0,2,"lex=0(rare_avg=4.23: renowned(3.96), campus(4.51)) | dictation=long(12); dense(9)"
2332,#2332 RS,The university's career center provides resources for job searching and career development.,2,0,0,3,"lex=0(rare_avg=4.07: university's(3.78), searching(4.36)) | dictation=contraction; long(12); dense(9)"
2333,#2333 RS,Climate change is a pressing issue facing our society today.,1,0,0,1,"lex=0(rare_avg=4.29: pressing(4.08), facing(4.50)) | dictation=dense(7)"
2334,#2334 RS,"Campus life can be challenging, but it is also an exciting time of growth.",2,0,0,2,"lex=0(rare_avg=4.39: challenging(4.27), campus(4.51)) | dictation=long(14); dense(6)"
2335,#2335 RS,The university offers a wide range of programs to suit different interests.,2,0,0,2,"lex=0(rare_avg=4.68: interests(4.66), suit(4.70)) | dictation=long(12); dense(8)"
2336,#2336 RS,Social media has changed the way we communicate and connect with others.,2,0,1,2,"lex=0(rare_avg=4.29: communicate(4.20), connect(4.38)) | grammar=perfect(has changed) | dictation=long(12); dense(7)"
2337,#2337 RS,"The business world is constantly evolving, and staying up-to-date is essential.",2,0,0,2,"lex=0(rare_avg=4.15: evolving(3.77), constantly(4.53)) | dictation=long(11); dense(7)"
2338,#2338 RS,Climate change is a pressing issue that requires global cooperation and action.,2,0,0,2,"lex=0(rare_avg=4.19: pressing(4.08), cooperation(4.30)) | dictation=long(12); dense(8)"
2339,#2339 RS,Learning a second language can open up new opportunities and perspectives.,2,0,0,2,"lex=0(rare_avg=4.25: perspectives(3.89), opportunities(4.61)) | dictation=long(11); dense(7)"
2340,#2340 RS,Mental health awareness is essential for promoting well-being and reducing stigma.,2,0,0,2,"lex=0(rare_avg=3.99: stigma(3.69), promoting(4.28)) | dictation=long(11); dense(8)"
2341,#2341 RS,"The arts provide opportunities for creativity, expression, and cultural exchange.",1,0,0,2,"lex=0(rare_avg=4.28: creativity(4.01), expression(4.55)) | dictation=list_enum; dense(7)"
2342,#2342 RS,Volunteer work can be a rewarding way to give back to the community.,2,0,0,2,"lex=0(rare_avg=4.01: rewarding(3.74), volunteer(4.28)) | dictation=long(13); dense(7)"
2343,#2343 RS,"Technology has transformed the way we work, learn, and communicate.",2,0,1,2,"lex=0(rare_avg=4.14: transformed(4.08), communicate(4.20)) | grammar=perfect(has transformed) | dictation=list_enum; dense(6)"
2344,#2344 RS,"The healthcare industry is facing numerous challenges, including rising costs and access issues.",2,0,0,2,"lex=0(rare_avg=4.48: healthcare(4.47), challenges(4.49)) | dictation=long(13); dense(10)"
2345,#2345 RS,Education is a powerful tool for promoting social mobility and economic opportunity.,2,0,0,2,"lex=0(rare_avg=4.17: mobility(4.05), promoting(4.28)) | dictation=long(12); dense(8)"
2346,#2346 RS,Urbanization is a global trend that presents both opportunities and challenges.,2,1,0,2,"lex=1(rare_avg=3.73: urbanization(3.04), presents(4.41)) | dictation=long(11); dense(6)"
2347,#2347 RS,The media plays a critical role in shaping public opinion.,1,0,0,1,"lex=0(rare_avg=4.28: shaping(3.72), critical(4.83)) | dictation=dense(7)"
2348,#2348 RS,Diversity and inclusion are essential for creating strong and resilient communities.,2,1,0,2,"lex=1(rare_avg=3.76: resilient(3.50), inclusion(4.02)) | dictation=long(11); dense(7)"
2349,#2349 RS,"The campus theater hosts plays, concerts, and other performances.",1,0,0,2,"lex=0(rare_avg=4.10: concerts(3.97), hosts(4.23)) | dictation=list_enum; dense(6)"
2350,#2350 RS,The fashion industry has a significant impact on the environment.,1,0,1,0,"lex=0(rare_avg=4.85: fashion(4.82), environment(4.87)) | grammar=perfect(has a significant)"
2351,#2351 RS,Renewable energy sources are becoming increasingly important for reducing carbon emissions.,2,0,1,2,"lex=0(rare_avg=3.99: renewable(3.91), emissions(4.07)) | grammar=passive(are becoming increasingly important) | dictation=long(11); dense(9)"
2352,#2352 RS,Immigration policy is a complex issue that requires careful consideration.,1,0,0,1,"lex=0(rare_avg=4.38: consideration(4.28), immigration(4.47)) | dictation=dense(7)"
2353,#2353 RS,The food industry is facing numerous challenges related to health.,1,0,0,1,"lex=0(rare_avg=4.50: challenges(4.49), facing(4.50)) | dictation=dense(7)"
2354,#2354 RS,Online learning has become increasingly popular in recent years.,1,0,0,1,"lex=0(rare_avg=4.65: increasingly(4.38), learning(4.92)) | dictation=dense(7)"
2355,#2355 RS,Time management is essential for balancing academics and extracurricular activities.,1,1,0,1,"lex=1(rare_avg=3.38: extracurricular(2.99), academics(3.78)) | dictation=dense(7)"
2356,#2356 RS,The campus library is a valuable resource for research and studying.,2,0,0,2,"lex=0(rare_avg=4.40: resource(4.39), studying(4.42)) | dictation=long(11); dense(6)"
2357,#2357 RS,Mental health resources are available for students who need support.,1,0,1,1,"lex=0(rare_avg=4.87: mental(4.83), resources(4.91)) | grammar=relative(who) | dictation=dense(7)"
2358,#2358 RS,The study abroad program allows students to experience new cultures and perspectives.,2,0,0,2,"lex=0(rare_avg=4.04: perspectives(3.89), cultures(4.20)) | dictation=long(12); dense(9)"
2359,#2359 RS,The dining hall provides a variety of meal options for students with different dietary needs.,2,0,0,2,"lex=0(rare_avg=3.92: dietary(3.70), dining(4.14)) | dictation=long(15); dense(10)"
2360,#2360 RS,Campus safety is a top priority for universities across the country.,2,0,0,2,"lex=0(rare_avg=4.38: universities(4.36), priority(4.41)) | dictation=long(11); dense(7)"
2362,#2362 RS,The result of the experiment indicates that further research is needed.,2,0,1,1,"lex=0(rare_avg=4.31: indicates(4.24), experiment(4.38)) | grammar=passive(is needed) | dictation=long(11)"
2363,#2363 RS,The study demonstrates a need for further research in this field.,1,0,0,1,"lex=0(rare_avg=4.55: demonstrates(3.86), field(5.24)) | dictation=long(11)"
2364,#2364 RS,The scientific benefits of space exploration are frequently questioned.,1,0,1,1,"lex=0(rare_avg=4.11: questioned(4.02), exploration(4.19)) | grammar=passive(are frequently questioned) | dictation=dense(6)"
2365,#2365 RS,"Next time, we'll discuss the impact of media on shaping public policy.",2,0,0,3,"lex=0(rare_avg=4.19: shaping(3.72), discuss(4.66)) | dictation=contraction; long(12); dense(9)"
2366,#2366 RS,He would raise his voice if anyone interrupted him while painting.,2,0,1,2,"lex=0(rare_avg=4.22: interrupted(3.85), painting(4.60)) | grammar=modal(would) | dictation=long(11); dense(6)"
2367,#2367 RS,Please ensure you come well-prepared for the upcoming seminar session.,1,0,0,1,"lex=0(rare_avg=4.05: seminar(3.77), upcoming(4.34)) | dictation=dense(8)"
2368,#2368 RS,"Market research surveys can be conducted via phone, internet, or in person.",2,0,1,3,"lex=0(rare_avg=4.29: surveys(4.00), conducted(4.58)) | grammar=passive(be conducted) | dictation=list_enum; long(12); dense(8)"
2369,#2369 RS,"Reviews tend to provide unbiased information, but exceptions exist occasionally.",1,1,0,1,"lex=1(rare_avg=3.65: unbiased(3.33), exceptions(3.97)) | dictation=dense(8)"
2370,#2370 RS,The students usually complete their projects in November.,1,0,0,0,"lex=0(rare_avg=4.96: projects(4.81), complete(5.10))"
2371,#2371 RS,"Ads often use funny stories, exciting scenes, or catchy words to get noticed.",2,0,0,3,"lex=0(rare_avg=3.91: catchy(3.49), ads(4.32)) | dictation=list_enum; long(13); dense(11)"
2372,#2372 RS,"During conversations, tone, expressions, and gestures play roles in understanding.",2,1,0,2,"lex=1(rare_avg=3.75: gestures(3.59), expressions(3.92)) | dictation=list_enum; dense(7)"
2373,#2373 RS,My own happy childhood sometimes makes me forget others' varied experiences.,2,0,0,2,"lex=0(rare_avg=4.27: varied(4.03), childhood(4.51)) | dictation=long(11); dense(8)"
2374,#2374 RS,Scientists should have the freedom to explore their research interests freely.,2,0,1,2,"lex=0(rare_avg=4.19: freely(4.07), explore(4.31)) | grammar=modal(should) | dictation=long(11); dense(6)"
2375,#2375 RS,"Advertisements continuously surround us, regardless of our location and activities.",1,1,0,1,"lex=1(rare_avg=3.77: advertisements(3.75), surround(3.79)) | dictation=dense(6)"
2376,#2376 RS,Do scientific advancements occasionally lead to more problems than solutions?,1,1,0,1,"lex=1(rare_avg=3.75: advancements(3.12), occasionally(4.39)) | dictation=dense(6)"
2377,#2377 RS,The global population experienced a threefold increase in the last century.,2,1,0,2,"lex=1(rare_avg=3.66: threefold(2.69), experienced(4.63)) | dictation=long(11); dense(7)"
2378,#2378 RS,"People gather product information from ads, recommendations, and online reviews.",1,0,0,2,"lex=0(rare_avg=4.27: gather(4.24), recommendations(4.29)) | dictation=list_enum; dense(8)"
2379,#2379 RS,Managing feelings of disgust can be a complex emotional challenge for us.,2,0,0,2,"lex=0(rare_avg=4.00: disgust(3.61), managing(4.40)) | dictation=long(12); dense(6)"
2380,#2380 RS,Some advertisements primarily focus on promoting a brand rather than specific products.,2,0,1,2,"lex=0(rare_avg=4.02: advertisements(3.75), promoting(4.28)) | grammar=phrase(rather than) | dictation=long(12); dense(8)"
2381,#2381 RS,One widely accepted theory suggests that dreams contribute to long-term memory formation.,2,0,0,2,"lex=0(rare_avg=4.42: contribute(4.34), suggests(4.49)) | dictation=long(12); dense(11)"
2382,#2382 RS,Professionals in responsible roles require adequate sleep to maintain performance standards.,2,0,0,2,"lex=0(rare_avg=4.14: adequate(4.05), professionals(4.24)) | dictation=long(11); dense(9)"
2383,#2383 RS,Population growth often leads to increased demands on limited natural resources.,2,0,0,2,"lex=0(rare_avg=4.53: demands(4.41), leads(4.65)) | dictation=long(11); dense(9)"
2384,#2384 RS,Elderly individuals may experience social isolation and disconnection in their lives.,2,1,1,2,"lex=1(rare_avg=3.34: disconnection(2.66), isolation(4.02)) | grammar=modal(may) | dictation=long(11); dense(7)"
2385,#2385 RS,"Despite their limited education, my parents were determined to ensure my education.",3,0,2,2,"lex=0(rare_avg=4.67: determined(4.64), ensure(4.70)) | grammar=adv_sub(despite); passive(were determined) | dictation=long(12); dense(7)"
2386,#2386 RS,Most Britons prefer urban areas as their place of residence.,1,0,0,0,"lex=0(rare_avg=4.46: residence(4.36), prefer(4.57))"
2387,#2387 RS,Reading without context can occasionally make comprehension a challenging task.,1,0,0,1,"lex=0(rare_avg=3.92: comprehension(3.57), challenging(4.27)) | dictation=dense(8)"
2388,#2388 RS,They assist fellow students with course and exam preparation by providing guidance.,2,0,1,2,"lex=0(rare_avg=4.29: exam(4.26), preparation(4.32)) | grammar=adv_sub(providing) | dictation=long(12); dense(8)"
2389,#2389 RS,The artist's earlier works were considered wise investments by many collectors.,2,1,1,3,"lex=1(rare_avg=3.66: artist's(3.52), collectors(3.80)) | grammar=passive(were considered) | dictation=contraction; long(11); dense(8)"
2390,#2390 RS,Many new university students often experience feelings of nervousness upon arrival.,2,1,0,2,"lex=1(rare_avg=3.74: nervousness(3.04), arrival(4.44)) | dictation=long(11); dense(10)"
2391,#2391 RS,He was known for using abstract expressionism as his painting style.,2,1,1,2,"lex=1(rare_avg=3.35: expressionism(2.57), abstract(4.14)) | grammar=passive(was known) | dictation=long(11); dense(6)"
2392,#2392 RS,Taking a gap year would require finding a job to save up enough money.,2,0,1,2,"lex=0(rare_avg=4.62: gap(4.47), require(4.78)) | grammar=modal(would) | dictation=long(14); dense(9)"
2393,#2393 RS,"Population growth can be attributed to several factors, including improved education opportunities.",2,0,1,2,"lex=0(rare_avg=4.33: attributed(4.05), improved(4.61)) | grammar=passive(be attributed) | dictation=long(12); dense(9)"
2394,#2394 RS,"Marketing involves various activities, such as research, product development, and promotion strategies.",2,0,0,3,"lex=0(rare_avg=4.31: strategies(4.29), involves(4.34)) | dictation=list_enum; long(12); dense(9)"
2395,#2395 RS,You will get the money report for the last few months later today.,2,0,0,2,"lex=0(rare_avg=5.33: report(5.32), months(5.35)) | dictation=long(13); dense(7)"
2396,#2396 RS,Additional seminars will be arranged to assist you in your revision efforts.,2,1,1,2,"lex=1(rare_avg=3.66: seminars(3.50), revision(3.82)) | grammar=passive(be arranged) | dictation=long(12); dense(6)"
2397,#2397 RS,"In general, scientific progress is seen as a positive force for society.",2,0,0,2,"lex=0(rare_avg=4.72: scientific(4.67), progress(4.78)) | dictation=long(12); dense(7)"
2398,#2398 RS,The potential consequences of climate change include an increased risk of flooding.,2,0,0,2,"lex=0(rare_avg=4.22: flooding(3.97), consequences(4.47)) | dictation=long(12); dense(8)"
2399,#2399 RS,Designated cycle lanes enhance safety for those who prefer bicycling.,2,1,1,1,"lex=1(rare_avg=3.33: bicycling(2.70), lanes(3.97)) | grammar=relative(who) | dictation=dense(7)"
2400,#2400 RS,"Overeating often occurs without individuals realizing it, leading to health issues.",2,1,0,2,"lex=1(rare_avg=3.33: overeating(2.69), realizing(3.97)) | dictation=long(11); dense(9)"
2401,#2401 RS,Investing in road systems is crucial for improving urban infrastructure.,1,0,0,1,"lex=0(rare_avg=4.20: investing(4.11), crucial(4.28)) | dictation=dense(7)"
2402,#2402 RS,He has a strong interest in exploring new and exciting art movements.,2,0,0,2,"lex=0(rare_avg=4.21: exploring(4.06), movements(4.35)) | dictation=long(12); dense(7)"
2403,#2403 RS,"Absolutely, scientific advancement is generally viewed as beneficial for society.",1,0,1,1,"lex=0(rare_avg=3.95: advancement(3.81), beneficial(4.08)) | grammar=passive(is generally viewed) | dictation=dense(7)"
2404,#2404 RS,"Even in leisure time, we encounter attempts to persuade or influence us.",2,1,0,2,"lex=1(rare_avg=3.87: persuade(3.82), leisure(3.92)) | dictation=long(12); dense(6)"
2405,#2405 RS,Advertisements must appeal to a diverse audience to be effective.,1,0,1,0,"lex=0(rare_avg=4.00: advertisements(3.75), diverse(4.24)) | grammar=modal(must)"
2406,#2406 RS,"During certain sleep stages, rapid eye movement occurs behind closed eyelids.",2,1,0,2,"lex=1(rare_avg=3.75: eyelids(3.16), occurs(4.34)) | dictation=long(11); dense(10)"
2407,#2407 RS,The new report explains how cities can deal with transportation problems.,2,0,0,2,"lex=0(rare_avg=4.50: explains(4.42), transportation(4.57)) | dictation=long(11); dense(7)"
2408,#2408 RS,Teenagers often feel strong pressure to fit in more than others.,2,0,0,2,"lex=0(rare_avg=4.48: teenagers(4.01), fit(4.95)) | dictation=long(11); dense(7)"
2409,#2409 RS,Some people propose a tax on unhealthy food to discourage consumption.,2,1,0,2,"lex=1(rare_avg=3.65: discourage(3.57), unhealthy(3.72)) | dictation=long(11); dense(7)"
2410,#2410 RS,College students spend a lot of money on their education.,1,0,0,1,"lex=0(rare_avg=5.11: spend(4.97), students(5.25)) | dictation=dense(6)"
2411,#2411 RS,There are numerous effective methods available for various purposes and needs.,2,0,0,2,"lex=0(rare_avg=4.58: purposes(4.51), numerous(4.65)) | dictation=long(11); dense(7)"
2412,#2412 RS,Sleep deprivation can alter behavior significantly in both youth and adults.,2,1,0,2,"lex=1(rare_avg=3.75: deprivation(3.44), alter(4.05)) | dictation=long(11); dense(7)"
2413,#2413 RS,The required amount of sleep remains constant as adults age.,1,0,0,1,"lex=0(rare_avg=4.56: constant(4.54), adults(4.59)) | dictation=dense(7)"
2414,#2414 RS,Deciding research boundaries is challenging; defining limits requires careful consideration.,1,0,0,1,"lex=0(rare_avg=4.04: defining(3.96), deciding(4.11)) | dictation=dense(9)"
2415,#2415 RS,Building connections between individuals holds great importance for social well-being.,1,0,0,1,"lex=0(rare_avg=4.44: connections(4.32), importance(4.56)) | dictation=dense(8)"
2416,#2416 RS,Science's solutions often surpass the challenges it may introduce into society.,3,2,1,3,"lex=2(rare_avg=2.80: science's(2.23), surpass(3.37)) | grammar=modal(may) | dictation=contraction; long(11); dense(7)"
2417,#2417 RS,Many fast foods contain an excessive amount of added sugar content.,2,0,0,2,"lex=0(rare_avg=4.27: excessive(4.12), foods(4.41)) | dictation=long(11); dense(9)"
2418,#2418 RS,Collaborative teamwork is essential for success on this important project.,1,1,0,1,"lex=1(rare_avg=3.63: teamwork(3.48), collaborative(3.78)) | dictation=dense(6)"
2419,#2419 RS,The train will not stop at the southern station due to the construction.,2,0,0,2,"lex=0(rare_avg=4.90: southern(4.84), train(4.96)) | dictation=long(13); dense(6)"
2420,#2420 RS,Students seeking extensions should approach their respective tutors for permission.,2,1,1,1,"lex=1(rare_avg=3.48: tutors(3.15), extensions(3.82)) | grammar=modal(should) | dictation=dense(7)"
2421,#2421 RS,Utilizing visual aids enhances presentation quality and maintains audience interest.,1,1,0,1,"lex=1(rare_avg=3.47: enhances(3.31), utilizing(3.63)) | dictation=dense(9)"
2422,#2422 RS,Fine arts typically lack practical functionality compared to applied arts.,1,0,0,1,"lex=0(rare_avg=4.09: functionality(3.70), practical(4.48)) | dictation=dense(9)"
2423,#2423 RS,Ample affordable off-campus housing options are readily available to students.,1,1,0,1,"lex=1(rare_avg=3.82: ample(3.71), readily(3.93)) | dictation=dense(8)"
2424,#2424 RS,The lecture on child psychology has been rescheduled to this Friday.,3,1,2,1,"lex=1(rare_avg=3.62: rescheduled(3.11), lecture(4.14)) | grammar=passive(been rescheduled); perfect(has been rescheduled) | dictation=long(11)"
2425,#2425 RS,You must coordinate with your tutor to set a meeting time.,2,1,1,1,"lex=1(rare_avg=3.75: tutor(3.67), coordinate(3.82)) | grammar=modal(must) | dictation=long(11)"
2426,#2426 RS,Science's solutions often outweigh the problems they can bring to society.,2,2,0,3,"lex=2(rare_avg=2.75: science's(2.23), outweigh(3.27)) | dictation=contraction; long(11); dense(7)"
2427,#2427 RS,He used different brushes to make his art more interesting.,1,0,0,1,"lex=0(rare_avg=4.29: brushes(3.58), interesting(5.00)) | dictation=dense(6)"
2428,#2428 RS,The artist will show his work at the national art gallery.,2,0,0,2,"lex=0(rare_avg=4.64: gallery(4.49), artist(4.80)) | dictation=long(11); dense(6)"
2429,#2429 RS,The artist used an apartment as his unique studio space.,1,0,0,1,"lex=0(rare_avg=4.66: apartment(4.65), studio(4.66)) | dictation=dense(6)"
2430,#2430 RS,People tend to conform during leisure and work hours alike.,1,1,0,1,"lex=1(rare_avg=3.72: conform(3.53), leisure(3.92)) | dictation=dense(7)"
2431,#2431 RS,Conformity means thinking and acting like others in your group.,1,0,0,1,"lex=0(rare_avg=4.01: conformity(3.20), acting(4.82)) | dictation=dense(7)"
2432,#2432 RS,He needs to discuss your industrial architecture class in detail.,1,0,0,1,"lex=0(rare_avg=4.50: architecture(4.42), detail(4.57)) | dictation=dense(6)"
2433,#2433 RS,"Typically, ads aim to raise awareness, not provide comprehensive information.",1,0,0,2,"lex=0(rare_avg=4.34: ads(4.32), comprehensive(4.36)) | dictation=list_enum; dense(8)"
2434,#2434 RS,Consumers generally trust friends more than commercial advertisements for guidance.,1,0,0,1,"lex=0(rare_avg=4.04: advertisements(3.75), guidance(4.33)) | dictation=dense(7)"
2435,#2435 RS,"Advertisements can appear unexpectedly, even in unusual locations like the sea or sky.",2,1,0,2,"lex=1(rare_avg=3.73: unexpectedly(3.71), advertisements(3.75)) | dictation=long(13); dense(8)"
2436,#2436 RS,"People regularly encounter ads online, on TV, and in magazines.",1,0,0,2,"lex=0(rare_avg=4.17: magazines(4.07), encounter(4.26)) | dictation=list_enum; dense(6)"
2437,#2437 RS,Elephants spend part of their sleep standing and part lying down.,2,0,0,2,"lex=0(rare_avg=4.24: elephants(3.81), lying(4.67)) | dictation=long(11); dense(7)"
2438,#2438 RS,Taking a pre-bedtime shower can enhance the quality of sleep.,1,1,0,1,"lex=1(rare_avg=3.80: bedtime(3.56), enhance(4.04)) | dictation=dense(7)"
2439,#2439 RS,It's common to wake up multiple times during the night.,1,0,0,2,"lex=0(rare_avg=4.84: wake(4.76), multiple(4.92)) | dictation=contraction; dense(6)"
2440,#2440 RS,Researchers hold differing opinions on the reasons for our dreams.,1,0,0,1,"lex=0(rare_avg=4.00: differing(3.61), researchers(4.39)) | dictation=dense(6)"
2441,#2441 RS,Grown-ups typically need about a full night's sleep for proper rest.,2,0,0,3,"lex=0(rare_avg=4.14: night's(3.88), ups(4.41)) | dictation=contraction; long(11); dense(9)"
2442,#2442 RS,"In my opinion, technological progress is expected to slow down soon.",2,0,1,2,"lex=0(rare_avg=4.42: technological(4.06), progress(4.78)) | grammar=passive(is expected) | dictation=long(11); dense(6)"
2443,#2443 RS,Robots possess the ability to communicate effectively with the people around them.,2,0,0,2,"lex=0(rare_avg=4.00: robots(3.99), possess(4.02)) | dictation=long(12); dense(7)"
2444,#2444 RS,Most individuals experience feelings of loneliness at some point in life.,2,0,0,2,"lex=0(rare_avg=4.18: loneliness(3.65), feelings(4.71)) | dictation=long(11); dense(6)"
2445,#2445 RS,"Without action, the possibility of energy shortages looms in the future.",2,1,0,2,"lex=1(rare_avg=3.37: looms(3.23), shortages(3.50)) | dictation=long(11); dense(7)"
2446,#2446 RS,A potential solution involves implementing on-demand electric car rental systems.,1,0,0,1,"lex=0(rare_avg=4.00: implementing(3.91), rental(4.10)) | dictation=dense(9)"
2447,#2447 RS,Increased investment in public transportation can greatly improve urban mobility.,1,0,0,1,"lex=0(rare_avg=4.19: mobility(4.05), greatly(4.33)) | dictation=dense(8)"
2448,#2448 RS,Emerging technology plays a pivotal role in driving innovation across industries.,2,1,0,2,"lex=1(rare_avg=3.85: pivotal(3.50), emerging(4.19)) | dictation=long(11); dense(9)"
2449,#2449 RS,"Centuries ago, the world's population was considerably smaller and widely scattered.",2,0,0,3,"lex=0(rare_avg=3.99: scattered(3.97), considerably(4.00)) | dictation=contraction; long(11); dense(8)"
2450,#2450 RS,Copying content from the internet can harm your chances of success.,2,0,0,2,"lex=0(rare_avg=4.08: copying(3.68), harm(4.47)) | dictation=long(11); dense(6)"
2451,#2451 RS,"To get the presentation, visit my website for a download link.",2,0,0,2,"lex=0(rare_avg=4.49: presentation(4.31), download(4.68)) | dictation=long(11); dense(6)"
2452,#2452 RS,Please save questions related to the topic for the end of the discussion.,2,0,0,2,"lex=0(rare_avg=4.60: topic(4.49), discussion(4.71)) | dictation=long(13); dense(7)"
2453,#2453 RS,The student council manages the use of the sports facility on campus.,2,0,0,2,"lex=0(rare_avg=4.22: manages(3.94), campus(4.51)) | dictation=long(12); dense(7)"
2454,#2454 RS,"If you're feeling unwell, visit our on-campus medical center for assistance.",2,1,0,3,"lex=1(rare_avg=3.83: unwell(3.14), campus(4.51)) | dictation=contraction; long(11); dense(8)"
2455,#2455 RS,"I hope to retire early, ideally before reaching sixty years old.",2,1,0,2,"lex=1(rare_avg=3.84: ideally(3.75), sixty(3.93)) | dictation=long(11); dense(8)"
2456,#2456 RS,My goal is to begin a family in my thirties.,1,0,0,0,"lex=0(rare_avg=4.04: thirties(3.24), begin(4.84))"
2457,#2457 RS,"Next year, I intend to take a break to travel in South America.",2,0,0,2,"lex=0(rare_avg=4.54: intend(4.09), travel(5.00)) | dictation=long(13); dense(6)"
2458,#2458 RS,"Some students at my school behave poorly, but my friends are well-behaved.",2,1,0,2,"lex=1(rare_avg=3.79: behaved(3.59), behave(4.00)) | dictation=long(12); dense(7)"
2459,#2459 RS,Some people feel having a child is a big responsibility.,1,0,0,1,"lex=0(rare_avg=5.03: responsibility(4.75), child(5.30)) | dictation=dense(6)"
2460,#2460 RS,I want to stay in touch with my old school friends.,2,0,0,2,"lex=0(rare_avg=5.12: touch(4.91), stay(5.33)) | dictation=long(11); dense(6)"
2461,#2461 RS,Scientific advances can bring problems and may not be worthwhile.,1,0,1,0,"lex=0(rare_avg=3.91: worthwhile(3.74), advances(4.08)) | grammar=modal(may)"
2462,#2462 RS,"Most research is good, but some can be unethical or risky.",2,1,0,1,"lex=1(rare_avg=3.62: unethical(3.31), risky(3.94)) | dictation=long(11)"
2463,#2463 RS,The world's population increased from millions to billions in just over a decade.,2,0,0,3,"lex=0(rare_avg=4.25: billions(3.97), decade(4.52)) | dictation=contraction; long(13); dense(6)"
2464,#2464 RS,Economy of scale is increasing efficiency in mass production processes.,1,0,0,1,"lex=0(rare_avg=4.42: efficiency(4.38), processes(4.46)) | dictation=dense(7)"
2465,#2465 RS,He exhibits his artwork at the London Gallery of Art.,1,0,0,0,"lex=0(rare_avg=3.96: exhibits(3.82), artwork(4.11))"
2466,#2466 RS,I've aspired to earn a degree in electronic engineering for years.,2,1,0,3,"lex=1(rare_avg=3.66: aspired(2.83), earn(4.48)) | dictation=contraction; long(11); dense(7)"
2467,#2467 RS,Its gradual spread across Europe took place over many centuries.,1,0,0,1,"lex=0(rare_avg=4.00: gradual(3.67), centuries(4.32)) | dictation=dense(7)"
2468,#2468 RS,"During conferences, kindly turn off all electronic devices to avoid disruptions.",2,1,0,2,"lex=1(rare_avg=3.53: disruptions(3.06), kindly(4.00)) | dictation=long(11); dense(7)"
2469,#2469 RS,Politicians and marketers possess a good grasp of the art of persuasion.,2,1,0,2,"lex=1(rare_avg=3.34: persuasion(3.33), marketers(3.36)) | dictation=long(12); dense(7)"
2470,#2470 RS,Social robots can express various emotions through facial expressions effectively.,1,0,0,1,"lex=0(rare_avg=3.96: expressions(3.92), robots(3.99)) | dictation=dense(8)"
2471,#2471 RS,Our future well-being hinges on the actions we take in the present.,2,0,0,2,"lex=0(rare_avg=4.08: hinges(3.34), actions(4.82)) | dictation=long(12); dense(6)"
2472,#2472 RS,All morning tutorial slots are filled; no vacancies are currently available.,2,1,1,2,"lex=1(rare_avg=3.65: vacancies(3.49), tutorial(3.80)) | grammar=passive(are filled) | dictation=long(11); dense(7)"
2473,#2473 RS,Scientists still grapple with the mystery of our need for sleep.,2,1,0,1,"lex=1(rare_avg=3.79: grapple(3.12), mystery(4.45)) | dictation=long(11)"
2474,#2474 RS,Sleep deprivation has been linked to some of history's worst accidents.,3,1,2,3,"lex=1(rare_avg=3.14: history's(2.84), deprivation(3.44)) | grammar=passive(been linked); perfect(has been linked) | dictation=contraction; long(11); dense(6)"
2475,#2475 RS,Please be aware that the college labs will close for cleaning next week.,2,0,0,2,"lex=0(rare_avg=4.10: labs(3.82), cleaning(4.39)) | dictation=long(13); dense(8)"
2476,#2476 RS,"While most dislike ads, they still seem to influence people somehow.",2,0,0,2,"lex=0(rare_avg=4.11: dislike(3.89), ads(4.32)) | dictation=long(11); dense(7)"
2477,#2477 RS,Disgust often relates to the stomach and digestive reactions in our bodies.,2,1,0,2,"lex=1(rare_avg=3.54: digestive(3.46), disgust(3.61)) | dictation=long(12); dense(7)"
2478,#2478 RS,This short line in the artwork symbolizes the essence and vitality of life.,2,1,0,2,"lex=1(rare_avg=3.23: symbolizes(3.04), vitality(3.41)) | dictation=long(13); dense(7)"
2479,#2479 RS,"Ultimately, people's food preferences matter the most in the end.",1,0,0,2,"lex=0(rare_avg=4.22: preferences(3.88), ultimately(4.57)) | dictation=contraction; dense(6)"
2480,#2480 RS,The conference is expected to attract a larger crowd compared to last year.,2,0,1,2,"lex=0(rare_avg=4.45: attract(4.20), crowd(4.70)) | grammar=passive(is expected) | dictation=long(13); dense(8)"
2481,#2481 RS,You can find the economics section on the library's upper floor.,2,1,0,3,"lex=1(rare_avg=3.67: library's(2.93), economics(4.42)) | dictation=contraction; long(11); dense(6)"
2482,#2482 RS,The gallery boasts a diverse collection of abstract paintings for visitors.,2,1,0,2,"lex=1(rare_avg=3.88: boasts(3.61), abstract(4.14)) | dictation=long(11); dense(7)"
2483,#2483 RS,"Let's meet at a later time instead of the earlier one, as previously agreed.",2,0,0,3,"lex=0(rare_avg=4.83: previously(4.83), agreed(4.84)) | dictation=contraction; long(14); dense(9)"
2484,#2484 RS,Please sign here if you wish to join the social club today.,2,0,0,2,"lex=0(rare_avg=5.04: join(5.00), sign(5.08)) | dictation=long(12); dense(7)"
2485,#2485 RS,I'd like to find my own place as soon as possible.,2,0,0,3,"lex=0(rare_avg=5.34: soon(5.32), i'd(5.36)) | dictation=contraction; long(11); dense(6)"
2486,#2486 RS,He aspires to learn valuable lessons from a renowned and accomplished artist.,2,1,0,2,"lex=1(rare_avg=3.38: aspires(2.81), renowned(3.96)) | dictation=long(12); dense(7)"
2487,#2487 RS,The bus's departure from the building's exterior is scheduled very soon.,3,2,1,3,"lex=2(rare_avg=2.44: bus's(1.62), building's(3.25)) | grammar=passive(is scheduled) | dictation=contraction; long(11); dense(6)"
2488,#2488 RS,The artist has gained fame for creating abstract art throughout his career.,2,0,1,2,"lex=0(rare_avg=4.24: abstract(4.14), fame(4.34)) | grammar=perfect(has gained) | dictation=long(12); dense(8)"
2489,#2489 RS,"In a formal agreement, a fast-food chain restricted its advertising with government approval.",2,0,0,2,"lex=0(rare_avg=4.32: restricted(4.19), formal(4.45)) | dictation=long(13); dense(9)"
2490,#2490 RS,Academics must actively interact with the general public outside the university setting.,2,0,1,2,"lex=0(rare_avg=3.92: academics(3.78), interact(4.05)) | grammar=modal(must) | dictation=long(12); dense(8)"
2491,#2491 RS,Regular consumption of junk food can have adverse effects on one's health.,2,0,0,3,"lex=0(rare_avg=3.96: adverse(3.89), junk(4.03)) | dictation=contraction; long(12); dense(8)"
2492,#2492 RS,Increasing urban populations correlate with higher rates of car ownership.,1,1,0,1,"lex=1(rare_avg=3.70: correlate(3.20), populations(4.19)) | dictation=dense(8)"
2493,#2493 RS,Occupations in engineering are increasing rapidly.,1,1,0,0,"lex=1(rare_avg=3.89: occupations(3.44), rapidly(4.34))"
2494,#2494 RS,Proper disposal of waste is of the utmost importance for human well-being.,2,1,0,2,"lex=1(rare_avg=3.80: utmost(3.61), disposal(4.00)) | dictation=long(12); dense(7)"
2495,#2495 RS,Research indicates that news and weather reports can impact people's mood.,2,0,0,3,"lex=0(rare_avg=4.34: indicates(4.24), mood(4.44)) | dictation=contraction; long(11); dense(8)"
2496,#2496 RS,Marketing primarily revolves around creating consumer desire and motivation to purchase.,2,1,0,2,"lex=1(rare_avg=3.81: revolves(3.40), motivation(4.22)) | dictation=long(11); dense(9)"
2497,#2497 RS,All students should participate in the upcoming elections for encouragement.,1,0,1,0,"lex=0(rare_avg=4.06: encouragement(3.79), upcoming(4.34)) | grammar=modal(should)"
2498,#2498 RS,"Quality family time is vital, but it's not always feasible.",1,0,0,2,"lex=0(rare_avg=4.05: feasible(3.72), vital(4.38)) | dictation=contraction; dense(6)"
2499,#2499 RS,"In general, consumers tend to have low trust in advertisements.",1,0,0,1,"lex=0(rare_avg=4.07: advertisements(3.75), consumers(4.39)) | dictation=dense(6)"
2500,#2500 RS,"Occasionally, large corporations make suboptimal decisions influenced by group conformity.",2,2,0,1,"lex=2(rare_avg=2.85: suboptimal(2.51), conformity(3.20)) | dictation=dense(9)"
2501,#2501 RS,Contemporary society still sees gender stereotypes influencing behavior in both boys and girls.,2,1,0,2,"lex=1(rare_avg=3.59: influencing(3.50), stereotypes(3.68)) | dictation=long(13); dense(9)"
2502,#2502 RS,Sleep plays a vital role in maintaining a healthy lifestyle.,1,0,0,1,"lex=0(rare_avg=4.27: maintaining(4.25), lifestyle(4.29)) | dictation=dense(7)"
2503,#2503 RS,Sleep science is a field of research that is currently highly active.,2,0,0,2,"lex=0(rare_avg=4.91: highly(4.89), active(4.93)) | dictation=long(12); dense(7)"
2504,#2504 RS,"Last year, she organized a successful art exhibition that garnered significant attention and attendance.",2,1,0,2,"lex=1(rare_avg=3.75: garnered(3.34), attendance(4.17)) | dictation=long(14); dense(10)"
2505,#2505 RS,Scientists are still unsure if animals dream during their sleep.,1,0,0,0,"lex=0(rare_avg=4.12: unsure(3.75), scientists(4.50))"
2506,#2506 RS,Would you like to accompany me to the art gallery?,1,0,1,0,"lex=0(rare_avg=4.15: accompany(3.81), gallery(4.49)) | grammar=modal(would)"
2507,#2507 RS,The school should allocate its funds to construct a new science library.,2,1,1,2,"lex=1(rare_avg=3.65: allocate(3.31), construct(3.98)) | grammar=modal(should) | dictation=long(12); dense(7)"
2508,#2508 RS,Conforming to the wrong group can lead to dangerous and harmful outcomes.,2,1,0,2,"lex=1(rare_avg=3.53: conforming(3.09), harmful(3.97)) | dictation=long(12); dense(7)"
2509,#2509 RS,The new class timetables will be posted for students' convenience on the noticeboard.,3,2,1,2,"lex=2(rare_avg=2.28: noticeboard(1.78), timetables(2.78)) | grammar=passive(be posted) | dictation=long(13); dense(7)"
2510,#2510 RS,Parents frequently use toys and incentives to shape their children's behaviors and choices.,2,1,0,3,"lex=1(rare_avg=3.88: incentives(3.88), behaviors(3.89)) | dictation=contraction; long(13); dense(9)"
2511,#2511 RS,The current statistical evidence shows that further research is required.,1,0,1,1,"lex=0(rare_avg=4.58: statistical(4.14), required(5.02)) | grammar=passive(is required) | dictation=dense(6)"
2512,#2512 RS,Consuming fruits and vegetables can help students avoid viruses.,1,1,0,1,"lex=1(rare_avg=3.81: viruses(3.73), consuming(3.89)) | dictation=dense(7)"
2513,#2513 RS,The tutoring session will be much slower due to this.,1,1,0,0,"lex=1(rare_avg=3.59: tutoring(3.20), slower(3.98))"
2514,#2514 RS,"On Tuesday, our lecture on robotic engineering will be held.",1,1,1,0,"lex=1(rare_avg=3.84: robotic(3.54), lecture(4.14)) | grammar=passive(be held)"
2515,#2515 RS,Your assignment next week will closely resemble last week's task.,2,1,0,2,"lex=1(rare_avg=3.89: resemble(3.73), week's(4.05)) | dictation=contraction; dense(8)"
2516,#2516 RS,He dedicated many years to studying with a renowned painter.,1,0,0,1,"lex=0(rare_avg=3.95: painter(3.93), renowned(3.96)) | dictation=dense(6)"
2517,#2517 RS,"Despite my friends' desire to study abroad, I prefer home.",1,0,1,1,"lex=0(rare_avg=4.48: abroad(4.39), prefer(4.57)) | grammar=adv_sub(despite) | dictation=dense(7)"
2518,#2518 RS,Some avian species are capable of sleeping while in flight.,1,1,0,1,"lex=1(rare_avg=3.85: avian(3.14), sleeping(4.56)) | dictation=dense(6)"
2519,#2519 RS,Whether other animals can dream or not is still unclear.,1,0,0,0,"lex=0(rare_avg=4.38: unclear(3.93), animals(4.84))"
2520,#2520 RS,The upcoming meeting is scheduled to occur in the main auditorium.,2,0,1,2,"lex=0(rare_avg=3.92: auditorium(3.51), upcoming(4.34)) | grammar=passive(is scheduled) | dictation=long(11); dense(6)"
2521,#2521 RS,We aim to significantly decrease the current traffic levels on roads.,2,0,0,2,"lex=0(rare_avg=4.34: decrease(4.17), aim(4.51)) | dictation=long(11); dense(7)"
2522,#2522 RS,We prefer destinations with guided tours for a more structured visit experience.,2,1,0,2,"lex=1(rare_avg=3.83: structured(3.82), destinations(3.83)) | dictation=long(12); dense(7)"
2523,#2523 RS,We've confirmed the dates and have organized some additional optional activities.,2,0,1,3,"lex=0(rare_avg=4.21: optional(3.91), organized(4.51)) | grammar=perfect(have organized) | dictation=contraction; long(11); dense(7)"
2524,#2524 RS,You will have time to consider subsequent questions before continuing.,1,0,0,0,"lex=0(rare_avg=4.44: subsequent(4.39), continuing(4.48))"
2525,#2525 RS,"To begin, let me quickly outline the rich history of our museum for you.",2,0,0,2,"lex=0(rare_avg=4.31: outline(3.92), museum(4.71)) | dictation=long(14); dense(7)"
2526,#2526 RS,"For further details about trips, please check the student newspaper's latest issue.",2,1,0,3,"lex=1(rare_avg=3.49: newspaper's(2.75), trips(4.23)) | dictation=contraction; long(12); dense(8)"
2527,#2527 RS,"Directly ahead is the car park, and to the left is our Gift Shop.",1,0,0,1,"lex=0(rare_avg=4.96: directly(4.90), ahead(5.01)) | dictation=long(14)"
2528,#2528 RS,"The Grinding Shop, where tools are finely sharpened, is in the top left.",3,1,2,2,"lex=1(rare_avg=3.29: sharpened(3.07), finely(3.52)) | grammar=passive(are finely sharpened); relative(where) | dictation=list_enum; long(13)"
2529,#2529 RS,Online availability of lecture notes is common practice among our teaching staff.,2,0,0,2,"lex=0(rare_avg=4.13: availability(4.13), lecture(4.14)) | dictation=long(12); dense(9)"
2530,#2530 RS,"Next summer, a conference on web-based academic research will be held here.",2,0,1,2,"lex=0(rare_avg=4.66: academic(4.57), web(4.74)) | grammar=passive(be held) | dictation=long(12); dense(8)"
2531,#2531 RS,The woman said she could help me get a replacement travel pass.,2,0,1,2,"lex=0(rare_avg=4.72: replacement(4.44), travel(5.00)) | grammar=modal(could) | dictation=long(12); dense(7)"
2532,#2532 RS,More patients were infected in this outbreak than in any prior ones.,2,0,1,1,"lex=0(rare_avg=4.06: outbreak(3.99), infected(4.13)) | grammar=passive(were infected) | dictation=long(12)"
2533,#2533 RS,The last academic year includes multiple lecture courses and a single project.,2,0,0,2,"lex=0(rare_avg=4.30: lecture(4.14), courses(4.46)) | dictation=long(12); dense(9)"
2534,#2534 RS,The closest ATM machine is located just in front of the anatomy laboratories.,2,1,1,2,"lex=1(rare_avg=3.83: laboratories(3.72), anatomy(3.94)) | grammar=passive(is located) | dictation=long(13); dense(6)"
2535,#2535 RS,The primary financial support for newspapers comes from selling advertisement spaces.,2,0,0,2,"lex=0(rare_avg=4.04: advertisement(3.84), newspapers(4.25)) | dictation=long(11); dense(8)"
2536,#2536 RS,"Sydney, Australia's vastest city, serves as its main port and cultural hub.",2,1,0,3,"lex=1(rare_avg=3.04: vastest(2.00), hub(4.08)) | dictation=contraction; list_enum; long(12); dense(8)"
2537,#2537 RS,I anticipate being tardy for the upcoming class that I have.,2,1,0,1,"lex=1(rare_avg=3.21: tardy(2.69), anticipate(3.73)) | dictation=long(11)"
2538,#2538 RS,"Sometimes, they might breathe only a couple of times in an hour.",2,0,1,1,"lex=0(rare_avg=4.72: breathe(4.26), hour(5.18)) | grammar=modal(might) | dictation=long(12)"
2539,#2539 RS,Words inherently reflect and describe the culture from which they originate.,2,1,1,2,"lex=1(rare_avg=3.48: originate(3.37), inherently(3.59)) | grammar=relative(which) | dictation=long(11); dense(6)"
2540,#2540 RS,"In the past, the Thanksgiving celebration became popular across the country.",2,0,0,2,"lex=0(rare_avg=4.68: celebration(4.29), popular(5.07)) | dictation=long(11); dense(6)"
2541,#2541 RS,"In the future, the goal is to eliminate all vehicles with combustion engines.",2,1,0,2,"lex=1(rare_avg=3.86: combustion(3.57), eliminate(4.15)) | dictation=long(13); dense(6)"
2542,#2542 RS,Extracting pollutants from environments proves to be a difficult task.,1,1,0,1,"lex=1(rare_avg=3.29: extracting(3.29), pollutants(3.29)) | dictation=dense(6)"
2543,#2543 RS,European car manufacturers are struggling due to their reliance on diesel.,2,0,0,2,"lex=0(rare_avg=3.93: reliance(3.81), diesel(4.05)) | dictation=long(11); dense(7)"
2544,#2544 RS,"As a common global language, English expands, but not as a native one.",2,0,0,3,"lex=0(rare_avg=4.13: expands(3.58), native(4.69)) | dictation=list_enum; long(13); dense(6)"
2545,#2545 RS,The argument hinges on significant advancements in computational translation and recognition technologies.,2,1,0,2,"lex=1(rare_avg=3.23: advancements(3.12), hinges(3.34)) | dictation=long(12); dense(8)"
2546,#2546 RS,"Visiting Blue National Park, seeing the spectacular wildlife there is essential.",1,0,0,1,"lex=0(rare_avg=4.20: spectacular(4.06), wildlife(4.33)) | dictation=long(11)"
2547,#2547 RS,Most visitors are drawn to Mt. Field when they visit the National Park.,2,0,1,1,"lex=0(rare_avg=4.51: visitors(4.49), drawn(4.53)) | grammar=passive(are drawn) | dictation=long(13)"
2548,#2548 RS,The accessible Russell Falls track is the park's most frequented pathway.,2,1,0,2,"lex=1(rare_avg=3.24: frequented(3.19), park's(3.29)) | dictation=contraction; long(11)"
2549,#2549 RS,"In changing times, consideration for staff strain is absolutely crucial.",1,0,0,1,"lex=0(rare_avg=4.21: strain(4.15), consideration(4.28)) | dictation=dense(7)"
2550,#2550 RS,Today's lecture progresses to the next subject: the volcano chapter.,2,1,0,2,"lex=1(rare_avg=3.59: progresses(3.43), volcano(3.76)) | dictation=contraction; dense(7)"
2551,#2551 RS,Volcanic activity has significantly shaped and altered the Earth's surface.,2,1,1,2,"lex=1(rare_avg=3.86: volcanic(3.71), altered(4.02)) | grammar=perfect(has significantly shaped) | dictation=contraction; dense(6)"
2552,#2552 RS,Sailors in the Mediterranean often spot the fiery night glow from volcanoes.,2,1,0,2,"lex=1(rare_avg=3.46: volcanoes(3.34), fiery(3.57)) | dictation=long(12); dense(7)"
2553,#2553 RS,This office is closely linked to your scholarly pursuits on campus.,2,1,1,2,"lex=1(rare_avg=3.48: pursuits(3.35), scholarly(3.60)) | grammar=passive(is closely linked) | dictation=long(11); dense(6)"
2554,#2554 RS,"Before signing up, check our website for the list of courses.",1,0,0,1,"lex=0(rare_avg=4.43: signing(4.40), courses(4.46)) | dictation=long(11)"
2555,#2555 RS,Try something different and fun; it's a chance to explore.,1,0,0,2,"lex=0(rare_avg=4.79: explore(4.31), chance(5.26)) | dictation=contraction; dense(7)"
2556,#2556 RS,Pick three or four courses you like before you sign up.,2,0,0,2,"lex=0(rare_avg=4.77: courses(4.46), pick(5.08)) | dictation=long(11); dense(6)"
2557,#2557 RS,You might not get the course you want the most.,1,0,1,0,"lex=0(rare_avg=5.74: course(5.44), want(6.04)) | grammar=modal(might)"
2558,#2558 RS,You should be okay with getting any course you choose.,1,0,1,0,"lex=0(rare_avg=4.98: choose(4.91), okay(5.06)) | grammar=modal(should)"
2559,#2559 RS,What do I need to do to start a bank account?,1,0,0,1,"lex=0(rare_avg=5.19: bank(5.16), account(5.21)) | dictation=long(11)"
2560,#2560 RS,You should sign up for classes using the university's website.,1,0,1,1,"lex=0(rare_avg=4.27: university's(3.78), classes(4.77)) | grammar=modal(should) | dictation=contraction"
2561,#2561 RS,"The sea rose, changing the land and moving the coastline in.",2,0,0,2,"lex=0(rare_avg=4.13: coastline(3.51), changing(4.76)) | dictation=long(11); dense(6)"
2562,#2562 RS,"New beaches appeared, and strange sea animals came onto them.",1,0,0,1,"lex=0(rare_avg=4.30: beaches(3.96), strange(4.64)) | dictation=dense(8)"
2563,#2563 RS,"After the ice age, animals and plants changed a lot.",1,0,0,2,"lex=0(rare_avg=4.78: plants(4.71), animals(4.84)) | dictation=list_enum; dense(6)"
2564,#2564 RS,Psychologists use science to understand thoughts and figure out why we act certain ways.,2,0,0,2,"lex=0(rare_avg=4.16: psychologists(3.56), thoughts(4.75)) | dictation=long(14); dense(9)"
2565,#2565 RS,They have many ways to learn about our minds and what we do.,1,0,0,1,"lex=0(rare_avg=4.75: minds(4.45), ways(5.06)) | dictation=long(13)"
2566,#2566 RS,There's more research on regular crimes than on company crimes.,1,0,0,2,"lex=0(rare_avg=4.43: crimes(4.43), crimes(4.43)) | dictation=contraction; dense(6)"
2567,#2567 RS,People don't study crimes by companies as much as other crimes.,2,0,0,3,"lex=0(rare_avg=4.43: crimes(4.43), crimes(4.43)) | dictation=contraction; long(11); dense(7)"
2568,#2568 RS,It's really hard to tell how much company crimes cost us.,2,0,0,3,"lex=0(rare_avg=4.83: crimes(4.43), cost(5.24)) | dictation=contraction; long(11); dense(8)"
2569,#2569 RS,Let's first talk about how much money these crimes cost.,1,0,0,2,"lex=0(rare_avg=4.79: crimes(4.43), let's(5.16)) | dictation=contraction; dense(7)"
2570,#2570 RS,Companies that help with exports give advice and help with money.,2,0,0,2,"lex=0(rare_avg=4.48: exports(4.09), advice(4.88)) | dictation=long(11); dense(7)"
2571,#2571 RS,Starting a business or selling things abroad begins by talking to a bank.,2,0,0,2,"lex=0(rare_avg=4.50: abroad(4.39), begins(4.62)) | dictation=long(13); dense(8)"
2572,#2572 RS,It's weird that the school has only one class about studying people and societies.,2,0,0,3,"lex=0(rare_avg=4.25: societies(4.08), studying(4.42)) | dictation=contraction; long(14); dense(8)"
2573,#2573 RS,"Charles used to take the bus, but now his friend drives him.",2,0,0,2,"lex=0(rare_avg=4.53: drives(4.28), charles(4.77)) | dictation=long(12); dense(6)"
2574,#2574 RS,Professor Clayton gave some of her own books to our school's library.,1,0,0,2,"lex=0(rare_avg=4.35: school's(3.84), library(4.86)) | dictation=contraction; long(12)"
2575,#2575 RS,"When you write, always say where you got your information from.",2,0,1,1,"lex=0(rare_avg=5.23: write(5.03), information(5.43)) | grammar=relative(where) | dictation=long(11)"
2576,#2576 RS,You can pick from lots of different clubs and groups at school.,2,0,0,2,"lex=0(rare_avg=4.70: clubs(4.51), lots(4.88)) | dictation=long(12); dense(6)"
2577,#2577 RS,The Drama Club is looking for students to act in their play.,1,0,0,1,"lex=0(rare_avg=5.28: students(5.25), act(5.30)) | dictation=long(12)"
2578,#2578 RS,The college wants to hire a new teacher for media studies.,2,0,0,2,"lex=0(rare_avg=4.64: hire(4.40), teacher(4.88)) | dictation=long(11); dense(7)"
2579,#2579 RS,"Next year, the cost to attend college is going to go up a lot.",2,0,0,2,"lex=0(rare_avg=4.89: attend(4.55), cost(5.24)) | dictation=long(14); dense(8)"
2580,#2580 RS,The outcomes will be communicated to you via e-mail shortly.,1,1,1,0,"lex=1(rare_avg=3.81: communicated(3.53), outcomes(4.10)) | grammar=passive(be communicated)"
2581,#2581 RS,Ensure your seminar papers are copied and in the library early.,2,1,1,2,"lex=1(rare_avg=3.78: seminar(3.77), copied(3.79)) | grammar=passive(are copied) | dictation=long(11); dense(6)"
2582,#2582 RS,Few students meet the criteria to receive housing benefit entitlements.,1,1,0,1,"lex=1(rare_avg=3.59: entitlements(2.97), criteria(4.21)) | dictation=dense(7)"
2583,#2583 RS,"To resign from the student union, formally notify the registrar's office.",2,2,0,3,"lex=2(rare_avg=2.87: registrar's(2.01), notify(3.73)) | dictation=contraction; long(11); dense(7)"
2584,#2584 RS,This chapter of the tale recounts my father's life story.,2,1,0,2,"lex=1(rare_avg=3.75: recounts(3.23), father's(4.26)) | dictation=contraction; dense(6)"
2585,#2585 RS,Students are required to complete their assignments in the coming month.,2,0,1,2,"lex=0(rare_avg=4.45: assignments(3.88), required(5.02)) | grammar=passive(are required) | dictation=long(11); dense(6)"
2586,#2586 RS,Does our university have a team that plays ice hockey competitively?,2,1,0,2,"lex=1(rare_avg=3.75: competitively(3.07), hockey(4.42)) | dictation=long(11); dense(6)"
2587,#2587 RS,His actions were clearly driven by economic motives above all else.,2,0,1,2,"lex=0(rare_avg=4.13: motives(3.73), driven(4.54)) | grammar=passive(were clearly driven) | dictation=long(11); dense(6)"
2588,#2588 RS,Current solutions highlight the symbolic aspects inherent in human nature.,1,1,0,1,"lex=1(rare_avg=3.84: inherent(3.83), symbolic(3.86)) | dictation=dense(8)"
2589,#2589 RS,The semester was scheduled during the final week of the academic quarter.,2,0,1,2,"lex=0(rare_avg=4.24: semester(4.03), scheduled(4.45)) | grammar=passive(was scheduled) | dictation=long(12); dense(6)"
2590,#2590 RS,Transportation is only provided under special circumstances.,3,0,2,0,"lex=0(rare_avg=4.58: transportation(4.57), circumstances(4.59)) | grammar=adv_sub(provided); passive(is only provided)"
2591,#2591 RS,The train is leaving in a few minutes.,1,0,0,0,"lex=0(rare_avg=4.97: train(4.96), leaving(4.98))"
2592,#2592 RS,Mitosis is the division of cells for growth and repair.,1,1,0,0,"lex=1(rare_avg=3.52: mitosis(2.62), repair(4.41))"
2593,#2593 RS,Agricultural workers migrated to the East End for new employment opportunities.,2,1,0,2,"lex=1(rare_avg=3.83: migrated(3.31), agricultural(4.34)) | dictation=long(11); dense(6)"
2594,#2594 RS,"London evolved into a powerful, prosperous city over several centuries.",1,1,0,1,"lex=1(rare_avg=3.84: prosperous(3.60), evolved(4.09)) | dictation=dense(7)"
2595,#2595 RS,Parents should model and instill values in their children diligently.,2,1,1,1,"lex=1(rare_avg=3.06: instill(3.00), diligently(3.13)) | grammar=modal(should) | dictation=dense(6)"
2596,#2596 RS,We recently explored various facets of London's rich social history.,2,1,0,2,"lex=1(rare_avg=3.58: facets(3.26), explored(3.90)) | dictation=contraction; dense(7)"
2597,#2597 RS,International students may receive help finding housing around the university.,1,0,1,1,"lex=0(rare_avg=4.81: housing(4.77), receive(4.85)) | grammar=modal(may) | dictation=dense(8)"
2598,#2598 RS,"Submit your assignments to the staff at the main office, please.",2,0,0,2,"lex=0(rare_avg=4.08: assignments(3.88), submit(4.28)) | dictation=long(11); dense(6)"
2599,#2599 RS,This short summary will take us to a time long ago.,2,0,0,2,"lex=0(rare_avg=4.85: summary(4.37), short(5.33)) | dictation=long(11); dense(6)"
2600,#2600 RS,We will discuss these two pictures in the next lecture.,1,0,0,0,"lex=0(rare_avg=4.40: lecture(4.14), discuss(4.66))"
2601,#2601 RS,You will find the circulation desk on the library's ground level.,2,1,0,3,"lex=1(rare_avg=3.45: library's(2.93), circulation(3.96)) | dictation=contraction; long(11); dense(6)"
2602,#2602 RS,Invasions by Germanic and Danish tribes greatly affected the country.,1,1,0,0,"lex=1(rare_avg=3.61: invasions(3.19), tribes(4.03))"
2603,#2603 RS,Eighty-five percent of people say they fear speaking in public.,1,0,0,1,"lex=0(rare_avg=4.33: eighty(3.75), speaking(4.91)) | dictation=dense(8)"
2604,#2604 RS,"In the upcoming lecture, the professor will review the summary.",1,0,0,0,"lex=0(rare_avg=4.24: lecture(4.14), upcoming(4.34))"
2605,#2605 RS,Their new technology began local production of metal and leather goods.,2,0,0,2,"lex=0(rare_avg=4.47: leather(4.35), goods(4.60)) | dictation=long(11); dense(8)"
2606,#2606 RS,"Write a case study detailing an organization you're familiar with, please.",2,0,0,3,"lex=0(rare_avg=4.12: detailing(3.62), familiar(4.61)) | dictation=contraction; long(11); dense(8)"
2607,#2607 RS,"In the upcoming lecture, we'll discuss the following pair of images.",2,0,0,3,"lex=0(rare_avg=4.24: lecture(4.14), upcoming(4.34)) | dictation=contraction; long(11); dense(7)"
2608,#2608 RS,Professor Smith's arrival for the lecture today will be delayed.,1,0,1,1,"lex=0(rare_avg=4.17: lecture(4.14), delayed(4.20)) | grammar=passive(be delayed) | dictation=contraction"
2609,#2609 RS,Please hand over the book that's on your left side.,1,0,0,2,"lex=0(rare_avg=5.42: hand(5.41), book(5.43)) | dictation=contraction; dense(6)"
2610,#2610 RS,Final exams weeks do not include any scheduled class sessions.,1,0,0,1,"lex=0(rare_avg=4.22: exams(4.00), scheduled(4.45)) | dictation=dense(7)"
2611,#2611 RS,Doctor Green's new office location is on the building's second floor.,2,0,0,3,"lex=0(rare_avg=4.05: building's(3.25), location(4.86)) | dictation=contraction; long(11); dense(7)"
2612,#2612 RS,The economics class will be held in the primary lecture hall.,2,0,1,2,"lex=0(rare_avg=4.28: lecture(4.14), economics(4.42)) | grammar=passive(be held) | dictation=long(11); dense(6)"
2613,#2613 RS,"Last year, they faced challenges with paying their school fees.",1,0,0,1,"lex=0(rare_avg=4.49: faced(4.49), challenges(4.49)) | dictation=dense(7)"
2614,#2614 RS,Increased prosperity doesn't necessarily lead to greater happiness for people.,1,0,0,2,"lex=0(rare_avg=4.18: prosperity(3.91), happiness(4.44)) | dictation=contraction; dense(8)"
2615,#2615 RS,Students must comply with the community standards set by the institution.,2,0,1,2,"lex=0(rare_avg=4.22: comply(4.04), institution(4.41)) | grammar=modal(must) | dictation=long(11); dense(6)"
2616,#2616 RS,"The article details the who, where, and when of the war.",2,0,1,2,"lex=0(rare_avg=5.00: details(4.91), article(5.09)) | grammar=relative(where) | dictation=list_enum; long(11)"
2617,#2617 RS,Please turn in your essays on white paper with double-spacing throughout.,2,1,0,2,"lex=1(rare_avg=3.75: spacing(3.42), essays(4.08)) | dictation=long(11); dense(8)"
2618,#2618 RS,The medical facility is conveniently situated near North Street's supermarket.,2,1,1,2,"lex=1(rare_avg=3.68: conveniently(3.58), supermarket(3.78)) | grammar=passive(is conveniently situated) | dictation=contraction; dense(6)"
2619,#2619 RS,The actual versus expected use of the tool is now evident.,2,0,1,2,"lex=0(rare_avg=4.16: evident(3.99), versus(4.32)) | grammar=passive(is now evident) | dictation=long(11); dense(6)"
2620,#2620 RS,New York City's ethnic diversity is renowned and celebrated widely.,2,0,1,2,"lex=0(rare_avg=4.10: renowned(3.96), celebrated(4.24)) | grammar=passive(is renowned and celebrated) | dictation=contraction; dense(6)"
2621,#2621 RS,A periodical is a regular type of publication that comes out consistently.,2,1,0,2,"lex=1(rare_avg=3.69: periodical(3.14), consistently(4.24)) | dictation=long(12); dense(6)"
2622,#2622 RS,The bookshop is located on the north of the main campus.,2,1,1,1,"lex=1(rare_avg=3.81: bookshop(3.11), campus(4.51)) | grammar=passive(is located) | dictation=long(11)"
2623,#2623 RS,Many people faced crowded and dirty living conditions in their daily lives.,2,0,0,2,"lex=0(rare_avg=4.24: crowded(3.98), faced(4.49)) | dictation=long(12); dense(9)"
2624,#2624 RS,The urban impoverished often resided in incredibly tight living spaces.,1,1,0,1,"lex=1(rare_avg=3.34: resided(3.33), impoverished(3.35)) | dictation=dense(8)"
2625,#2625 RS,Guidance on presentation focus will be more specific this time.,1,0,0,0,"lex=0(rare_avg=4.32: presentation(4.31), guidance(4.33))"
2626,#2626 RS,"This academic year, students need to complete several short coursework assignments.",2,1,0,2,"lex=1(rare_avg=3.44: coursework(3.00), assignments(3.88)) | dictation=long(11); dense(9)"
2627,#2627 RS,"In the past, students had to deal with very long writing assignments.",2,0,0,2,"lex=0(rare_avg=4.47: assignments(3.88), writing(5.07)) | dictation=long(12); dense(6)"
2628,#2628 RS,Historians can't agree on the first clock's invention date precisely.,2,2,0,2,"lex=2(rare_avg=2.93: clock's(2.05), historians(3.82)) | dictation=contraction; dense(8)"
2629,#2629 RS,This method has accuracy issues that need to be dealt with promptly.,2,0,0,2,"lex=0(rare_avg=4.02: promptly(3.84), dealt(4.20)) | dictation=long(12); dense(6)"
2630,#2630 RS,"The fire ruined many plants in that place, causing severe destruction.",2,0,0,2,"lex=0(rare_avg=4.31: ruined(4.26), destruction(4.36)) | dictation=long(11); dense(8)"
2631,#2631 RS,We must let clients know about upcoming price increases in advance.,2,0,1,2,"lex=0(rare_avg=4.39: upcoming(4.34), clients(4.45)) | grammar=modal(must) | dictation=long(11); dense(7)"
2632,#2632 RS,His research fascinates due to his natural curiosity and inquisitiveness.,2,2,0,1,"lex=2(rare_avg=2.21: inquisitiveness(1.81), fascinates(2.62)) | dictation=dense(6)"
2633,#2633 RS,I'll show you how to stop reactions using acid effectively and safely.,2,0,0,3,"lex=0(rare_avg=4.23: safely(4.22), reactions(4.24)) | dictation=contraction; long(12); dense(8)"
2634,#2634 RS,Talented people do specialized marketing.,1,0,0,0,"lex=0(rare_avg=4.19: specialized(4.07), talented(4.30))"
2635,#2635 RS,It might be time for me to make some changes to my life.,2,0,1,1,"lex=0(rare_avg=5.50: changes(5.12), life(5.89)) | grammar=modal(might) | dictation=long(13)"
2636,#2636 RS,Please take these up to Mr Mitchell in the chemistry lab.,1,0,0,1,"lex=0(rare_avg=4.38: chemistry(4.35), lab(4.42)) | dictation=long(11)"
2637,#2637 RS,Discover the campus in your first week of the semester for orientation.,2,0,0,2,"lex=0(rare_avg=4.04: semester(4.03), orientation(4.05)) | dictation=long(12); dense(6)"
2638,#2638 RS,Acupuncture is part of Chinese medicine's holistic approach to healing.,2,2,0,2,"lex=2(rare_avg=2.67: medicine's(2.30), acupuncture(3.04)) | dictation=contraction; dense(6)"
2639,#2639 RS,We offer a variety of courses catering to our students' diverse needs.,2,0,0,2,"lex=0(rare_avg=3.94: catering(3.64), diverse(4.24)) | dictation=long(12); dense(7)"
2640,#2640 RS,Companies primarily exist to earn money and create profits for themselves.,2,0,0,2,"lex=0(rare_avg=4.42: profits(4.36), primarily(4.48)) | dictation=long(11); dense(8)"
2641,#2641 RS,Please make sure that your assignments are successfully submitted via the online portal.,2,0,1,2,"lex=0(rare_avg=3.94: assignments(3.88), portal(4.00)) | grammar=passive(are successfully submitted) | dictation=long(13); dense(9)"
2642,#2642 RS,Companies may have quite different break and lunchtime rules and regulations.,3,0,2,2,"lex=0(rare_avg=3.92: lunchtime(3.33), regulations(4.50)) | grammar=modal(may); modal_perfect(may have quite different) | dictation=long(11); dense(7)"
2643,#2643 RS,The ancient Olympics was a joyful event celebrated with sports and culture.,2,1,1,2,"lex=1(rare_avg=3.82: joyful(3.40), celebrated(4.24)) | grammar=passive(was a joyful event) | dictation=long(12); dense(6)"
2644,#2644 RS,The café is closed; the snack machine runs all night.,2,1,1,1,"lex=1(rare_avg=3.41: caf(2.92), snack(3.90)) | grammar=passive(is closed) | dictation=dense(6)"
2645,#2645 RS,We don't have enough evidence to be absolutely sure of anything.,2,0,0,3,"lex=0(rare_avg=5.06: absolutely(4.98), evidence(5.14)) | dictation=contraction; long(11); dense(6)"
2646,#2646 RS,The meaning of the last sentence still confuses me greatly.,1,1,0,0,"lex=1(rare_avg=3.67: confuses(3.02), greatly(4.33))"
2647,#2647 RS,Student services help with housing and transportation when students need it.,2,0,0,2,"lex=0(rare_avg=4.67: transportation(4.57), housing(4.77)) | dictation=long(11); dense(7)"
2648,#2648 RS,Early findings are interesting but not very important in our study.,1,0,0,1,"lex=0(rare_avg=4.69: findings(4.38), interesting(5.00)) | dictation=long(11)"
2649,#2649 RS,Information on the internet becomes more reliable as time passes and influences it.,2,0,0,2,"lex=0(rare_avg=4.17: influences(4.05), reliable(4.29)) | dictation=long(13); dense(7)"
2650,#2650 RS,"Wait a moment; I'll arrive shortly, your patience is appreciated.",2,0,1,2,"lex=0(rare_avg=4.18: appreciated(4.16), patience(4.20)) | grammar=passive(is appreciated) | dictation=contraction; dense(6)"
2651,#2651 RS,The university's main campus could be closed for today's activities.,3,0,2,2,"lex=0(rare_avg=4.14: university's(3.78), campus(4.51)) | grammar=modal(could); passive(be closed) | dictation=contraction; dense(6)"
2652,#2652 RS,Research shows that early detection methods are very important and significant.,2,0,1,2,"lex=0(rare_avg=4.37: detection(4.06), methods(4.68)) | grammar=passive(are very important) | dictation=long(11); dense(7)"
2653,#2653 RS,The professor will share his lecture notes online as promised.,1,0,0,1,"lex=0(rare_avg=4.31: lecture(4.14), promised(4.49)) | dictation=dense(6)"
2654,#2654 RS,I don't like sandwiches with cheese and tomatoes on white bread.,2,1,0,3,"lex=1(rare_avg=3.83: sandwiches(3.77), tomatoes(3.90)) | dictation=contraction; long(11); dense(7)"
2655,#2655 RS,"You can find your enrollment details, results, and fees online.",1,0,0,2,"lex=0(rare_avg=4.22: enrollment(3.92), fees(4.53)) | dictation=list_enum; dense(6)"
2656,#2656 RS,Computer viruses may erase all of my crucial files and data.,2,1,1,2,"lex=1(rare_avg=3.70: erase(3.66), viruses(3.73)) | grammar=modal(may) | dictation=long(11); dense(6)"
2657,#2657 RS,Every student must participate in the exercise program as a requirement.,2,0,1,1,"lex=0(rare_avg=4.34: requirement(4.26), participate(4.42)) | grammar=modal(must) | dictation=long(11)"
2658,#2658 RS,Make sure to include a list of your sources in assignments.,2,0,0,2,"lex=0(rare_avg=4.36: assignments(3.88), sources(4.84)) | dictation=long(11); dense(6)"
2659,#2659 RS,Many students worry about writing essays because they lack experience.,1,0,0,1,"lex=0(rare_avg=4.46: essays(4.08), worry(4.84)) | dictation=dense(8)"
2660,#2660 RS,The graph shows the percentage of people who smoke according to gender.,2,0,1,2,"lex=0(rare_avg=4.27: graph(4.05), percentage(4.48)) | grammar=relative(who) | dictation=long(12); dense(7)"
2661,#2661 RS,Put your name and ID number on the application form.,1,0,0,0,"lex=0(rare_avg=5.08: application(4.86), form(5.31))"
2662,#2662 RS,Kids are not allowed in chemical labs due to safety concerns.,2,0,1,2,"lex=0(rare_avg=4.20: labs(3.82), chemical(4.57)) | grammar=passive(are not allowed) | dictation=long(11); dense(7)"
2663,#2663 RS,I'm glad you discovered what you were looking for and feel satisfied.,2,0,0,3,"lex=0(rare_avg=4.51: satisfied(4.28), discovered(4.74)) | dictation=contraction; long(12); dense(6)"
2664,#2664 RS,The test includes subjects from each chapter in this semester's material.,2,1,0,3,"lex=1(rare_avg=3.19: semester's(2.01), subjects(4.38)) | dictation=contraction; long(11); dense(6)"
2665,#2665 RS,"To earn the best grade, you must achieve a high score.",2,0,1,2,"lex=0(rare_avg=4.53: earn(4.48), achieve(4.57)) | grammar=modal(must) | dictation=long(11); dense(6)"
2666,#2666 RS,Can you pass these materials to the students next to you?,1,0,0,1,"lex=0(rare_avg=4.92: materials(4.78), pass(5.05)) | dictation=long(11)"
2667,#2667 RS,Students have the opportunity to share their lunch during the common lunch break around noon.,2,0,0,2,"lex=0(rare_avg=4.38: noon(4.11), lunch(4.66)) | dictation=long(15); dense(9)"
2668,#2668 RS,The free workshop will be conducted this Wednesday on the fourth floor of the department.,2,0,1,2,"lex=0(rare_avg=4.37: workshop(4.15), conducted(4.58)) | grammar=passive(be conducted) | dictation=long(15); dense(6)"
2669,#2669 RS,The deadline for the essay is tomorrow.,1,0,0,0,"lex=0(rare_avg=4.18: deadline(4.12), essay(4.23))"
2670,#2670 RS,The university marked Earth Day by planting trees to celebrate.,1,0,0,0,"lex=0(rare_avg=4.15: planting(3.81), celebrate(4.49))"
2671,#2671 RS,Remember to sign the attendance sheet before leaving the lecture hall.,2,0,0,2,"lex=0(rare_avg=4.15: lecture(4.14), attendance(4.17)) | dictation=long(11); dense(7)"
2672,#2672 RS,Overeating can lead to numerous health problems and should be avoided.,3,1,2,2,"lex=1(rare_avg=3.38: overeating(2.69), avoided(4.07)) | grammar=modal(should); passive(be avoided) | dictation=long(11); dense(6)"
2673,#2673 RS,This lecture will discuss three different areas of digital technology.,1,0,0,1,"lex=0(rare_avg=4.40: lecture(4.14), discuss(4.66)) | dictation=dense(7)"
2674,#2674 RS,"When I was in school, I faced many of the same challenges.",1,0,0,1,"lex=0(rare_avg=4.49: faced(4.49), challenges(4.49)) | dictation=long(12)"
2675,#2675 RS,The study's results will be published in the upcoming month.,2,1,1,1,"lex=1(rare_avg=3.44: study's(2.55), upcoming(4.34)) | grammar=passive(be published) | dictation=contraction"
2676,#2676 RS,"Poverty, not a lack of food, is the main cause of global hunger.",2,0,0,3,"lex=0(rare_avg=4.28: hunger(4.10), poverty(4.46)) | dictation=list_enum; long(13); dense(7)"
2677,#2677 RS,The old Olympic Games were religious festivals filled with celebrations and rituals.,2,1,1,2,"lex=1(rare_avg=3.76: rituals(3.67), celebrations(3.85)) | grammar=passive(were religious festivals filled) | dictation=long(12); dense(6)"
2678,#2678 RS,She's been in the library for a very long time.,1,0,0,1,"lex=0(rare_avg=5.06: library(4.86), she's(5.26)) | dictation=contraction"
2679,#2679 RS,Submit your portfolio to the internal review office by Tuesday at the latest.,2,0,0,2,"lex=0(rare_avg=4.21: portfolio(4.15), submit(4.28)) | dictation=long(13); dense(6)"
2680,#2680 RS,Please register your student email account as soon as possible.,1,0,0,1,"lex=0(rare_avg=4.63: register(4.59), email(4.68)) | dictation=dense(7)"
2681,#2681 RS,Our professor will host a business development conference next week.,1,0,0,1,"lex=0(rare_avg=4.83: host(4.77), professor(4.90)) | dictation=dense(7)"
2682,#2682 RS,Thank you for representing our department at this event; we appreciate it.,1,0,0,1,"lex=0(rare_avg=4.55: representing(4.36), appreciate(4.74)) | dictation=long(12)"
2683,#2683 RS,"Campus parking is still tough, even with a valid permit.",1,0,0,0,"lex=0(rare_avg=4.30: permit(4.22), valid(4.38))"
2684,#2684 RS,Make sure to hand in all assignments by the end of the week.,2,0,0,2,"lex=0(rare_avg=4.64: assignments(3.88), hand(5.41)) | dictation=long(13); dense(6)"
2685,#2685 RS,His work stands out as groundbreaking and innovative to everyone.,1,1,0,0,"lex=1(rare_avg=3.78: groundbreaking(3.46), innovative(4.10))"
2686,#2686 RS,You can easily pick up your student card at the reception desk.,2,0,0,2,"lex=0(rare_avg=4.33: reception(4.23), desk(4.43)) | dictation=long(12); dense(6)"
2687,#2687 RS,"Unfortunately, my schedule conflicts with several interesting economics classes this semester.",2,0,0,2,"lex=0(rare_avg=4.06: semester(4.03), conflicts(4.10)) | dictation=long(11); dense(8)"
2688,#2688 RS,Test the new hypothesis through a controlled experiment for verification.,1,1,0,1,"lex=1(rare_avg=3.79: verification(3.70), hypothesis(3.87)) | dictation=dense(6)"
2689,#2689 RS,Effective management is key to establishing and maintaining intellectual leadership.,1,0,0,1,"lex=0(rare_avg=4.18: establishing(4.11), maintaining(4.25)) | dictation=dense(7)"
2690,#2690 RS,Pioneers of new ideas often face similar struggles and hardships.,1,1,0,1,"lex=1(rare_avg=3.44: hardships(3.33), pioneers(3.55)) | dictation=dense(8)"
2691,#2691 RS,Dirty soil and changing weather might make things worse in the future.,2,0,1,2,"lex=0(rare_avg=4.48: soil(4.42), dirty(4.55)) | grammar=modal(might) | dictation=long(12); dense(8)"
2692,#2692 RS,Please stop writing as soon as the teacher asks.,1,0,0,1,"lex=0(rare_avg=4.66: asks(4.44), teacher(4.88)) | dictation=dense(6)"
2693,#2693 RS,"Modern knowledge companies have fewer repetitive, mechanical tasks in their operations.",2,1,0,2,"lex=1(rare_avg=3.90: repetitive(3.56), tasks(4.23)) | dictation=long(11); dense(8)"
2694,#2694 RS,Recent technological progress has been significant and fast-paced in various fields.,3,1,2,2,"lex=1(rare_avg=3.81: paced(3.56), technological(4.06)) | grammar=passive(been significant); perfect(has been significant) | dictation=long(11); dense(8)"
2695,#2695 RS,I must meet him before he flies to London for a week.,2,0,1,1,"lex=0(rare_avg=4.68: flies(4.09), meet(5.27)) | grammar=modal(must) | dictation=long(12)"
2696,#2696 RS,The verdict depends on which side convinces the jury more.,1,1,1,0,"lex=1(rare_avg=3.50: convinces(2.98), verdict(4.03)) | grammar=relative(which)"
2697,#2697 RS,Anatomy examines both internal and external structures of the human body.,2,1,0,2,"lex=1(rare_avg=3.76: examines(3.59), anatomy(3.94)) | dictation=long(11); dense(7)"
2698,#2698 RS,"Before publishing, delete personal information from the results to ensure privacy.",2,0,0,2,"lex=0(rare_avg=4.29: delete(4.22), privacy(4.36)) | dictation=long(11); dense(7)"
2699,#2699 RS,"The tutor is available for help, so ask if you're unsure.",2,1,0,3,"lex=1(rare_avg=3.71: tutor(3.67), unsure(3.75)) | dictation=contraction; long(11); dense(6)"
2700,#2700 RS,I went around the world for several years after finishing college.,2,0,0,2,"lex=0(rare_avg=4.79: finishing(4.30), college(5.27)) | dictation=long(11); dense(7)"
2701,#2701 RS,She sold furniture to afford food for herself and her dog.,2,0,0,2,"lex=0(rare_avg=4.43: furniture(4.29), afford(4.57)) | dictation=long(11); dense(6)"
2702,#2702 RS,"To know its beginning, just look at its past and history.",1,0,0,1,"lex=0(rare_avg=5.18: beginning(5.00), past(5.36)) | dictation=long(11)"
2703,#2703 RS,Getting interpreters may not be easy within this department's resources.,2,1,1,2,"lex=1(rare_avg=3.23: interpreters(3.09), department's(3.38)) | grammar=modal(may) | dictation=contraction; dense(6)"
2704,#2704 RS,Logbooks account for a small portion of the total grading points available.,2,2,0,2,"lex=2(rare_avg=2.67: logbooks(1.86), grading(3.47)) | dictation=long(12); dense(8)"
2705,#2705 RS,All the messages should be included on the website.,3,0,2,0,"lex=0(rare_avg=4.79: messages(4.54), included(5.03)) | grammar=modal(should); passive(be included)"
2706,#2706 RS,Too much irrelevant information made me feel overwhelmed and confused.,1,0,0,1,"lex=0(rare_avg=3.93: overwhelmed(3.88), irrelevant(3.98)) | dictation=dense(7)"
2707,#2707 RS,Collaboration between departments has led to groundbreaking research.,1,1,1,0,"lex=1(rare_avg=3.83: groundbreaking(3.46), departments(4.20)) | grammar=perfect(has led)"
2708,#2708 RS,"The university does things to help the environment, like planting trees.",2,0,0,2,"lex=0(rare_avg=4.25: planting(3.81), trees(4.69)) | dictation=long(11); dense(7)"
2709,#2709 RS,Eating too much unhealthy fast food makes people sick often.,1,0,0,1,"lex=0(rare_avg=4.29: unhealthy(3.72), eating(4.85)) | dictation=dense(9)"
2710,#2710 RS,"Bridges need to be cheap, work well, and look good.",1,0,0,2,"lex=0(rare_avg=4.40: bridges(4.10), cheap(4.71)) | dictation=list_enum; dense(7)"
2711,#2711 RS,We don't have many problems with people being mean around here.,2,0,0,3,"lex=0(rare_avg=5.36: problems(5.19), mean(5.53)) | dictation=contraction; long(11); dense(6)"
2712,#2712 RS,Streetlights ensure nighttime safety for walking outdoors without any worries.,2,2,0,1,"lex=2(rare_avg=2.86: streetlights(2.45), nighttime(3.27)) | dictation=dense(8)"
2713,#2713 RS,Good stuff usually sells a lot without needing lots of ads.,2,0,0,2,"lex=0(rare_avg=4.05: needing(4.02), sells(4.09)) | dictation=long(11); dense(9)"
2714,#2714 RS,We consistently receive high grades in all of our classes without fail.,2,0,0,2,"lex=0(rare_avg=4.26: consistently(4.24), grades(4.28)) | dictation=long(12); dense(7)"
2715,#2715 RS,Art classes can help you be creative and express yourself.,1,0,0,1,"lex=0(rare_avg=4.64: creative(4.60), express(4.68)) | dictation=dense(6)"
2716,#2716 RS,His art collection has lots of different kinds of art.,1,0,1,1,"lex=0(rare_avg=4.70: kinds(4.51), lots(4.88)) | grammar=perfect(has lots of different) | dictation=dense(6)"
2717,#2717 RS,"Sometimes, children have friends who are not good role models.",1,0,1,1,"lex=0(rare_avg=4.95: models(4.74), role(5.16)) | grammar=relative(who) | dictation=dense(6)"
2718,#2718 RS,Learning how to persuade people is helpful for talking to others.,2,0,0,2,"lex=0(rare_avg=4.12: persuade(3.82), helpful(4.43)) | dictation=long(11); dense(6)"
2719,#2719 RS,"In social psychology, they study how people convince each other.",1,0,0,0,"lex=0(rare_avg=4.29: convince(4.26), psychology(4.31))"
2720,#2720 RS,Being tired often leads to car accidents on the road.,1,0,0,1,"lex=0(rare_avg=4.41: accidents(4.16), leads(4.65)) | dictation=dense(6)"
2721,#2721 RS,"Population growth has been slow, gradually rising over many centuries.",1,0,1,1,"lex=0(rare_avg=4.27: gradually(4.21), centuries(4.32)) | grammar=perfect(has been) | dictation=dense(7)"
2722,#2722 RS,"At a significant moment, the global population reached a major milestone.",2,0,0,2,"lex=0(rare_avg=4.28: milestone(3.71), reached(4.85)) | dictation=long(11); dense(7)"
2723,#2723 RS,We should not disrupt the delicate balance and harmony of nature.,2,1,1,1,"lex=1(rare_avg=3.80: disrupt(3.59), delicate(4.01)) | grammar=modal(should) | dictation=long(11)"
2724,#2724 RS,Email is fast and easy for talking in today's world.,1,0,0,2,"lex=0(rare_avg=4.61: today's(4.53), email(4.68)) | dictation=contraction; dense(6)"
2725,#2725 RS,"Friends help with feelings, but how much depends on each person.",2,0,0,2,"lex=0(rare_avg=4.62: depends(4.53), feelings(4.71)) | dictation=long(11); dense(6)"
2726,#2726 RS,There's a major art auction scheduled for next year featuring his works.,2,0,0,3,"lex=0(rare_avg=4.36: auction(4.27), scheduled(4.45)) | dictation=contraction; long(12); dense(9)"
2727,#2727 RS,Email usage raises the risk of miscommunication significantly in correspondence.,1,1,0,1,"lex=1(rare_avg=3.28: miscommunication(2.70), correspondence(3.85)) | dictation=dense(7)"
2728,#2728 RS,"It's surprising, some people like watching TV ads because they're fun.",2,0,0,3,"lex=0(rare_avg=4.30: surprising(4.28), ads(4.32)) | dictation=contraction; long(11); dense(9)"
2729,#2729 RS,The gallery recently showcased numerous traditional Chinese paintings of great beauty.,2,1,0,2,"lex=1(rare_avg=3.74: showcased(3.28), paintings(4.20)) | dictation=long(11); dense(8)"
2730,#2730 RS,"Sometimes, ads make people confused instead of telling them the right stuff.",2,0,0,2,"lex=0(rare_avg=4.39: ads(4.32), confused(4.47)) | dictation=long(12); dense(9)"
2731,#2731 RS,"He started his tutorial presentation on time, without any delay.",1,0,0,1,"lex=0(rare_avg=4.05: tutorial(3.80), presentation(4.31)) | dictation=dense(6)"
2732,#2732 RS,Other countries help English become important all over the world today.,2,0,0,2,"lex=0(rare_avg=5.27: countries(5.13), become(5.40)) | dictation=long(11); dense(6)"
2733,#2733 RS,Making workplace changes can often bring significant challenges to the forefront.,2,1,0,2,"lex=1(rare_avg=3.78: forefront(3.52), workplace(4.04)) | dictation=long(11); dense(8)"
2734,#2734 RS,These changes frequently lead to tough situations for individuals involved.,1,0,0,1,"lex=0(rare_avg=4.51: situations(4.47), frequently(4.56)) | dictation=dense(7)"
2735,#2735 RS,"Most American volcanoes hide beneath the ocean's surface, out of sight.",2,1,0,3,"lex=1(rare_avg=3.15: ocean's(2.95), volcanoes(3.34)) | dictation=contraction; long(11); dense(6)"
2736,#2736 RS,It's fine to save some research questions for later investigation.,1,0,0,2,"lex=0(rare_avg=4.95: investigation(4.75), save(5.14)) | dictation=contraction; dense(7)"
2737,#2737 RS,Psychology looks at how we think and act in different situations.,2,0,0,2,"lex=0(rare_avg=4.39: psychology(4.31), situations(4.47)) | dictation=long(11); dense(6)"
2738,#2738 RS,Trade finance helps businesses a lot by managing money for their operations.,2,0,0,2,"lex=0(rare_avg=4.53: managing(4.40), finance(4.65)) | dictation=long(12); dense(8)"
2739,#2739 RS,Jonathan is often late when he goes to different places or events.,2,0,0,2,"lex=0(rare_avg=4.67: jonathan(4.31), places(5.03)) | dictation=long(12); dense(7)"
2740,#2740 RS,Our guest professor will give a geology lecture very soon.,1,0,0,1,"lex=0(rare_avg=3.95: geology(3.76), lecture(4.14)) | dictation=dense(6)"
2741,#2741 RS,Smoke played a big role in making air pollution worse.,1,0,0,1,"lex=0(rare_avg=4.44: pollution(4.20), smoke(4.67)) | dictation=dense(8)"
2742,#2742 RS,"If you have questions about exam techniques, ask the student welfare officer.",2,0,0,2,"lex=0(rare_avg=4.34: exam(4.26), welfare(4.43)) | dictation=long(12); dense(7)"
2743,#2743 RS,This course will discuss reading and writing skills.,1,0,0,0,"lex=0(rare_avg=4.71: discuss(4.66), skills(4.77))"
2744,#2744 RS,"Every day, all students can use computers without any problems.",1,0,0,1,"lex=0(rare_avg=4.76: computers(4.33), problems(5.19)) | dictation=dense(6)"
2745,#2745 RS,The course looks at tough ethical questions in our society.,1,0,0,1,"lex=0(rare_avg=4.42: ethical(4.07), tough(4.77)) | dictation=dense(6)"
2746,#2746 RS,"Delegate fees cost less, and some people can get scholarships too.",2,1,0,2,"lex=1(rare_avg=3.73: delegate(3.70), scholarships(3.76)) | dictation=long(11); dense(7)"
2747,#2747 RS,Chapter 9 focuses on recent significant developments in the field.,1,0,0,2,"lex=0(rare_avg=4.15: focuses(4.08), developments(4.22)) | dictation=number; dense(6)"
2748,#2748 RS,We have lessons every Thursday during the school term.,1,0,0,0,"lex=0(rare_avg=4.80: lessons(4.38), term(5.23))"
2749,#2749 RS,The lecture hall is right on the first floor inside the building.,2,0,0,2,"lex=0(rare_avg=4.50: lecture(4.14), hall(4.87)) | dictation=long(12); dense(7)"
2750,#2750 RS,Prepare your PowerPoint presentation for the crucial team meeting tomorrow.,1,0,0,1,"lex=0(rare_avg=4.29: crucial(4.28), presentation(4.31)) | dictation=dense(6)"
2751,#2751 RS,Active people often live longer and don't get seriously ill.,1,0,0,2,"lex=0(rare_avg=4.82: ill(4.72), active(4.93)) | dictation=contraction; dense(9)"
2752,#2752 RS,She had a sandwich for her meal and also drank some juice.,1,0,0,1,"lex=0(rare_avg=4.04: drank(3.95), sandwich(4.13)) | dictation=long(12)"
2753,#2753 RS,The Soviet Union sent the very first human into space.,1,0,0,0,"lex=0(rare_avg=5.20: sent(5.16), space(5.23))"
2754,#2754 RS,"Nowadays, most believe in wind power as a strong energy source.",2,0,0,2,"lex=0(rare_avg=4.47: nowadays(4.11), wind(4.84)) | dictation=long(11); dense(7)"
2755,#2755 RS,Postgraduate students need to complete the evaluation form before the end of the term.,2,1,0,2,"lex=1(rare_avg=3.75: postgraduate(3.28), evaluation(4.21)) | dictation=long(14); dense(8)"
2756,#2756 RS,"As more students enroll, universities should also employ additional staff.",2,1,1,1,"lex=1(rare_avg=3.71: enroll(3.45), employ(3.96)) | grammar=modal(should) | dictation=dense(6)"
2757,#2757 RS,Chemistry test scores will be put up on our school website.,2,0,0,2,"lex=0(rare_avg=4.39: chemistry(4.35), scores(4.43)) | dictation=long(11); dense(6)"
2758,#2758 RS,A smart doctor invented the game of basketball many years ago.,2,0,0,2,"lex=0(rare_avg=4.37: invented(4.17), basketball(4.56)) | dictation=long(11); dense(8)"
2759,#2759 RS,The program operates solely on financial contributions from private benefactors.,1,1,0,1,"lex=1(rare_avg=3.46: benefactors(2.79), operates(4.13)) | dictation=dense(7)"
2760,#2760 RS,"To avoid evening traffic, we should leave before it gets busy.",2,0,1,2,"lex=0(rare_avg=4.80: busy(4.75), traffic(4.85)) | grammar=modal(should) | dictation=long(11); dense(6)"
2761,#2761 RS,"Currently, Facebook ranks among the world's most visited websites globally.",1,0,0,2,"lex=0(rare_avg=4.01: globally(3.82), websites(4.20)) | dictation=contraction; dense(7)"
2762,#2762 RS,Persist through life's obstacles; don't give up when challenges emerge.,2,1,0,2,"lex=1(rare_avg=3.71: persist(3.53), obstacles(3.88)) | dictation=contraction; dense(7)"
2763,#2763 RS,"To find the library, walk straight ahead, then turn left.",1,0,0,2,"lex=0(rare_avg=4.94: library(4.86), ahead(5.01)) | dictation=list_enum; dense(7)"
2764,#2764 RS,Your thesis passed after the committee talked with your advisor.,1,0,0,0,"lex=0(rare_avg=4.03: advisor(4.01), thesis(4.05))"
2765,#2765 RS,Some health staff believe elderly people can't grasp new things.,1,0,0,2,"lex=0(rare_avg=4.06: grasp(3.97), elderly(4.15)) | dictation=contraction; dense(9)"
2766,#2766 RS,Fear of essay writing stems from not learning it properly.,1,0,0,1,"lex=0(rare_avg=4.03: stems(3.83), essay(4.23)) | dictation=dense(6)"
2767,#2767 RS,May I record our lecture today with a video camera?,1,0,1,0,"lex=0(rare_avg=4.50: lecture(4.14), camera(4.87)) | grammar=modal(may)"
2768,#2768 RS,"Clarity, correctness, and conciseness in English writing are absolutely vital.",2,2,0,2,"lex=2(rare_avg=2.60: conciseness(1.82), correctness(3.39)) | dictation=list_enum; dense(6)"
2769,#2769 RS,"Every semester, the dormitory closes earlier than other campus buildings.",1,1,0,1,"lex=1(rare_avg=3.54: dormitory(3.12), closes(3.96)) | dictation=dense(6)"
2770,#2770 RS,"Find the library behind the student center, across the campus.",1,0,0,1,"lex=0(rare_avg=4.69: campus(4.51), library(4.86)) | dictation=dense(7)"
2771,#2771 RS,"Next week, the focus transitions from colonialism to nuclear disarmament discussion.",2,1,0,2,"lex=1(rare_avg=3.25: disarmament(3.17), colonialism(3.33)) | dictation=long(11); dense(8)"
2772,#2772 RS,The main library is at the heart of the campus.,1,0,0,0,"lex=0(rare_avg=4.69: campus(4.51), library(4.86))"
2773,#2773 RS,Our assignments are all founded upon classroom discussions as their basis.,2,0,1,2,"lex=0(rare_avg=4.02: assignments(3.88), classroom(4.15)) | grammar=passive(are all founded) | dictation=long(11); dense(6)"
2774,#2774 RS,This matter is significant in this and other respects too.,1,0,1,0,"lex=0(rare_avg=4.44: respects(3.90), significant(4.98)) | grammar=passive(is significant)"
2775,#2775 RS,Apple intends to reveal numerous new products this coming autumn season.,2,0,0,2,"lex=0(rare_avg=3.97: intends(3.69), autumn(4.26)) | dictation=long(11); dense(9)"
2776,#2776 RS,The ratio between brain and body size is the key factor in intelligence.,2,0,0,2,"lex=0(rare_avg=4.52: ratio(4.37), factor(4.67)) | dictation=long(13); dense(7)"
2777,#2777 RS,"Personally, I opt for a strategic approach by choosing judicial review.",2,0,0,2,"lex=0(rare_avg=4.02: opt(3.90), judicial(4.14)) | dictation=long(11); dense(7)"
2778,#2778 RS,Australia's economy relies a lot on money from visitors and educational institutions.,2,1,0,3,"lex=1(rare_avg=3.80: australia's(3.79), relies(3.81)) | dictation=contraction; long(12); dense(8)"
2779,#2779 RS,Late books at the library will have a daily fine added.,2,0,0,2,"lex=0(rare_avg=4.96: library(4.86), daily(5.07)) | dictation=long(11); dense(6)"
2780,#2780 RS,Our company's software saw significant changes over the past year.,1,0,0,2,"lex=0(rare_avg=4.54: company's(4.31), software(4.77)) | dictation=contraction; dense(7)"
2781,#2781 RS,"Once the main plan is set, we can figure out costs.",2,0,1,1,"lex=0(rare_avg=5.02: costs(4.96), figure(5.07)) | grammar=passive(is set) | dictation=long(11)"
2782,#2782 RS,There are office welcome events for both undergraduate and postgraduate students.,2,1,0,2,"lex=1(rare_avg=3.56: postgraduate(3.28), undergraduate(3.85)) | dictation=long(11); dense(6)"
2783,#2783 RS,"These days, more people are choosing to study from afar.",1,1,0,0,"lex=1(rare_avg=3.80: afar(3.35), choosing(4.26))"
2784,#2784 RS,"Are energy production activities primarily held responsible for environmental problems, experts wonder?",2,0,0,2,"lex=0(rare_avg=4.50: primarily(4.48), experts(4.52)) | dictation=long(12); dense(10)"
2785,#2785 RS,Is the professor available at the office on a regular schedule?,1,0,0,1,"lex=0(rare_avg=4.79: schedule(4.67), professor(4.90)) | dictation=long(11)"
2786,#2786 RS,Simply answering this complex question with yes or no won't work.,2,0,0,3,"lex=0(rare_avg=4.46: answering(4.07), complex(4.86)) | dictation=contraction; long(11); dense(7)"
2787,#2787 RS,Books in the reserve section are only loaned for a limited time.,2,0,1,2,"lex=0(rare_avg=3.97: loaned(3.34), reserve(4.60)) | grammar=passive(are only loaned) | dictation=long(12); dense(6)"
2788,#2788 RS,"Electric vehicles signify the future of transportation, promising a more eco-friendly world.",2,1,0,2,"lex=1(rare_avg=3.46: signify(3.22), eco(3.71)) | dictation=long(12); dense(9)"
2789,#2789 RS,"Now, universities compete for excellence in environmental conservation and sustainability efforts.",2,0,0,2,"lex=0(rare_avg=3.92: sustainability(3.77), excellence(4.07)) | dictation=long(11); dense(7)"
2790,#2790 RS,Students generally succeed in biology with little difficulty each year.,1,0,0,1,"lex=0(rare_avg=4.25: biology(4.22), succeed(4.29)) | dictation=dense(7)"
2791,#2791 RS,Course office will post exam scores during the following week.,1,0,0,1,"lex=0(rare_avg=4.34: exam(4.26), scores(4.43)) | dictation=dense(7)"
2792,#2792 RS,Extra seminars are scheduled to assist in your study preparation efforts.,2,0,1,2,"lex=0(rare_avg=3.91: seminars(3.50), preparation(4.32)) | grammar=passive(are scheduled) | dictation=long(11); dense(7)"
2793,#2793 RS,Bridge design is guided by cost considerations and functional requirements.,1,0,1,1,"lex=0(rare_avg=3.90: considerations(3.74), guided(4.06)) | grammar=passive(is guided) | dictation=dense(7)"
2794,#2794 RS,"Government regulations, although strict, have yielded unexpected positive results.",3,1,2,2,"lex=1(rare_avg=3.87: yielded(3.51), strict(4.23)) | grammar=adv_sub(although); perfect(have yielded unexpected) | dictation=list_enum; dense(8)"
2795,#2795 RS,"His looks conveyed subtle signs of a deeper, underlying interest.",1,1,0,1,"lex=1(rare_avg=3.74: conveyed(3.40), subtle(4.08)) | dictation=dense(7)"
2796,#2796 RS,This is just one instance; there are numerous more examples.,1,0,0,0,"lex=0(rare_avg=4.61: instance(4.59), examples(4.63))"
2797,#2797 RS,Our existence is dependent on the energy we utilize daily.,1,0,1,0,"lex=0(rare_avg=4.02: utilize(3.75), dependent(4.28)) | grammar=passive(is dependent)"
2798,#2798 RS,I can't make the lecture due to my scheduled doctor's appointment.,2,0,0,3,"lex=0(rare_avg=3.92: doctor's(3.71), lecture(4.14)) | dictation=contraction; long(11); dense(7)"
2799,#2799 RS,I found the author's stance on immigration to be ambiguous and unclear.,2,1,0,3,"lex=1(rare_avg=3.50: author's(3.43), ambiguous(3.57)) | dictation=contraction; long(12); dense(6)"
2800,#2800 RS,I broke the basement window using a big rock I found.,2,0,0,2,"lex=0(rare_avg=4.49: basement(4.18), window(4.80)) | dictation=long(11); dense(7)"
2801,#2801 RS,I wanted to say you're the most beautiful woman I've ever seen.,2,0,0,3,"lex=0(rare_avg=5.29: beautiful(5.22), woman(5.35)) | dictation=contraction; long(12); dense(7)"
2802,#2802 RS,I can fix the issue but was told to keep it from you.,1,0,0,1,"lex=0(rare_avg=4.99: fix(4.75), issue(5.23)) | dictation=long(13)"
2803,#2803 RS,I missed the lecture yesterday; may I use your notes?,1,0,1,0,"lex=0(rare_avg=4.48: lecture(4.14), missed(4.83)) | grammar=modal(may)"
2804,#2804 RS,Additional quotations are essential to enhance the credibility of my argument.,2,1,0,2,"lex=1(rare_avg=3.58: quotations(3.29), credibility(3.88)) | dictation=long(11); dense(6)"
2805,#2805 RS,"Despite using English, I failed to communicate with him effectively.",1,0,1,0,"lex=0(rare_avg=4.35: communicate(4.20), effectively(4.49)) | grammar=adv_sub(despite)"
2806,#2806 RS,It's unfortunate some language teachers graduate without native speaker training.,1,0,0,2,"lex=0(rare_avg=4.30: unfortunate(4.12), speaker(4.49)) | dictation=contraction; dense(9)"
2807,#2807 RS,"Truly, I believe it's among the best actions I've ever taken.",2,0,0,3,"lex=0(rare_avg=4.85: actions(4.82), truly(4.87)) | dictation=contraction; long(11); dense(8)"
2808,#2808 RS,Let's meet this weekend to talk about our assignment together.,1,0,0,2,"lex=0(rare_avg=4.55: assignment(4.18), weekend(4.93)) | dictation=contraction; dense(6)"
2809,#2809 RS,I aim to significantly cut down my house cleaning time.,1,0,0,1,"lex=0(rare_avg=4.45: cleaning(4.39), aim(4.51)) | dictation=dense(6)"
2810,#2810 RS,"Regrettably, Professor Jones possessed limited tolerance for foolish behavior in class.",2,1,0,2,"lex=1(rare_avg=3.37: regrettably(2.88), possessed(3.85)) | dictation=long(11); dense(7)"
2811,#2811 RS,"I am acutely aware of my personal shortcomings and limitations, you know.",2,1,0,2,"lex=1(rare_avg=3.29: acutely(3.13), shortcomings(3.45)) | dictation=long(12); dense(7)"
2812,#2812 RS,I apologize for my tardiness in attending today's lecture session.,2,1,0,2,"lex=1(rare_avg=3.29: tardiness(2.43), lecture(4.14)) | dictation=contraction; dense(6)"
2813,#2813 RS,My fascination has long been drawn to the fields of biology and physics.,3,1,2,2,"lex=1(rare_avg=3.85: fascination(3.48), biology(4.22)) | grammar=passive(been drawn); perfect(has long been drawn) | dictation=long(13); dense(6)"
2814,#2814 RS,Email me if you can't finish the task on time.,1,0,0,1,"lex=0(rare_avg=4.67: task(4.65), email(4.68)) | dictation=contraction"
2815,#2815 RS,"If your student number is forgotten, reach out to Jenny Brice for assistance.",2,0,1,1,"lex=0(rare_avg=4.50: forgotten(4.40), assistance(4.59)) | grammar=passive(is forgotten) | dictation=long(13)"
2817,#2817 RS,Capitalize the name of each month when writing in English.,1,0,0,0,"lex=0(rare_avg=4.21: capitalize(3.34), writing(5.07))"
2818,#2818 RS,European political dynamics encounter similar challenges in the context of globalization.,2,1,0,2,"lex=1(rare_avg=3.77: globalization(3.46), dynamics(4.08)) | dictation=long(11); dense(8)"
2819,#2819 RS,"The sky remains blue and clear, even with the cold.",1,0,0,0,"lex=0(rare_avg=4.76: sky(4.72), remains(4.80))"
2820,#2820 RS,"At present, I brim with a newfound sense of confidence and optimism.",2,1,0,2,"lex=1(rare_avg=3.10: brim(3.06), newfound(3.14)) | dictation=long(12); dense(6)"
2821,#2821 RS,"In the analysis of statistical data, considering gender is fundamentally important.",2,0,1,2,"lex=0(rare_avg=3.96: fundamentally(3.77), statistical(4.14)) | grammar=passive(is fundamentally important) | dictation=long(11); dense(7)"
2822,#2822 RS,"Before reaching final conclusions, it's imperative to verify underlying assumptions.",2,1,0,2,"lex=1(rare_avg=3.77: imperative(3.66), verify(3.88)) | dictation=contraction; dense(8)"
2823,#2823 RS,Firms are obligated to provide details about their industrial processes.,1,0,1,1,"lex=0(rare_avg=3.94: obligated(3.50), firms(4.38)) | grammar=passive(are obligated) | dictation=dense(6)"
2824,#2824 RS,It can be a challenge to precisely define this specific word.,1,0,0,1,"lex=0(rare_avg=4.25: precisely(4.20), define(4.31)) | dictation=long(11)"
2825,#2825 RS,John rushed swiftly down the corridor without any hesitation or delay.,2,1,0,2,"lex=1(rare_avg=3.54: swiftly(3.54), hesitation(3.55)) | dictation=long(11); dense(7)"
2826,#2826 RS,Bigger corporations frequently assimilate smaller privately held businesses in the market.,2,1,0,2,"lex=1(rare_avg=3.53: assimilate(3.05), privately(4.01)) | dictation=long(11); dense(9)"
2827,#2827 RS,"Even without someone to converse with, Mary doesn't experience loneliness.",2,1,0,2,"lex=1(rare_avg=3.56: converse(3.48), loneliness(3.65)) | dictation=contraction; dense(6)"
2828,#2828 RS,Meteorology involves a comprehensive analysis of the Earth's atmospheric conditions.,2,1,0,2,"lex=1(rare_avg=3.53: meteorology(3.22), atmospheric(3.84)) | dictation=contraction; dense(6)"
2829,#2829 RS,"At any given time, the laboratory allows a maximum of four individuals inside.",2,0,0,2,"lex=0(rare_avg=4.46: laboratory(4.31), maximum(4.60)) | dictation=long(13); dense(8)"
2830,#2830 RS,"Among various heating and cooling systems, central heating proves to be superior.",2,0,0,2,"lex=0(rare_avg=4.06: cooling(4.06), proves(4.06)) | dictation=long(12); dense(9)"
2831,#2831 RS,"Alternatively, you have the option to receive your academic grades through email.",2,0,0,2,"lex=0(rare_avg=4.04: alternatively(3.81), grades(4.28)) | dictation=long(12); dense(6)"
2832,#2832 RS,"For this project, collaboration in trios will be a necessary requirement.",2,1,1,1,"lex=1(rare_avg=3.40: trios(2.54), requirement(4.26)) | grammar=passive(be a necessary requirement) | dictation=long(11)"
2833,#2833 RS,Academic writing is characterized by its frequent use of formal vocabulary.,2,0,1,2,"lex=0(rare_avg=3.92: vocabulary(3.82), characterized(4.01)) | grammar=passive(is characterized) | dictation=long(11); dense(7)"
2834,#2834 RS,Living close to your workplace significantly reduces daily commuting time.,1,1,0,1,"lex=1(rare_avg=3.63: commuting(3.29), reduces(3.98)) | dictation=dense(8)"
2835,#2835 RS,Library journals must remain on premises; students cannot remove them.,1,0,1,1,"lex=0(rare_avg=3.97: journals(3.92), premises(4.02)) | grammar=modal(must) | dictation=dense(7)"
2836,#2836 RS,"At all times, students are expected to adhere to laboratory safety rules.",2,0,1,2,"lex=0(rare_avg=3.94: adhere(3.57), laboratory(4.31)) | grammar=passive(are expected) | dictation=long(12); dense(7)"
2837,#2837 RS,Utilize online materials before attending the upcoming lecture sessions.,1,0,0,1,"lex=0(rare_avg=3.94: utilize(3.75), lecture(4.14)) | dictation=dense(7)"
2838,#2838 RS,"For timetable inquiries this term, consult the tutor without delay.",1,1,0,1,"lex=1(rare_avg=3.55: timetable(3.44), tutor(3.67)) | dictation=dense(7)"
2839,#2839 RS,Research indicates a potential link between family size and academic success.,2,0,0,2,"lex=0(rare_avg=4.41: indicates(4.24), academic(4.57)) | dictation=long(11); dense(8)"
2840,#2840 RS,The agricultural industry of that country receives significant financial support from the government.,2,0,0,2,"lex=0(rare_avg=4.27: receives(4.19), agricultural(4.34)) | dictation=long(13); dense(8)"
2841,#2841 RS,High parental expectations often lead to student stress and anxiety.,1,0,0,1,"lex=0(rare_avg=4.11: parental(3.78), expectations(4.44)) | dictation=dense(8)"
2842,#2842 RS,Physics explores the properties and interactions of matter and energy.,1,0,0,1,"lex=0(rare_avg=3.90: explores(3.64), interactions(4.16)) | dictation=dense(6)"
2843,#2843 RS,Physiology delves into the complex inner and outer structures of the body.,2,1,0,2,"lex=1(rare_avg=3.16: delves(2.71), physiology(3.61)) | dictation=long(12); dense(7)"
2844,#2844 RS,Cities are ranked based on the important measure of quality of life.,2,0,1,2,"lex=0(rare_avg=4.50: ranked(4.35), measure(4.65)) | grammar=passive(are ranked based) | dictation=long(12); dense(7)"
2845,#2845 RS,Answers to these crucial scientific questions are approaching closer for researchers.,2,0,0,2,"lex=0(rare_avg=4.22: approaching(4.17), crucial(4.28)) | dictation=long(11); dense(7)"
2846,#2846 RS,"To meet the requirement, multiple copies need to be given to the department.",2,0,1,2,"lex=0(rare_avg=4.34: requirement(4.26), copies(4.43)) | grammar=passive(be given) | dictation=long(13); dense(7)"
2848,#2848 RS,You can obtain the application form from the administrative office.,1,0,0,0,"lex=0(rare_avg=4.43: obtain(4.40), administrative(4.45))"
2849,#2849 RS,Find the bookstore situated on the main campus's northern side.,2,2,0,2,"lex=2(rare_avg=2.51: campus's(1.60), bookstore(3.42)) | dictation=contraction; dense(7)"
2850,#2850 RS,The buildings looked extraordinarily beautiful in the brilliant sunshine of the day.,2,1,0,2,"lex=1(rare_avg=3.79: extraordinarily(3.42), sunshine(4.16)) | dictation=long(12); dense(7)"
2851,#2851 RS,The bus by the building goes directly to the central bus station.,2,0,0,2,"lex=0(rare_avg=4.83: bus(4.83), bus(4.83)) | dictation=long(12); dense(7)"
2852,#2852 RS,The vehicle he traveled in collided with a train unexpectedly.,1,1,0,0,"lex=1(rare_avg=3.48: collided(3.26), unexpectedly(3.71))"
2854,#2854 RS,Try to get through it as soon as possible.,1,0,0,0,"lex=0(rare_avg=5.34: soon(5.32), possible(5.36))"
2855,#2855 RS,We often ask our students to get access to all sorts of services.,2,0,0,2,"lex=0(rare_avg=4.63: sorts(4.21), access(5.05)) | dictation=long(13); dense(7)"
2856,#2856 RS,This program is running in partnership with a number of departments.,1,0,0,1,"lex=0(rare_avg=4.34: departments(4.20), partnership(4.48)) | dictation=long(11)"
2857,#2857 RS,Your abstract should contain the empirical evidence of your research.,1,1,1,0,"lex=1(rare_avg=3.88: empirical(3.62), abstract(4.14)) | grammar=modal(should)"
2858,#2858 RS,I haven't done a lot of work in this area.,1,0,0,1,"lex=0(rare_avg=5.29: haven't(5.11), area(5.46)) | dictation=contraction"
2859,#2859 RS,The students are supposed to assemble in the seminar hall before the announcement.,2,1,1,2,"lex=1(rare_avg=3.71: assemble(3.64), seminar(3.77)) | grammar=passive(are supposed) | dictation=long(13); dense(6)"
2860,#2860 RS,You are not sure that you can skip the sessions for Wednesday.,1,0,0,1,"lex=0(rare_avg=4.35: skip(4.21), sessions(4.48)) | dictation=long(12)"
2861,#2861 RS,Car park permits can be obtained at the student service center.,2,0,1,2,"lex=0(rare_avg=4.21: permits(3.94), obtained(4.49)) | grammar=passive(be obtained) | dictation=long(11); dense(7)"
2862,#2862 RS,We will change the classroom because this one is too small.,1,0,0,1,"lex=0(rare_avg=4.83: classroom(4.15), small(5.51)) | dictation=long(11)"
2863,#2863 RS,Higher education means higher pay and more opportunities you will get.,2,0,0,2,"lex=0(rare_avg=4.89: opportunities(4.61), higher(5.18)) | dictation=long(11); dense(7)"
2864,#2864 RS,"If finance is a cause of concern, scholarships may be available.",2,0,1,1,"lex=0(rare_avg=4.21: scholarships(3.76), finance(4.65)) | grammar=modal(may) | dictation=long(11)"
2865,#2865 RS,Scientists are always asking the government for more money.,1,0,0,0,"lex=0(rare_avg=4.73: scientists(4.50), asking(4.96))"
2866,#2866 RS,Students are allowed to bring dictionaries to the exam.,1,1,1,0,"lex=1(rare_avg=3.72: dictionaries(3.18), exam(4.26)) | grammar=passive(are allowed)"
2867,,"Your tutor is very helpful, please do ask if you don’t understand the question.",2,0,0,2,"lex=0(rare_avg=4.05: tutor(3.67), helpful(4.43)) | dictation=long(14); dense(7)"
