"word","form","level"
"a, an","indefinite article","A1"
"abandon","v.","B2"
"ability","n.","A2"
"able","adj.","A2"
"abolish","v.","C1"
"abortion","n.","C1"
"about","adv.","A1"
"about","prep.","A1"
"above","adv.","A1"
"above","prep.","A1"
"abroad","adv.","A2"
"absence","n.","C1"
"absent","adj.","C1"
"absolute","adj.","B2"
"absolutely","adv.","B1"
"absorb","v.","B2"
"abstract","adj.","B2"
"absurd","adj.","C1"
"abundance","n.","C1"
"abuse","n.","C1"
"abuse","v.","C1"
"academic","adj.","B1"
"academic","n.","B2"
"academy","n.","C1"
"accent","n.","B2"
"accept","v.","A2"
"acceptable","adj.","B2"
"acceptance","n.","C1"
"access","n.","B1"
"access","v.","B1"
"accessible","adj.","C1"
"accident","n.","A2"
"accidentally","adv.","B2"
"accommodate","v.","B2"
"accommodation","n.","B1"
"accompany","v.","B2"
"accomplish","v.","B2"
"accomplishment","n.","C1"
"accordance","n.","C1"
"according to","prep.","A2"
"accordingly","adv.","C1"
"account","n.","B1"
"account","v.","B2"
"accountability","n.","C1"
"accountable","adj.","C1"
"accountant","n.","B2"
"accumulate","v.","C1"
"accumulation","n.","C1"
"accuracy","n.","B2"
"accurate","adj.","B2"
"accurately","adv.","B2"
"accusation","n.","C1"
"accuse","v.","B2"
"accused","n.","C1"
"achieve","v.","A2"
"achievement","n.","B1"
"acid","adj.","C1"
"acid","n.","B2"
"acknowledge","v.","B2"
"acquire","v.","B2"
"acquisition","n.","C1"
"acre","n.","C1"
"across","adv.","A1"
"across","prep.","A1"
"act","n.","B1"
"act","v.","A2"
"action","n.","A1"
"active","adj.","A2"
"activate","v.","B2"
"activation","n.","C1"
"activist","n.","C1"
"activity","n.","A1"
"actor","n.","A1"
"actress","n.","A1"
"actual","adj.","B2"
"actually","adv.","A2"
"acute","adj.","C1"
"ad","n.","B1"
"adapt","v.","B2"
"adaptation","n.","C1"
"add","v.","A1"
"addiction","n.","B2"
"addition","n.","B1"
"additional","adj.","B2"
"additionally","adv.","B2"
"address","n.","A1"
"address","v.","B2"
"adequate","adj.","B2"
"adequately","adv.","B2"
"adhere","v.","C1"
"adjacent","adj.","C1"
"adjust","v.","B2"
"adjustment","n.","C1"
"administer","v.","C1"
"administrative","adj.","C1"
"administrator","n.","C1"
"administration","n.","B2"
"admire","v.","B1"
"admission","n.","C1"
"admit","v.","B1"
"adolescent","n.","C1"
"adopt","v.","B2"
"adoption","n.","C1"
"adult","adj.","A2"
"adult","n.","A1"
"advance","adj.","B2"
"advance","n.","B2"
"advance","v.","B2"
"advanced","adj.","B1"
"advantage","n.","A2"
"adventure","n.","A2"
"adverse","adj.","C1"
"advertise","v.","A2"
"advertisement","n.","A2"
"advertising","n.","A2"
"advice","n.","A1"
"advise","v.","B1"
"advocate","n.","C1"
"advocate","v.","C1"
"aesthetic","adj.","C1"
"affair","n.","B2"
"affect","v.","A2"
"affection","n.","C1"
"afford","v.","B1"
"affordable","adj.","B2"
"afraid","adj.","A1"
"after","adv.","A2"
"after","conj.","A2"
"after","prep.","A1"
"aftermath","n.","C1"
"afternoon","n.","A1"
"afterwards","adv.","B2"
"again","adv.","A1"
"against","prep.","A2"
"age","n.","A1"
"age","v.","B1"
"aged","adj.","B1"
"agency","n.","B2"
"agenda","n.","B2"
"agent","n.","B1"
"aggression","n.","C1"
"aggressive","adj.","B2"
"ago","adv.","A1"
"agree","v.","A1"
"agreement","n.","B1"
"agriculture","n.","B2"
"agricultural","adj.","C1"
"ah","exclam.","A2"
"ahead","adv.","B1"
"aide","n.","C1"
"aid","n.","B2"
"aid","v.","B2"
"AIDS","n.","B2"
"aim","n.","B1"
"aim","v.","B1"
"air","n.","A1"
"aircraft","n.","B2"
"airline","n.","A2"
"airport","n.","A1"
"alarm","n.","B1"
"alarm","v.","B2"
"album","n.","B1"
"alcohol","n.","B1"
"alcoholic","adj.","B1"
"albeit","conj.","C1"
"alert","adj.","C1"
"alert","n.","C1"
"alert","v.","C1"
"alien","adj.","C1"
"alien","n.","B2"
"align","v.","C1"
"alignment","n.","C1"
"alike","adj.","C1"
"alike","adv.","C1"
"alive","adj.","A2"
"all","adv.","A2"
"all","det.","A1"
"all","pron.","A1"
"allegation","n.","C1"
"allege","v.","C1"
"allegedly","adv.","C1"
"alliance","n.","C1"
"allocate","v.","C1"
"allocation","n.","C1"
"allow","v.","A2"
"allowance","n.","C1"
"all right","adj./adv.","A2"
"all right","exclam.","A2"
"ally","n.","C1"
"almost","adv.","A2"
"alone","adj./adv.","A2"
"along","adv.","A2"
"along","prep.","A2"
"alongside","prep.","В2"
"already","adv.","A2"
"also","adv.","A1"
"alter","v.","B2"
"alternative","adj.","B1"
"alternative","n.","A2"
"although","conj.","A2"
"altogether","adv.","B2"
"always","adv.","A1"
"amateur","adj.","C1"
"amateur","n.","C1"
"amazed","adj.","B1"
"amazing","adj.","A1"
"ambassador","n.","C1"
"ambition","n.","B1"
"ambitious","adj.","B1"
"ambulance","n.","B2"
"amend","v.","C1"
"amendment","n.","C1"
"amid","prep.","C1"
"among","prep.","A2"
"amount","n.","A2"
"amount","v.","B2"
"amusing","adj.","B2"
"analogy","n.","C1"
"analyse","v.","B1"
"analysis","n.","B1"
"analyst","n.","B2"
"ancestor","n.","B2"
"anchor","n.","C1"
"ancient","adj.","A2"
"and","conj.","A1"
"angel","n.","C1"
"anger","n.","B2"
"angle","n.","B2"
"angry","adj.","A1"
"animal","n.","A1"
"animation","n.","B2"
"ankle","n.","A2"
"anniversary","n.","B2"
"announce","v.","B1"
"announcement","n.","B1"
"annoy","v.","B1"
"annoyed","adj.","B1"
"annoying","adj.","B1"
"annual","adj.","B2"
"annually","adv.","B2"
"anonymous","adj.","C1"
"another","det./pron.","A1"
"answer","n.","A1"
"answer","v.","A1"
"anticipate","v.","B2"
"anxious","adj.","B2"
"any","adv.","A2"
"any","det.","A1"
"any","pron.","A1"
"anybody","pron.","A2"
"any more","adv.","A2"
"anyone","pron.","A1"
"anything","pron.","A1"
"anyway","adv.","A2"
"anywhere","adv.","A2"
"anywhere","pron.","A2"
"apart","adv.","B1"
"apartment","n.","A1"
"apologize","v.","B1"
"apology","n.","B2"
"app","n.","A2"
"apparatus","n.","C1"
"apparent","adj.","B2"
"apparently","adv.","B2"
"appeal","n.","B2"
"appeal","v.","B2"
"appear","v.","A2"
"appearance","n.","A2"
"appealing","adj.","C1"
"appetite","n.","C1"
"apple","n.","A1"
"applicable","adj.","C1"
"applicant","n.","B2"
"application","n.","B1"
"apply","v.","A2"
"appoint","v.","C1"
"appointment","n.","B1"
"appreciate","v.","B1"
"appreciation","n.","C1"
"approach","n.","B2"
"approach","v.","B2"
"appropriate","adj.","B2"
"appropriately","adv.","B2"
"approval","n.","B2"
"approve","v.","B2"
"approximately","adv.","B1"
"April","n.","A1"
"arbitrary","adj.","C1"
"architect","n.","A2"
"architecture","n.","A2"
"architectural","adj.","C1"
"archive","n.","C1"
"area","n.","A1"
"arena","n.","C1"
"argue","v.","A2"
"arguably","adv.","C1"
"argument","n.","A2"
"arise","v.","B2"
"arm","n.","A1"
"arm","v.","C1"
"armed","adj.","B2"
"arms","n.","B2"
"army","n.","A2"
"around","adv.","A1"
"around","prep.","A1"
"arrange","v.","A2"
"arrangement","n.","A2"
"array","n.","C1"
"arrest","n.","B1"
"arrest","v.","B1"
"arrival","n.","B1"
"arrive","v.","A1"
"arrow","n.","B2"
"art","n.","A1"
"article","n.","A1"
"articulate","v.","C1"
"artificial","adj.","B2"
"artist","n.","A1"
"artistic","adj.","B2"
"artwork","n.","B2"
"as","adv.","A2"
"as","conj.","A2"
"as","prep.","A1"
"ash","n.","C1"
"ashamed","adj.","B2"
"aside","adv.","B2"
"ask","v.","A1"
"asleep","adj.","A2"
"aspect","n.","B2"
"aspiration","n.","C1"
"aspire","v.","C1"
"assassination","n.","C1"
"assault","n.","C1"
"assault","v.","C1"
"assemble","v.","C1"
"assembly","n.","C1"
"assess","v.","B2"
"assessment","n.","B2"
"asset","n.","B2"
"assign","v.","B2"
"assignment","n.","B1"
"assist","v.","B1"
"assistance","n.","B2"
"assistant","adj.","A2"
"assistant","n.","A2"
"associate","v.","B2"
"associated","adj.","B2"
"association","n.","B2"
"assume","v.","B2"
"assumption","n.","B2"
"assurance","n.","C1"
"assure","v.","B2"
"at","prep.","A1"
"athlete","n.","A2"
"atmosphere","n.","B1"
"attach","v.","B1"
"attachment","n.","B2"
"attack","n.","A2"
"attack","v.","A2"
"attain","v.","C1"
"attempt","n.","B2"
"attempt","v.","B2"
"attend","v.","A2"
"attendance","n.","C1"
"attention","exclam.","A2"
"attention","n.","A2"
"attitude","n.","B1"
"attorney","n.","C1"
"attract","v.","B1"
"attraction","n.","B1"
"attractive","adj.","A2"
"attribute","n.","C1"
"attribute","v.","C1"
"auction","n.","B2"
"audience","n.","A2"
"audio","adj.","B2"
"audit","n.","C1"
"August","n.","A1"
"aunt","n.","A1"
"authentic","adj.","C1"
"author","n.","A2"
"authority","n.","B1"
"authorize","v.","C1"
"auto","n.","C1"
"automatic","adj.","B2"
"automatically","adv.","B2"
"autumn","n.","A1"
"autonomy","n.","C1"
"available","adj.","A2"
"availability","n.","C1"
"average","adj.","A2"
"average","n.","A2"
"average","v.","B1"
"avoid","v.","A2"
"await","v.","C1"
"award","n.","A2"
"award","v.","B1"
"aware","adj.","B1"
"awareness","n.","B2"
"away","adv.","A1"
"awful","adj.","A2"
"awkward","adj.","B2"
"baby","n.","A1"
"back","adj.","A2"
"back","adv.","A1"
"back","n.","A1"
"back","v.","B2"
"backdrop","n.","C1"
"background","n.","A2"
"backing","n.","C1"
"backup","n.","C1"
"backwards","adv.","B1"
"bacteria","n.","B2"
"bad","adj.","A1"
"badge","n.","B2"
"badly","adv.","A2"
"bag","n.","A1"
"bail","n.","C1"
"bake","v.","B1"
"balance","n.","B1"
"balance","v.","B1"
"balanced","adj.","B2"
"ball","n.","A1"
"ballet","n.","B2"
"balloon","n.","B2"
"ballot","n.","C1"
"ban","n.","B1"
"ban","v.","B1"
"banana","n.","A1"
"band","n.","A1"
"banner","n.","C1"
"bar","n.","A2"
"bar","v.","B2"
"bare","adj.","C1"
"barely","adv.","B2"
"bargain","n.","B2"
"barrel","n.","C1"
"barrier","n.","B2"
"base","n.","B1"
"base","v.","B1"
"baseball","n.","A2"
"based","adj.","A2"
"basement","n.","B2"
"basic","adj.","B1"
"basically","adv.","B2"
"basis","n.","B1"
"basket","n.","B2"
"basketball","n.","A2"
"bass¹","n.","C1"
"bat","n.","B2"
"bat","v.","C1"
"bath","n.","A1"
"bathroom","n.","A1"
"battle","n.","B1"
"battle","v.","B2"
"battlefield","n.","C1"
"bay","n.","C1"
"be","auxiliary v.","A1"
"be","v.","A1"
"beach","n.","A1"
"beam","n.","C1"
"bean","n.","A2"
"bear (animal)","n.","A2"
"bear (deal with)","v.","B2"
"beast","n.","C1"
"beat","n.","B2"
"beat","v.","A2"
"beautiful","adj.","A1"
"beauty","n.","B1"
"because","conj.","A1"
"become","v.","A1"
"bed","n.","A1"
"bedroom","n.","A1"
"bee","n.","B1"
"beef","n.","A2"
"beer","n.","A1"
"before","adv.","A2"
"before","conj.","A2"
"before","prep.","A1"
"beg","v.","B2"
"begin","v.","A1"
"beginning","n.","A1"
"behalf","n.","C1"
"behave","v.","A2"
"behaviour","n.","A2"
"behind","adv.","A1"
"behind","prep.","A1"
"being","n.","B2"
"belief","n.","B1"
"believe","v.","A1"
"bell","n.","B1"
"belong","v.","A2"
"beloved","adj.","C1"
"below","adv.","A1"
"below","prep.","A1"
"belt","n.","A2"
"bench","n.","C1"
"benchmark","n.","C1"
"bend","n.","B1"
"bend","v.","B1"
"beneath","prep.","С1"
"beneficial","adj.","B2"
"beneficiary","n.","C1"
"benefit","n.","A2"
"benefit","v.","B1"
"bent","adj.","B2"
"beside","prep.","B2"
"besides","adv.","B2"
"besides","prep.","B2"
"best","adj.","A1"
"best","adv.","A2"
"best","n.","A2"
"bet","n.","B2"
"bet","v.","B2"
"betray","v.","C1"
"better","adj.","A1"
"better","adv.","A2"
"better","n.","B1"
"between","adv.","A2"
"between","prep.","A1"
"beyond","adv.","B2"
"beyond","prep.","B2"
"bias","n.","B2"
"bicycle","n.","A1"
"bid","n.","B2"
"bid","v.","B2"
"big","adj.","A1"
"bike","n.","A1"
"bill","n.","A1"
"bill","v.","B2"
"billion","number","A2"
"bin","n.","A2"
"bind","v.","C1"
"biography","n.","C1"
"biological","adj.","B2"
"biology","n.","A2"
"bird","n.","A1"
"birth","n.","A2"
"birthday","n.","A1"
"biscuit","n.","A2"
"bishop","n.","C1"
"bit","n.","A2"
"bite","n.","B1"
"bite","v.","B1"
"bitter","adj.","B2"
"bizarre","adj.","C1"
"black","adj.","A1"
"black","n.","A1"
"blade","n.","C1"
"blame","n.","B2"
"blame","v.","B2"
"blank","adj.","A2"
"blank","n.","A2"
"blanket","n.","B2"
"blast","n.","C1"
"blast","v.","C1"
"bleed","v.","C1"
"blend","n.","C1"
"blend","v.","C1"
"bless","v.","C1"
"blessing","n.","C1"
"blind","adj.","B2"
"block","n.","B1"
"block","v.","B1"
"blog","n.","A1"
"blonde","adj.","A1"
"blood","n.","A2"
"blow","n.","B2"
"blow","v.","A2"
"blue","adj.","A1"
"blue","n.","A1"
"board","n.","A2"
"board","v.","B1"
"boast","v.","C1"
"boat","n.","A1"
"body","n.","A1"
"boil","v.","A2"
"bold","adj.","B2"
"bomb","n.","B1"
"bomb","v.","B1"
"bombing","n.","B2"
"bond","n.","B2"
"bone","n.","A2"
"bonus","n.","C1"
"book","n.","A1"
"book","v.","A2"
"booking","n.","B2"
"boom","n.","C1"
"boost","n.","B2"
"boost","v.","B2"
"boot","n.","A1"
"border","n.","B1"
"border","v.","B2"
"bored","adj.","A1"
"boring","adj.","A1"
"born","v.","A1"
"borrow","v.","A2"
"boss","n.","A2"
"both","det./pron.","A1"
"bother","v.","B1"
"bottle","n.","A1"
"bottom","adj.","A2"
"bottom","n.","A2"
"bounce","v.","C1"
"bound","adj.","B2"
"boundary","n.","C1"
"bow'","n.","C1"
"bow'","v.","C1"
"bowl","n.","A2"
"box","n.","A1"
"boy","n.","A1"
"boyfriend","n.","A1"
"brain","n.","A2"
"branch","n.","B1"
"brand","n.","B1"
"brand","v.","B1"
"brave","adj.","B1"
"breach","n.","C1"
"breach","v.","C1"
"bread","n.","A1"
"break","n.","A1"
"break","v.","A1"
"breakdown","n.","C1"
"breakfast","n.","A1"
"breakthrough","n.","C1"
"breast","n.","B2"
"breath","n.","B1"
"breathe","v.","B1"
"breathing","n.","B1"
"breed","n.","C1"
"breed","v.","C1"
"brick","n.","B2"
"bride","n.","B1"
"bridge","n.","A2"
"brief","adj.","B2"
"briefly","adv.","B2"
"bright","adj.","A2"
"brilliant","adj.","A2"
"bring","v.","A1"
"broad","adj.","B2"
"broadband","n.","C1"
"broadcast","n.","B2"
"broadcast","v.","B2"
"broadcaster","n.","B2"
"broadly","adv.","B2"
"broken","adj.","A2"
"brother","n.","A1"
"brown","adj.","A1"
"brown","n.","A1"
"browser","n.","C1"
"brush","n.","A2"
"brush","v.","A2"
"brutal","adj.","C1"
"bubble","n.","B1"
"buck","n.","C1"
"buddy","n.","C1"
"budget","n.","B2"
"buffer","n.","C1"
"bug","n.","B2"
"build","v.","A1"
"building","n.","A1"
"bulk","n.","C1"
"bullet","n.","B2"
"bunch","n.","B2"
"burden","n.","C1"
"bureaucracy","n.","C1"
"burial","n.","C1"
"burn","n.","B2"
"burn","v.","A2"
"burst","v.","C1"
"bury","v.","B1"
"bus","n.","A1"
"bush","n.","B2"
"business","n.","A1"
"businessman","n.","A2"
"busy","adj.","A1"
"but","conj.","A1"
"but","prep.","B2"
"butter","n.","A1"
"button","n.","A2"
"buy","v.","A1"
"by","adv.","B1"
"by","prep.","A1"
"bye","exclam.","A1"
"cabin","n.","B2"
"cabinet","n.","C1"
"cable","n.","B2"
"cafe","n.","A1"
"cake","n.","A1"
"calculate","v.","B2"
"calculation","n.","C1"
"call","n.","A1"
"call","v.","A1"
"calm","adj.","B1"
"calm","n.","B1"
"calm","v.","B1"
"camera","n.","A1"
"camp","n.","A2"
"camp","v.","A2"
"campaign","n.","B1"
"campaign","v.","B1"
"camping","n.","A2"
"campus","n.","B1"
"can'","modal v.","A1"
"can²","n.","A2"
"canal","n.","B2"
"cancel","v.","B2"
"cancer","n.","B2"
"candidate","n.","B1"
"candle","n.","B2"
"canvas","n.","C1"
"cannot","v.","A1"
"canvas","n.","C1"
"cap","n.","B1"
"capability","n.","C1"
"capable","adj.","B2"
"capacity","n.","B2"
"capital","adj.","A1"
"capital","n.","A1"
"capitalism","n.","C1"
"capitalist","adj.","C1"
"captain","n.","B1"
"capture","n.","B2"
"capture","v.","B2"
"car","n.","A1"
"carbon","n.","B2"
"card","n.","A1"
"care","n.","A2"
"care","v.","A2"
"career","n.","A1"
"careful","adj.","A2"
"carefully","adv.","A2"
"careless","adj.","B1"
"cargo","n.","C1"
"carpet","n.","A2"
"carriage","n.","C1"
"carrot","n.","A1"
"carry","v.","A1"
"cartoon","n.","A2"
"carve","v.","C1"
"case","n.","A2"
"cash","n.","A2"
"casino","n.","C1"
"cast","n.","B2"
"cast","v.","B2"
"castle","n.","A2"
"casual","adj.","B2"
"casualty","n.","C1"
"cat","n.","A1"
"catalogue","n.","C1"
"catch","n.","B2"
"catch","v.","A2"
"category","n.","B1"
"cater","v.","C1"
"cattle","n.","C1"
"cause","n.","A2"
"cause","v.","A2"
"cautious","adj.","C1"
"cave","n.","B2"
"CD","n.","A1"
"cease","v.","C1"
"ceiling","n.","B1"
"celebrate","v.","A2"
"celebration","n.","B1"
"celebrity","n.","A2"
"cell","n.","B2"
"cemetery","n.","C1"
"cent","n.","A1"
"central","adj.","B1"
"centre","n.","A1"
"centre","v.","B1"
"century","n.","A1"
"ceremony","n.","B1"
"certain","adj.","A2"
"certainly","adv.","A2"
"certainty","n.","B2"
"certificate","n.","B2"
"chain","n.","B1"
"chain","v.","B2"
"chair","n.","A1"
"chair","v.","B2"
"chairman","n.","B2"
"challenge","n.","B1"
"challenge","v.","B2"
"chamber","n.","C1"
"champion","n.","B1"
"championship","n.","B2"
"chance","n.","A2"
"change","n.","A1"
"change","v.","A1"
"channel","n.","B1"
"chaos","n.","C1"
"chapter","n.","B1"
"character","n.","A2"
"characteristic","adj.","B2"
"characteristic","n.","B2"
"characterize","v.","C1"
"charge","n.","B1"
"charge","v.","B1"
"charity","n.","A2"
"charm","n.","C1"
"charming","adj.","B2"
"chart","n.","A1"
"chart","v.","B2"
"charter","n.","C1"
"chase","n.","B2"
"chase","v.","B2"
"chat","n.","A2"
"chat","v.","A2"
"cheap","adj.","A1"
"cheap","adv.","B1"
"cheat","n.","B1"
"cheat","v.","B1"
"check","n.","A2"
"check","v.","A1"
"cheek","n.","B2"
"cheer","n.","B2"
"cheer","v.","B2"
"cheerful","adj.","B1"
"cheese","n.","A1"
"chef","n.","A2"
"chemical","adj.","B1"
"chemical","n.","B1"
"chemistry","n.","A2"
"chest","n.","B1"
"chicken","n.","A1"
"chief","adj.","B2"
"chief","n.","B2"
"child","n.","A1"
"childhood","n.","B1"
"chip","n.","A2"
"chocolate","n.","A1"
"choice","n.","A2"
"choir","n.","B2"
"choose","v.","A1"
"chop","v.","B2"
"chronic","adj.","C1"
"chunk","n.","C1"
"church","n.","A2"
"cigarette","n.","A2"
"cinema","n.","A1"
"circle","n.","A2"
"circle","v.","A2"
"circuit","n.","B2"
"circulate","v.","C1"
"circulation","n.","C1"
"circumstance","n.","B2"
"cite","v.","B2"
"citizen","n.","B2"
"citizenship","n.","C1"
"city","n.","A1"
"civic","adj.","C1"
"civil","adj.","B2"
"civilian","adj.","C1"
"civilian","n.","C1"
"civilization","n.","B2"
"claim","n.","B1"
"claim","v.","B1"
"clarify","v.","B2"
"clarity","n.","C1"
"clash","n.","C1"
"class","n.","A1"
"classic","adj.","B2"
"classic","n.","B2"
"classical","adj.","A2"
"classification","n.","C1"
"classify","v.","B2"
"classroom","n.","A1"
"clause","n.","B1"
"clean","adj.","A1"
"clean","v.","A1"
"clear","adj.","A2"
"clear","v.","B1"
"clearly","adv.","A2"
"clerk","n.","B2"
"clever","adj.","A2"
"click","n.","B1"
"click","v.","B1"
"client","n.","B1"
"cliff","n.","B2"
"climate","n.","A2"
"climb","n.","B1"
"climb","v.","A1"
"cling","v.","C1"
"clinic","n.","B2"
"clinical","adj.","C1"
"clip","n.","B2"
"clock","n.","A1"
"close¹","n.","B2"
"close¹","v.","A1"
"close²","adj.","A2"
"close²","adv.","B1"
"closed","adj.","A2"
"closely","adv.","B2"
"closure","n.","C1"
"cloth","n.","B1"
"clothes","n.","A1"
"clothing","n.","A2"
"cloud","n.","A2"
"club","n.","A1"
"clue","n.","B1"
"cluster","n.","C1"
"coach","n.","A2"
"coach","v.","B1"
"coal","n.","B1"
"coalition","n.","C1"
"coast","n.","A2"
"coastal","adj.","C1"
"coat","n.","A1"
"cocktail","n.","C1"
"code","n.","A2"
"coffee","n.","A1"
"cognitive","adj.","C1"
"coin","n.","B1"
"coincide","v.","C1"
"coincidence","n.","B2"
"cold","adj.","A1"
"cold","n.","A1"
"collaborate","v.","C1"
"collaboration","n.","C1"
"collapse","n.","B2"
"collapse","v.","B2"
"colleague","n.","A2"
"collect","v.","A2"
"collection","n.","B1"
"collective","adj.","C1"
"collector","n.","B2"
"college","n.","A1"
"collision","n.","C1"
"colonial","adj.","C1"
"colony","n.","B2"
"colour","n.","A1"
"coloured","adj.","B1"
"colourful","adj.","B2"
"column","n.","A2"
"columnist","n.","C1"
"combat","n.","C1"
"combat","v.","C1"
"combination","n.","B2"
"combine","v.","B1"
"come","v.","A1"
"comedy","n.","A2"
"comfort","n.","B2"
"comfort","v.","B2"
"comfortable","adj.","A2"
"comic","adj.","B2"
"comic","n.","B2"
"command","n.","B2"
"command","v.","B2"
"commander","n.","B2"
"commence","v.","C1"
"comment","n.","A2"
"comment","v.","B1"
"commentary","n.","C1"
"commentator","n.","C1"
"commerce","n.","C1"
"commercial","adj.","B1"
"commercial","n.","B1"
"commission","n.","B2"
"commission","v.","B2"
"commissioner","n.","C1"
"commit","v.","B1"
"commitment","n.","B2"
"committee","n.","B2"
"commodity","n.","C1"
"common","adj.","A1"
"common","n.","A1"
"commonly","adv.","B2"
"communicate","v.","A2"
"communication","n.","B1"
"communist","adj.","C1"
"community","n.","A2"
"company","n.","A1"
"companion","n.","C1"
"comparable","adj.","C1"
"compare","v.","A1"
"comparative","adj.","B2"
"comparison","n.","B1"
"compassion","n.","C1"
"compel","v.","C1"
"compelling","adj.","C1"
"compensate","v.","C1"
"compensation","n.","C1"
"compete","v.","A2"
"competence","n.","C1"
"competent","adj.","C1"
"competition","n.","A2"
"competitive","adj.","B1"
"competitor","n.","B1"
"compile","v.","C1"
"complain","v.","A2"
"complaint","n.","B1"
"complement","v.","C1"
"complete","adj.","A1"
"complete","v.","A1"
"completely","adv.","A2"
"completion","n.","B2"
"complex","adj.","B1"
"complex","n.","B2"
"complexity","n.","C1"
"compliance","n.","C1"
"complicated","adj.","B2"
"complication","n.","C1"
"comply","v.","C1"
"component","n.","B2"
"compose","v.","B2"
"composer","n.","B2"
"composition","n.","C1"
"compound","n.","B2"
"comprehensive","adj.","B2"
"comprise","v.","B2"
"compromise","n.","C1"
"compromise","v.","C1"
"compulsory","adj.","B2"
"compute","v.","C1"
"computer","n.","A1"
"conceal","v.","C1"
"concede","v.","C1"
"conceive","v.","C1"
"concentrate","v.","B1"
"concentration","n.","B2"
"concept","n.","B2"
"conception","n.","C1"
"concern","n.","B2"
"concern","v.","B2"
"concerned","adj.","B2"
"concert","n.","A1"
"concession","n.","C1"
"conclude","v.","B1"
"conclusion","n.","B1"
"concrete","adj.","B2"
"concrete","n.","B2"
"condemn","v.","C1"
"condition","n.","A2"
"conduct","n.","B2"
"conduct","v.","B2"
"confer","v.","C1"
"conference","n.","A2"
"confidence","n.","B2"
"confident","adj.","B1"
"confine","v.","C1"
"confirmation","n.","C1"
"confirm","v.","B1"
"conflict","n.","B2"
"conflict","v.","B2"
"confront","v.","C1"
"confrontation","n.","C1"
"confuse","v.","B1"
"confused","adj.","B1"
"confusing","adj.","B2"
"confusion","n.","B2"
"congratulate","v.","C1"
"congregation","n.","C1"
"congressional","adj.","C1"
"connect","v.","A2"
"connected","adj.","A2"
"connection","n.","B1"
"conquer","v.","C1"
"conscience","n.","C1"
"conscious","adj.","B2"
"consciousness","n.","C1"
"consecutive","adj.","C1"
"consensus","n.","C1"
"consent","n.","C1"
"consent","v.","C1"
"consequence","n.","B1"
"conservation","n.","B2"
"conservative","adj.","B2"
"conservative","n.","B2"
"conserve","v.","C1"
"consider","v.","A2"
"considerable","adj.","B2"
"considerably","adv.","B2"
"consideration","n.","B2"
"consist","v.","B1"
"consistency","n.","C1"
"consistent","adj.","B2"
"consistently","adv.","B2"
"consolidate","v.","C1"
"conspiracy","n.","B2"
"constant","adj.","B2"
"constantly","adv.","B2"
"constituency","n.","C1"
"constitute","v.","C1"
"constitution","n.","C1"
"constitutional","adj.","C1"
"construct","v.","B2"
"construction","n.","B2"
"constraint","n.","C1"
"consult","v.","B2"
"consultant","n.","B2"
"consultation","n.","C1"
"consume","v.","B1"
"consumer","n.","B1"
"consumption","n.","B2"
"contact","n.","B1"
"contact","v.","B1"
"contain","v.","A2"
"container","n.","B1"
"contemplate","v.","C1"
"contemporary","adj.","B2"
"contempt","n.","C1"
"contend","v.","C1"
"contender","n.","C1"
"content¹","n.","B1"
"content²","adj.","C1"
"contention","n.","C1"
"contest","n.","B2"
"contest","v.","B2"
"context","n.","A2"
"continent","n.","A2"
"continually","adv.","C1"
"continue","v.","A2"
"continuous","adj.","B1"
"contract","n.","B2"
"contract","v.","B2"
"contractor","n.","C1"
"contradiction","n.","C1"
"contrary","adj.","C1"
"contrary","n.","C1"
"contrast","n.","B1"
"contrast","v.","B1"
"contribute","v.","B2"
"contribution","n.","B2"
"contributor","n.","C1"
"control","n.","A2"
"control","v.","A2"
"controversial","adj.","B2"
"controversy","n.","B2"
"convenience","n.","B2"
"convenient","adj.","B1"
"convention","n.","B2"
"conventional","adj.","B2"
"conversation","n.","A1"
"conversion","n.","C1"
"convert","v.","B2"
"convince","v.","B1"
"convinced","adj.","B2"
"convincing","adj.","B2"
"cook","n.","A2"
"cook","v.","A1"
"cooker","n.","A2"
"cooking","n.","A1"
"cool","adj.","A1"
"cool","v.","B1"
"cop","n.","C1"
"cope","v.","B2"
"copper","n.","C1"
"copy","n.","A2"
"copy","v.","A2"
"copyright","n.","C1"
"core","adj.","B2"
"core","n.","B2"
"corner","n.","A2"
"corporate","adj.","B2"
"corporation","n.","B2"
"correct","adj.","A1"
"correct","v.","A1"
"correction","n.","C1"
"correctly","adv.","A2"
"correlate","v.","C1"
"correlation","n.","C1"
"correspond","v.","C1"
"correspondence","n.","C1"
"correspondent","n.","C1"
"corresponding","adj.","C1"
"corridor","n.","B2"
"corrupt","adj.","C1"
"corruption","n.","C1"
"cost","n.","A1"
"cost","v.","A1"
"costly","adj.","C1"
"costume","n.","B1"
"cottage","n.","B1"
"cotton","n.","B1"
"could","modal v.","A1"
"council","n.","B2"
"councillor","n.","C1"
"count","n.","B1"
"count","v.","A2"
"counter","(argue against) v.","C1"
"counter","(long flat surface) n.","B2"
"counterpart","n.","C1"
"countless","adj.","C1"
"country","n.","A1"
"countryside","n.","B1"
"county","n.","B2"
"coup","n.","C1"
"couple","n.","A2"
"courage","n.","B2"
"course","n.","A1"
"court","n.","B1"
"courtesy","n.","C1"
"cousin","n.","A1"
"cover","n.","B1"
"cover","v.","A2"
"coverage","n.","B2"
"covered","adj.","B1"
"cow","n.","A1"
"crack","n.","B2"
"crack","v.","B2"
"cracked","adj.","B2"
"craft","n.","B2"
"craft","v.","C1"
"crash","n.","B2"
"crash","v.","B2"
"crawl","v.","C1"
"crazy","adj.","A2"
"cream","adj.","B1"
"cream","n.","A1"
"create","v.","A1"
"creation","n.","B2"
"creative","adj.","A2"
"creativity","n.","B2"
"creator","n.","C1"
"creature","n.","B2"
"credibility","n.","C1"
"credible","adj.","C1"
"credit","n.","A2"
"credit","v.","B2"
"creep","v.","C1"
"crew","n.","B2"
"crime","n.","A2"
"criminal","adj.","B1"
"criminal","n.","A2"
"crisis","n.","B2"
"criterion","n.","B2"
"critic","n.","B2"
"critical","adj.","B2"
"critically","adv.","B2"
"criticism","n.","B2"
"criticize","v.","B2"
"critique","n.","C1"
"crop","n.","B2"
"cross","n.","A2"
"cross","v.","A2"
"crowd","n.","A2"
"crowded","adj.","A2"
"crown","n.","C1"
"crucial","adj.","B2"
"crude","adj.","C1"
"cruel","adj.","B1"
"cruise","n.","B2"
"cruise","v.","B2"
"crush","v.","C1"
"cry","n.","B2"
"cry","v.","A2"
"crystal","n.","C1"
"cue","n.","B2"
"cult","adj.","C1"
"cult","n.","C1"
"cultivate","v.","C1"
"cultural","adj.","B1"
"culture","n.","A1"
"cup","n.","A1"
"cupboard","n.","A2"
"curb","v.","B2"
"cure","n.","B2"
"cure","v.","B2"
"curiosity","n.","C1"
"curious","adj.","B2"
"curly","adj.","A2"
"currency","n.","B1"
"current","adj.","B1"
"current","n.","B2"
"currently","adv.","B1"
"curriculum","n.","B2"
"curtain","n.","B1"
"curve","n.","B2"
"curve","v.","B2"
"curved","adj.","B2"
"custody","n.","C1"
"custom","n.","B1"
"customer","n.","A1"
"cut","n.","B1"
"cut","v.","A1"
"cute","adj.","B2"
"cutting","n.","C1"
"cycle","n.","A2"
"cycle","v.","A2"
"cynical","adj.","C1"
"dad","n.","A1"
"daily","adj.","A2"
"daily","adv.","B1"
"dairy","adj.","B2"
"dairy","n.","B2"
"dam","n.","C1"
"damage","n.","B1"
"damage","v.","B1"
"damaging","adj.","C1"
"dance","n.","A1"
"dance","v.","A1"
"dancer","n.","A1"
"dancing","n.","A1"
"danger","n.","A2"
"dangerous","adj.","A1"
"dare","v.","B2"
"dark","adj.","A1"
"dark","n.","A2"
"darkness","n.","B2"
"data","n.","A2"
"database","n.","B2"
"date","n.","A1"
"date","v.","B2"
"daughter","n.","A1"
"dawn","n.","C1"
"day","n.","A1"
"dead","adj.","A2"
"deadline","n.","B2"
"deadly","adj.","B2"
"deal","n.","B1"
"deal","v.","A2"
"dealer","n.","B2"
"dear","adj.","A1"
"dear","exclam.","A2"
"death","n.","A2"
"debate","n.","B2"
"debate","v.","B2"
"debris","n.","C1"
"debt","n.","B2"
"debut","n.","C1"
"decade","n.","B1"
"December","n.","A1"
"decent","adj.","B2"
"decide","v.","A1"
"decision","n.","A2"
"decision-making","n.","C1"
"decisive","adj.","C1"
"deck","n.","B2"
"declaration","n.","C1"
"declare","v.","B2"
"decline","n.","B2"
"decline","v.","B2"
"decorate","v.","B1"
"decoration","n.","B2"
"decrease","n.","B2"
"decrease","v.","B2"
"dedicated","adj.","C1"
"dedication","n.","C1"
"deed","n.","C1"
"deem","v.","C1"
"deep","adj.","A2"
"deep","adv.","B1"
"deeply","adv.","B2"
"default","n.","C1"
"defeat","n.","B2"
"defeat","v.","B2"
"defect","n.","C1"
"defence","n.","B2"
"defend","v.","B2"
"defender","n.","B2"
"defensive","adj.","C1"
"deficiency","n.","C1"
"deficit","n.","C1"
"define","v.","B1"
"definite","adj.","B1"
"definitely","adv.","A2"
"definition","n.","B1"
"defy","v.","C1"
"degree","n.","A2"
"delay","n.","B2"
"delay","v.","B2"
"deliberate","adj.","B2"
"deliberately","adv.","B2"
"delicate","adj.","C1"
"delicious","adj.","A1"
"delight","n.","B2"
"delight","v.","B2"
"delighted","adj.","B2"
"deliver","v.","B1"
"delivery","n.","B2"
"demand","n.","B2"
"demand","v.","B2"
"democracy","n.","B2"
"democratic","adj.","B2"
"demon","n.","C1"
"demonstrate","v.","B2"
"demonstration","n.","B2"
"denial","n.","C1"
"denounce","v.","C1"
"dense","adj.","C1"
"density","n.","C1"
"dentist","n.","A2"
"deny","v.","B2"
"depart","v.","B2"
"department","n.","A2"
"departure","n.","B1"
"depend","v.","A2"
"dependence","n.","C1"
"dependent","adj.","B2"
"depict","v.","C1"
"deploy","v.","C1"
"deployment","n.","C1"
"deposit","n.","B2"
"deposit","v.","C1"
"depressed","adj.","B2"
"depressing","adj.","B2"
"depression","n.","B2"
"deprive","v.","C1"
"depth","n.","B2"
"deputy","n.","C1"
"derive","v.","B2"
"descend","v.","C1"
"descent","n.","C1"
"describe","v.","A1"
"description","n.","A1"
"desert","n.","A2"
"desert","v.","B2"
"deserve","v.","B2"
"design","n.","A1"
"design","v.","A1"
"designer","n.","A2"
"desirable","adj.","C1"
"desire","n.","B2"
"desire","v.","B2"
"desk","n.","A1"
"desktop","n.","C1"
"desperate","adj.","B2"
"desperately","adv.","B2"
"despite","prep.","B1"
"destination","n.","B1"
"destroy","v.","A2"
"destruction","n.","B2"
"destructive","adj.","C1"
"detail","n.","A1"
"detail","v.","B2"
"detailed","adj.","B2"
"detain","v.","C1"
"detect","v.","B2"
"detection","n.","C1"
"detective","n.","A2"
"detention","n.","C1"
"determine","v.","B1"
"determined","adj.","B1"
"deteriorate","v.","C1"
"determination","n.","B2"
"devastate","v.","C1"
"develop","v.","A2"
"development","n.","B1"
"device","n.","A2"
"devil","n.","C1"
"devise","v.","C1"
"devote","v.","B2"
"diagram","n.","B1"
"dialogue","n.","A1"
"diamond","n.","B1"
"diary","n.","A2"
"dictate","v.","C1"
"dictator","n.","C1"
"dictionary","n.","A1"
"die","v.","A1"
"diet","n.","A1"
"differ","v.","B2"
"difference","n.","A1"
"different","adj.","A1"
"differentiate","v.","C1"
"differently","adv.","A2"
"difficult","adj.","A1"
"difficulty","n.","B1"
"dig","v.","B2"
"digital","adj.","A2"
"dignity","n.","C1"
"dilemma","n.","C1"
"dimension","n.","C1"
"diminish","v.","C1"
"dinner","n.","A1"
"dip","v.","C1"
"diplomat","n.","C1"
"diplomatic","n.","C1"
"direct","adj.","A2"
"direct","adv.","B1"
"direct","v.","B1"
"direction","n.","A2"
"directly","adv.","B1"
"director","n.","A2"
"directory","n.","C1"
"dirt","n.","B1"
"dirty","adj.","A1"
"disability","n.","B2"
"disabled","adj.","B2"
"disadvantage","n.","B1"
"disagree","v.","A2"
"disagreement","n.","B2"
"disappear","v.","A2"
"disappoint","v.","B2"
"disappointed","adj.","B1"
"disappointing","adj.","B1"
"disappointment","n.","B2"
"disaster","n.","A2"
"disc","n.","B2"
"discard","v.","C1"
"discharge","v.","C1"
"discipline","n.","B2"
"disclose","v.","C1"
"disclosure","n.","C1"
"discount","n.","B1"
"discount","v.","B2"
"discourage","v.","B2"
"discourse","n.","C1"
"discover","v.","A2"
"discovery","n.","A2"
"discuss","v.","A1"
"discussion","n.","A2"
"disease","n.","A2"
"disgust","n.","B2"
"disgusted","adj.","B2"
"disgusting","adj.","B2"
"dish","n.","A1"
"dishonest","adj.","B2"
"disk","n.","B2"
"dislike","n.","B1"
"dislike","v.","B1"
"dismiss","v.","B2"
"dismissal","n.","C1"
"disorder","n.","B2"
"display","n.","B2"
"display","v.","B2"
"displace","v.","C1"
"disposal","n.","C1"
"dispose","v.","C1"
"dispute","n.","C1"
"dispute","v.","C1"
"disrupt","v.","C1"
"disruption","n.","C1"
"dissolve","v.","C1"
"distance","n.","A2"
"distant","adj.","B2"
"distinct","adj.","B2"
"distinction","n.","C1"
"distinctive","adj.","C1"
"distinguish","v.","B2"
"distort","v.","C1"
"distract","v.","B2"
"distress","n.","C1"
"distress","v.","C1"
"distribute","v.","B2"
"distribution","n.","B2"
"district","n.","B2"
"disturb","v.","B2"
"disturbing","adj.","C1"
"dive","n.","B2"
"dive","v.","B2"
"diverse","adj.","B2"
"diversity","n.","B2"
"divert","v.","C1"
"divide","n.","B2"
"divide","v.","B1"
"divine","adj.","C1"
"division","n.","B2"
"divorce","n.","B2"
"divorce","v.","B2"
"divorced","adj.","A2"
"do","auxiliary v.","A1"
"do","v.","A1"
"doctor","n.","A1"
"doctrine","n.","C1"
"document","n.","A2"
"document","v.","B2"
"documentation","n.","C1"
"documentary","n.","B1"
"dog","n.","A1"
"dollar","n.","A1"
"domain","n.","C1"
"domestic","adj.","B2"
"dominance","n.","C1"
"dominant","adj.","B2"
"dominate","v.","B2"
"donate","v.","B1"
"donation","n.","B2"
"donor","n.","C1"
"door","n.","A1"
"dose","n.","C1"
"dot","n.","B2"
"double","adj.","A2"
"double","adv.","B1"
"double","det.","A2"
"double","pron.","A2"
"double","v.","A2"
"doubt","n.","B1"
"doubt","v.","B1"
"down","adv.","A1"
"down","prep.","A1"
"download","n.","A2"
"download","v.","A2"
"downstairs","adj.","A2"
"downstairs","adv.","A1"
"downtown","adj.","B2"
"downtown","adv.","B2"
"downtown","n.","B2"
"downwards","adv.","B2"
"dozen","det.","B2"
"dozen","n.","B2"
"draft","n.","B2"
"draft","v.","B2"
"drag","v.","B2"
"drain","v.","C1"
"drama","n.","A2"
"dramatic","adj.","B2"
"dramatically","adv.","B2"
"draw","v.","A1"
"drawing","n.","A2"
"dream","n.","A2"
"dream","v.","A2"
"dress","n.","A1"
"dress","v.","A1"
"dressed","adj.","B1"
"drift","v.","C1"
"drink","n.","A1"
"drink","v.","A1"
"drive","n.","A2"
"drive","v.","A1"
"driver","n.","A1"
"driving","n.","A2"
"driving","adj.","C1"
"drop","n.","B1"
"drop","v.","A2"
"drought","n.","B2"
"drown","v.","C1"
"drug","n.","A2"
"drum","n.","B1"
"drunk","adj.","B1"
"dry","adj.","A2"
"dry","v.","A2"
"dual","adj.","C1"
"dub","v.","C1"
"due","adj.","B1"
"dull","adj.","B2"
"dumb","adj.","C1"
"dump","v.","B2"
"duo","n.","C1"
"during","prep.","A1"
"duration","n.","B2"
"dust","n.","B1"
"duty","n.","B1"
"DVD","n.","A1"
"dynamic","adj.","B2"
"dynamic","n.","C1"
"each","adv.","A1"
"each","det.","A1"
"each","pron.","A1"
"eager","adj.","C1"
"ear","n.","A1"
"early","adj.","A1"
"early","adv.","A1"
"earn","v.","A2"
"earnings","n.","C1"
"earth","n.","A2"
"earthquake","n.","B1"
"ease","n.","C1"
"ease","v.","C1"
"easily","adv.","A2"
"east","adj.","A1"
"east","adv.","A1"
"east","n.","A1"
"eastern","adj.","B1"
"easy","adj.","A1"
"eat","v.","A1"
"echo","n.","C1"
"echo","v.","C1"
"ecological","adj.","C1"
"economic","adj.","B1"
"economics","n.","B2"
"economist","n.","B2"
"economy","n.","B1"
"edge","n.","B1"
"edit","v.","B2"
"edition","n.","B2"
"editor","n.","B1"
"editorial","adj.","B2"
"educate","v.","B1"
"educated","adj.","B1"
"education","n.","A2"
"educational","adj.","B1"
"educator","n.","C1"
"effect","n.","A2"
"effective","adj.","B1"
"effectiveness","n.","C1"
"effectively","adv.","B1"
"efficiency","n.","C1"
"efficient","adj.","B2"
"efficiently","adv.","B2"
"effort","n.","B1"
"egg","n.","A1"
"ego","n.","C1"
"eight","number","A1"
"eighteen","number","A1"
"eighty","number","A1"
"either","adv.","A2"
"either","det./pron.","A2"
"elaborate","adj.","C1"
"elbow","n.","B2"
"elderly","adj.","B2"
"elect","v.","B2"
"election","n.","B1"
"electoral","adj.","C1"
"electric","adj.","A2"
"electrical","adj.","A2"
"electricity","n.","A2"
"electronic","adj.","A2"
"electronics","n.","B2"
"elegant","adj.","B2"
"element","n.","B1"
"elementary","adj.","B2"
"elephant","n.","A1"
"elevate","v.","C1"
"eleven","number","A1"
"eligible","adj.","C1"
"eliminate","v.","B2"
"elite","n.","C1"
"else","adv.","A1"
"elsewhere","adv.","B2"
"email","n.","A1"
"email","v.","A1"
"embark","v.","C1"
"embarrassed","adj.","B1"
"embarrassing","adj.","B1"
"embarrassment","n.","C1"
"embassy","n.","C1"
"embed","v.","C1"
"embody","v.","C1"
"embrace","v.","B2"
"emerge","v.","B2"
"emergence","n.","C1"
"emergency","n.","B1"
"emission","n.","B2"
"emotion","n.","B1"
"emotional","adj.","B2"
"emotionally","adv.","B2"
"empire","n.","B2"
"empirical","adj.","C1"
"emphasis","n.","B2"
"emphasize","v.","B2"
"employ","v.","A2"
"employee","n.","A2"
"employer","n.","A2"
"employment","n.","B1"
"empower","v.","C1"
"empty","adj.","A2"
"empty","v.","B1"
"enable","v.","B2"
"enact","v.","C1"
"encounter","n.","B2"
"encounter","v.","B2"
"encourage","v.","B1"
"encouragement","n.","C1"
"encouraging","adj.","C1"
"end","n.","A1"
"end","v.","A1"
"endeavour","n.","C1"
"ending","n.","A2"
"endless","adj.","C1"
"endorse","v.","C1"
"endorsement","n.","C1"
"endure","v.","C1"
"enemy","n.","B1"
"energy","n.","A2"
"enforce","v.","C1"
"enforcement","n.","C1"
"engage","v.","B2"
"engaged","adj.","B1"
"engagement","n.","C1"
"engaging","adj.","C1"
"engine","n.","A2"
"engineer","n.","A2"
"engineering","n.","B1"
"enhance","v.","B2"
"enjoy","v.","A1"
"enjoyable","adj.","B2"
"enormous","adj.","A2"
"enough","adv.","A1"
"enough","det.","A1"
"enough","pron.","A1"
"enquire","v.","C1"
"enquiry","n.","B2"
"enrol","v.","C1"
"ensure","v.","B2"
"ensue","v.","C1"
"enter","v.","A2"
"enterprise","n.","C1"
"entertain","v.","B1"
"entertaining","adj.","B2"
"entertainment","n.","B1"
"enthusiasm","n.","B2"
"enthusiast","n.","C1"
"enthusiastic","adj.","B2"
"entire","adj.","B2"
"entirely","adv.","B2"
"entitle","v.","C1"
"entity","n.","C1"
"entrance","n.","B1"
"entrepreneur","n.","B2"
"entry","n.","B1"
"envelope","n.","B2"
"environment","n.","A2"
"environmental","adj.","B1"
"epidemic","n.","C1"
"episode","n.","B1"
"equal","adj.","B1"
"equal","n.","B2"
"equal","v.","B1"
"equality","n.","C1"
"equally","adv.","B1"
"equip","v.","B2"
"equipment","n.","A2"
"equivalent","adj.","B2"
"equivalent","n.","B2"
"era","n.","B2"
"erect","v.","C1"
"error","n.","A2"
"erupt","v.","B2"
"escalate","v.","C1"
"escape","n.","B1"
"escape","v.","B1"
"especially","adv.","A2"
"essay","n.","A2"
"essence","n.","C1"
"essential","adj.","B1"
"essentially","adv.","B2"
"establish","v.","B2"
"establishment","n.","C1"
"estate","n.","B2"
"estimate","n.","B2"
"estimate","v.","B2"
"eternal","adj.","C1"
"ethic","n.","B2"
"ethical","adj.","B2"
"ethnic","adj.","B2"
"euro","n.","A1"
"evacuate","v.","C1"
"evaluate","v.","B2"
"evaluation","n.","B2"
"even","adj.","B2"
"even","adv.","A1"
"evening","n.","A1"
"event","n.","A1"
"eventually","adv.","B1"
"ever","adv.","A1"
"every","det.","A1"
"everybody","pron.","A1"
"everyday","adj.","A2"
"everyone","pron.","A1"
"everything","pron.","A1"
"everywhere","adv.","A2"
"evidence","n.","A2"
"evident","adj.","B2"
"evil","adj.","B2"
"evil","n.","B2"
"evoke","v.","C1"
"evolution","n.","B2"
"evolutionary","adj.","C1"
"evolve","v.","B2"
"exact","adj.","A2"
"exactly","adv.","A2"
"exaggerate","v.","C1"
"exam","n.","A1"
"examination","n.","B2"
"examine","v.","B1"
"example","n.","A1"
"exceed","v.","B2"
"excellence","n.","C1"
"excellent","adj.","A2"
"except","conj.","B1"
"except","prep.","A2"
"exception","n.","B2"
"exceptional","adj.","C1"
"excess","adj.","C1"
"excess","n.","C1"
"excessive","adj.","B2"
"exchange","n.","B1"
"exchange","v.","B1"
"excited","adj.","A1"
"excitement","n.","B1"
"exciting","adj.","A1"
"exclude","v.","B2"
"exclusion","n.","C1"
"exclusive","adj.","C1"
"exclusively","adv.","C1"
"excuse","n.","B2"
"excuse","v.","B2"
"execute","v.","C1"
"execution","n.","C1"
"executive","adj.","B2"
"executive","n.","B2"
"exercise","n.","A1"
"exercise","v.","A1"
"exert","v.","C1"
"exhibit","n.","B2"
"exhibit","v.","B2"
"exhibition","n.","B1"
"exile","n.","C1"
"exist","v.","A2"
"existence","n.","B2"
"exit","n.","B2"
"exit","v.","C1"
"exotic","adj.","B2"
"expand","v.","B1"
"expansion","n.","B2"
"expect","v.","A2"
"expectation","n.","B2"
"expected","adj.","B1"
"expedition","n.","B1"
"expenditure","n.","C1"
"expense","n.","B2"
"expensive","adj.","A1"
"experience","n.","A2"
"experience","v.","B1"
"experienced","adj.","B1"
"experiment","n.","A2"
"experiment","v.","B1"
"experimental","adj.","C1"
"expert","adj.","A2"
"expert","n.","A2"
"expertise","n.","B2"
"expire","v.","C1"
"explain","v.","A1"
"explanation","n.","A2"
"explicit","adj.","C1"
"explicitly","adv.","C1"
"explode","v.","B1"
"exploit","v.","B2"
"exploitation","n.","C1"
"exploration","n.","B2"
"explore","v.","B1"
"explosion","n.","B1"
"explosive","adj.","C1"
"explosive","n.","C1"
"export","n.","B1"
"export","v.","B1"
"expose","v.","B2"
"exposure","n.","B2"
"express","v.","A2"
"expression","n.","A2"
"extend","v.","B2"
"extension","n.","B2"
"extensive","adj.","B2"
"extensively","adv.","B2"
"extent","n.","B2"
"external","adj.","B2"
"extra","adj.","A1"
"extra","adv.","B1"
"extra","n.","B1"
"extract","n.","B2"
"extract","v.","C1"
"extraordinary","adj.","B2"
"extreme","adj.","A2"
"extreme","n.","B2"
"extremely","adv.","A2"
"extremist","n.","C1"
"eye","n.","A1"
"fabric","n.","B2"
"fabulous","adj.","B2"
"face","n.","A1"
"face","v.","B1"
"facilitate","v.","C1"
"facility","n.","B2"
"fact","n.","A1"
"faction","n.","C1"
"factor","n.","A2"
"factory","n.","A2"
"faculty","n.","C1"
"fade","v.","C1"
"fail","v.","A2"
"failed","adj.","B2"
"failure","n.","B2"
"fair","adj.","A2"
"fairly","adv.","B1"
"fairness","n.","C1"
"faith","n.","B2"
"fall","n.","A2"
"fall","v.","A1"
"false","adj.","A1"
"fame","n.","B2"
"familiar","adj.","B1"
"family","adj.","A1"
"family","n.","A1"
"famous","adj.","A1"
"fan","n.","A2"
"fancy","adj.","B1"
"fancy","v.","B1"
"fantastic","adj.","A1"
"fantasy","n.","B2"
"far","adj.","B1"
"far","adv.","A1"
"fare","n.","B2"
"farm","n.","A1"
"farm","v.","A2"
"farmer","n.","A1"
"farming","n.","A2"
"fascinating","adj.","B1"
"fashion","n.","A2"
"fashionable","adj.","B1"
"fast","adj.","A1"
"fast","adv.","A1"
"fasten","v.","B1"
"fat","adj.","A1"
"fat","n.","A2"
"fatal","adj.","C1"
"fate","n.","C1"
"father","n.","A1"
"fault","n.","B2"
"favour","n.","B1"
"favour","v.","B2"
"favourable","adj.","C1"
"favourite","adj.","A1"
"favourite","n.","A1"
"fear","n.","A2"
"fear","v.","B1"
"feat","n.","C1"
"feather","n.","B2"
"feature","n.","A2"
"feature","v.","B1"
"February","n.","A1"
"federal","adj.","B2"
"fee","n.","B2"
"feed","n.","B2"
"feed","v.","A2"
"feedback","n.","B2"
"feel","n.","B2"
"feel","v.","A1"
"feeling","n.","A1"
"fellow","adj.","B2"
"female","adj.","A2"
"female","n.","A2"
"feminist","adj.","C1"
"feminist","n.","C1"
"fence","n.","B1"
"festival","n.","A1"
"fever","n.","B2"
"few","det./adj.","A1"
"few","pron.","A1"
"fibre","n.","C1"
"fiction","n.","A2"
"field","n.","A2"
"fierce","adj.","C1"
"fifteen","number","A1"
"fifth","number","A1"
"fifty","number","A1"
"fight","n.","A2"
"fight","v.","A2"
"fighting","n.","B1"
"figure","n.","A2"
"figure","v.","B2"
"file","n.","B1"
"file","v.","B2"
"fill","v.","A1"
"film","n.","A1"
"film","v.","A2"
"film-maker","n.","C1"
"final","adj.","A1"
"final","n.","A2"
"finally","adv.","A2"
"finance","n.","B2"
"finance","v.","B2"
"financial","adj.","B1"
"find","v.","A1"
"finding","n.","B2"
"fine","adj.","A1"
"fine","n.","C1"
"fine","v.","C1"
"finger","n.","A2"
"finish","n.","A2"
"finish","v.","A1"
"fire","n.","A1"
"fire","v.","B1"
"firearm","n.","C1"
"firefighter","n.","B2"
"firm","adj.","B2"
"firm","n.","B2"
"firmly","adv.","B2"
"first","adv.","A1"
"first","det./number","A1"
"first","n.","A2"
"firstly","adv.","A2"
"fish","n.","A1"
"fish","v.","A2"
"fishing","n.","A2"
"fit","adj.","A2"
"fit","n.","C1"
"fit","v.","A2"
"fitness","n.","B1"
"five","number","A1"
"fix","n.","B2"
"fix","v.","A2"
"fixed","adj.","B1"
"fixture","n.","C1"
"flag","n.","B1"
"flame","n.","B2"
"flash","n.","B2"
"flash","v.","B2"
"flat","adj.","A2"
"flat","n.","A1"
"flavour","n.","B2"
"flaw","n.","C1"
"flawed","adj.","C1"
"flee","v.","C1"
"fleet","n.","C1"
"flesh","n.","C1"
"flexibility","n.","C1"
"flexible","adj.","B2"
"flight","n.","A1"
"float","v.","B2"
"flood","n.","B1"
"flood","v.","B1"
"floor","n.","A1"
"flour","n.","B1"
"flourish","v.","C1"
"flow","n.","B1"
"flow","v.","B1"
"flower","n.","A1"
"flu","n.","A2"
"fluid","n.","C1"
"fly","n.","A2"
"fly","v.","A1"
"flying","adj.","A2"
"flying","n.","A2"
"focus","n.","A2"
"focus","v.","A2"
"fold","n.","B2"
"fold","v.","B1"
"folding","adj.","B2"
"folk","adj.","B1"
"folk","n.","B1"
"follow","v.","A1"
"following","adj.","A2"
"following","n.","B1"
"following","prep.","B2"
"fond","adj.","B2"
"food","n.","A1"
"fool","n.","B2"
"foot","n.","A1"
"football","n.","A1"
"footage","n.","C1"
"for","prep.","A1"
"forbid","v.","B2"
"force","n.","B1"
"force","v.","B1"
"forecast","n.","B2"
"forecast","v.","B2"
"foreign","adj.","A2"
"foreigner","n.","C1"
"forest","n.","A2"
"forever","adv.","B1"
"forget","v.","A1"
"forge","v.","C1"
"forgive","v.","B2"
"fork","n.","A2"
"form","n.","A1"
"form","v.","A1"
"formal","adj.","A2"
"formation","n.","B2"
"formerly","adv.","B2"
"formula","n.","C1"
"formulate","v.","C1"
"fortnight","n.","B2"
"fortunate","adj.","B2"
"fortunately","adv.","A2"
"fortune","n.","B2"
"forty","number","A1"
"forum","n.","B2"
"forward","adj.","B2"
"forward","adv.","A2"
"fossil","n.","B2"
"foster","v.","C1"
"found","v.","B2"
"foundation","n.","B2"
"founder","n.","B2"
"four","number","A1"
"fourteen","number","A1"
"fourth","number","A1"
"fraction","n.","B2"
"fragile","adj.","C1"
"fragment","n.","B2"
"frame","n.","B1"
"frame","v.","B1"
"framework","n.","B2"
"franchise","n.","C1"
"frankly","adv.","C1"
"fraud","n.","B2"
"free","adj.","A1"
"free","adv.","A2"
"free","v.","B2"
"freedom","n.","B2"
"freely","adv.","B2"
"freeze","v.","B1"
"frequent","adj.","B2"
"frequently","adv.","B1"
"fresh","adj.","A2"
"Friday","n.","A1"
"fridge","n.","A2"
"friend","n.","A1"
"friendly","adj.","A1"
"friendship","n.","B1"
"frighten","v.","B1"
"frightened","adj.","B1"
"frightening","adj.","B1"
"frog","n.","A2"
"from","prep.","A1"
"front","adj.","A1"
"front","n.","A1"
"frozen","adj.","B1"
"fruit","n.","A1"
"frustrated","adj.","C1"
"frustrating","adj.","C1"
"frustration","n.","C1"
"fry","v.","B1"
"fuel","n.","B1"
"fuel","v.","B2"
"fulfil","v.","B2"
"full","adj.","A1"
"full-time","adj./adv.","B2"
"fully","adv.","B2"
"fun","adj.","A2"
"fun","n.","A1"
"function","n.","B1"
"function","v.","B2"
"functional","adj.","C1"
"fund","n.","B2"
"fund","v.","B2"
"fundamental","adj.","B2"
"fundamentally","adv.","B2"
"funding","n.","B2"
"fundraising","n.","C1"
"funeral","n.","C1"
"funny","adj.","A1"
"fur","n.","B1"
"furious","adj.","B2"
"furniture","n.","A2"
"further","adj.","A2"
"further","adv.","B1"
"furthermore","adv.","B2"
"future","adj.","A2"
"future","n.","A1"
"gain","n.","B2"
"gain","v.","B2"
"gallon","n.","C1"
"gambling","n.","C1"
"game","n.","A1"
"gaming","n.","B2"
"gang","n.","B2"
"gap","n.","A2"
"garage","n.","B1"
"garden","n.","A1"
"gas","n.","A2"
"gate","n.","A2"
"gather","v.","B1"
"gathering","n.","C1"
"gay","adj.","B2"
"gaze","n.","C1"
"gaze","v.","C1"
"gear","n.","C1"
"gender","n.","B2"
"gene","n.","B2"
"general","adj.","A2"
"generally","adv.","B1"
"generate","v.","B2"
"generation","n.","B1"
"generic","adj.","C1"
"generous","adj.","B1"
"genetic","adj.","B2"
"genius","n.","B2"
"genocide","n.","C1"
"genre","n.","B2"
"gentle","adj.","B1"
"gentleman","n.","B1"
"genuine","adj.","B2"
"genuinely","adv.","B2"
"geography","n.","A1"
"gesture","n.","B2"
"get","v.","A1"
"ghost","n.","B1"
"giant","adj.","B1"
"giant","n.","B1"
"gift","n.","A2"
"gig","n.","B2"
"girl","n.","A1"
"girlfriend","n.","A1"
"give","v.","A1"
"glad","adj.","B1"
"glance","n.","C1"
"glance","v.","C1"
"glass","n.","A1"
"glimpse","n.","C1"
"global","adj.","B1"
"globalization","n.","B2"
"globe","n.","B2"
"glorious","adj.","C1"
"glory","n.","C1"
"glove","n.","B1"
"go","n.","B1"
"go","v.","A1"
"goal","n.","A2"
"god","n.","A2"
"gold","adj.","A2"
"gold","n.","A2"
"golden","adj.","B2"
"golf","n.","A2"
"good","adj.","A1"
"good","n.","A2"
"goodbye","exclam./n.","A1"
"goodness","n.","B2"
"goods","n.","B1"
"gorgeous","adj.","B2"
"governance","n.","C1"
"govern","v.","B2"
"government","n.","A2"
"governor","n.","B2"
"grab","v.","B2"
"grace","n.","C1"
"grade","n.","B1"
"grade","v.","B2"
"gradually","adv.","B2"
"graduate","n.","B1"
"graduate","v.","B1"
"grain","n.","B1"
"grand","adj.","B2"
"grandfather","n.","A1"
"grandmother","n.","A1"
"grandparent","n.","A1"
"grant","n.","B2"
"grant","v.","B2"
"grass","n.","A2"
"grateful","adj.","B1"
"grave","(for dead person) n.","C1"
"grave","(serious) adj.","C1"
"gravity","n.","C1"
"great","adj.","A1"
"greatly","adv.","B2"
"green","adj.","A1"
"green","n.","A1"
"greenhouse","n.","B2"
"greet","v.","A2"
"grey","adj.","A1"
"grey","n.","A1"
"grid","n.","C1"
"grief","n.","C1"
"grin","n.","C1"
"grin","v.","C1"
"grind","v.","C1"
"grip","n.","C1"
"grip","v.","C1"
"grocery","n.","B2"
"gross","adj.","C1"
"ground","n.","A2"
"group","n.","A1"
"grow","v.","A1"
"growth","n.","B1"
"guarantee","n.","B2"
"guarantee","v.","B2"
"guard","n.","B1"
"guard","v.","B1"
"guerrilla","n.","C1"
"guess","n.","A1"
"guess","v.","A1"
"guest","n.","A2"
"guidance","n.","C1"
"guide","n.","A2"
"guide","v.","A2"
"guideline","n.","B2"
"guilt","n.","C1"
"guilty","adj.","B1"
"guitar","n.","A1"
"gun","n.","A2"
"gut","n.","C1"
"guy","n.","A2"
"gym","n.","A1"
"habit","n.","A2"
"habitat","n.","B2"
"hail","v.","C1"
"hair","n.","A1"
"half","adv.","A2"
"half","det./pron.","A1"
"half","n.","A1"
"halfway","adv.","C1"
"hall","n.","A2"
"halt","n.","C1"
"halt","v.","C1"
"hand","n.","A1"
"hand","v.","B1"
"handful","n.","C1"
"handle","n.","B2"
"handle","v.","B2"
"handling","n.","C1"
"handy","adj.","C1"
"hang","v.","B1"
"happen","v.","A1"
"happily","adv.","A2"
"happiness","n.","B1"
"happy","adj.","A1"
"harassment","n.","C1"
"harbour","n.","B2"
"hard","adj.","A1"
"hard","adv.","A1"
"hardly","adv.","B1"
"hardware","n.","C1"
"harm","n.","B2"
"harm","v.","B2"
"harmful","adj.","B2"
"harmony","n.","C1"
"harsh","adj.","C1"
"harvest","n.","C1"
"harvest","v.","C1"
"hat","n.","A1"
"hate","n.","B1"
"hate","v.","A1"
"hatred","n,","C1"
"haunt","v.","C1"
"have","auxiliary v.","A2"
"have","v.","A1"
"have to","modal v.","A1"
"hazard","n.","C1"
"he","pron.","A1"
"head","n.","A1"
"head","v.","B1"
"headache","n.","A2"
"headline","n.","B1"
"headquarters","n.","B2"
"heal","v.","B2"
"health","n.","A1"
"healthcare","n.","B2"
"healthy","adj.","A1"
"hear","v.","A1"
"hearing","n.","B2"
"heart","n.","A2"
"heat","n.","A2"
"heat","v.","A2"
"heating","n.","B1"
"heaven","n.","B2"
"heavily","adv.","B1"
"heavy","adj.","A2"
"heel","n.","B2"
"height","n.","A2"
"heighten","v.","C1"
"helicopter","n.","B1"
"hell","n.","B2"
"hello","exclam./n.","A1"
"helmet","n.","B2"
"help","n.","A1"
"help","v.","A1"
"helpful","adj.","A2"
"hence","adv.","Β2"
"her","det.","A1"
"her","pron.","A1"
"herb","n.","B2"
"here","adv.","A1"
"heritage","n.","C1"
"hero","n.","A2"
"hers","pron.","A2"
"herself","pron.","A2"
"hesitate","v.","B2"
"hey","exclam.","A1"
"hi","exclam.","A1"
"hidden","adj.","B2"
"hide","v.","A2"
"high","adj.","A1"
"high","adv.","A2"
"high","n.","B2"
"highlight","n.","B1"
"highlight","v.","B1"
"highly","adv.","B1"
"high-profile","adj.","C1"
"highway","n.","B2"
"hilarious","adj.","B2"
"hill","n.","A2"
"him","pron.","A1"
"himself","pron.","A2"
"hint","n.","C1"
"hint","v.","C1"
"hip","n.","B2"
"hire","n.","B2"
"hire","v.","B1"
"his","det.","A1"
"his","pron.","A2"
"historian","n.","B2"
"historic","adj.","B1"
"historical","adj.","B1"
"history","n.","A1"
"hit","n.","A2"
"hit","v.","A2"
"hobby","n.","A1"
"hockey","n.","A2"
"hold","n.","B2"
"hold","v.","A2"
"hole","n.","A2"
"holiday","n.","A1"
"hollow","adj.","B2"
"holy","adj.","B2"
"home","adj.","A2"
"home","adv.","A1"
"home","n.","A1"
"homeland","n.","C1"
"homeless","adj.","B2"
"homework","n.","A1"
"honest","adj.","B1"
"honesty","n.","B2"
"honour","n.","B2"
"honour","v.","B2"
"hook","n.","C1"
"hook","v.","B2"
"hope","n.","A2"
"hope","v.","A1"
"hopeful","adj.","C1"
"hopefully","adv.","B2"
"horizon","n.","C1"
"horn","n.","C1"
"horrible","adj.","B1"
"horror","n.","B1"
"horse","n.","A1"
"hospital","n.","A1"
"host","n.","B1"
"host","v.","B2"
"hostage","n.","C1"
"hostile","adj.","C1"
"hostility","n.","C1"
"hot","adj.","A1"
"hotel","n.","A1"
"hour","n.","A1"
"house","n.","A1"
"house","v.","B2"
"household","n.","B2"
"housing","n.","B2"
"how","adv.","A1"
"however","adv.","A1"
"huge","adj.","A2"
"human","adj.","A2"
"human","n.","A2"
"humanitarian","adj.","C1"
"humanity","n.","C1"
"humble","adj.","C1"
"humorous","adj.","B2"
"humour","n.","B2"
"hundred","number","A1"
"hunger","n.","B2"
"hungry","adj.","A1"
"hunt","n.","B2"
"hunt","v.","B1"
"hunting","n.","B2"
"hurricane","n.","B1"
"hurry","n.","B1"
"hurry","v.","B1"
"hurt","adj.","A2"
"hurt","n.","B2"
"hurt","v.","A2"
"husband","n.","A1"
"hydrogen","n.","C1"
"I","pron.","A1"
"ice","n.","A1"
"ice cream","n.","A1"
"icon","n.","B2"
"ID","n.","B2"
"idea","n.","A1"
"ideal","adj.","A2"
"ideal","n.","B2"
"identical","adj.","B2"
"identification","n.","C1"
"identify","v.","A2"
"identity","n.","B1"
"ideological","adj.","C1"
"ideology","n.","C1"
"idiot","n.","C1"
"if","conj.","A1"
"ignorance","n.","C1"
"ignore","v.","B1"
"ill","adj.","A2"
"illegal","adj.","B1"
"illness","n.","A2"
"illustrate","v.","B2"
"illustration","n.","B2"
"image","n.","A2"
"imagery","n.","C1"
"imaginary","adj.","B1"
"imagination","n.","B2"
"imagine","v.","A1"
"immediate","adj.","B1"
"immediately","adv.","A2"
"immense","adj.","C1"
"immigrant","n.","B1"
"immigration","n.","B2"
"imminent","adj.","C1"
"immune","adj.","B2"
"impact","n.","B1"
"impact","v.","B1"
"impatient","adj.","B2"
"implication","n.","B2"
"imply","v.","B2"
"import","n.","B1"
"import","v.","B1"
"importance","n.","B1"
"important","adj.","A1"
"impose","v.","B2"
"impossible","adj.","A2"
"impress","v.","B2"
"impressed","adj.","B2"
"impression","n.","B1"
"impressive","adj.","B1"
"imprison","v.","C1"
"imprisonment","n.","C1"
"improve","v.","A1"
"improvement","n.","B1"
"in","adv.","A1"
"in","prep.","A1"
"inability","n.","C1"
"inadequate","adj.","C1"
"inappropriate","adj.","C1"
"incentive","n.","B2"
"inch","n.","B2"
"incidence","n.","C1"
"incident","n.","B2"
"inclined","adj.","C1"
"include","v.","A1"
"included","adj.","A2"
"including","prep.","A2"
"inclusion","n.","C1"
"income","n.","B2"
"incorporate","v.","B2"
"incorrect","adj.","B2"
"increase","n.","A2"
"increase","v.","A2"
"increasingly","adv.","B2"
"incredible","adj.","A2"
"incredibly","adv.","B1"
"incur","v.","C1"
"indeed","adv.","B1"
"independence","n.","B2"
"independent","adj.","A2"
"index","n.","B2"
"indicate","v.","B1"
"indication","n.","B2"
"indicator","n.","C1"
"indictment","n.","C1"
"indirect","adj.","B1"
"indigenous","adj.","C1"
"individual","adj.","A2"
"individual","n.","A2"
"induce","v.","C1"
"indulge","v.","C1"
"industrial","adj.","B2"
"industry","n.","A2"
"inequality","n.","C1"
"inevitable","adj.","B2"
"inevitably","adv.","B2"
"infamous","adj.","C1"
"infant","n.","C1"
"infect","v.","C1"
"infection","n.","B2"
"infer","v.","B2"
"inflation","n.","B2"
"inflict","v.","C1"
"influence","n.","B1"
"influence","v.","B1"
"influential","adj.","C1"
"info","n.","B2"
"inform","v.","B2"
"informal","adj.","A2"
"information","n.","A1"
"infrastructure","n.","B2"
"ingredient","n.","B1"
"inhabitant","n.","B2"
"inherent","adj.","C1"
"inherit","v.","B2"
"inhibit","v.","C1"
"initial","adj.","B2"
"initially","adv.","B2"
"initiate","v.","C1"
"initiative","n.","B2"
"injure","v.","B1"
"injured","adj.","B1"
"injury","n.","A2"
"injustice","n.","C1"
"ink","n.","B2"
"inmate","n.","C1"
"inner","adj.","B2"
"innocent","adj.","B1"
"innovation","n.","B2"
"innovative","adj.","B2"
"input","n.","B2"
"inquire","v.","B2"
"inquiry","n.","B2"
"insect","n.","A2"
"insert","v.","B2"
"insertion","n.","C1"
"inside","adj.","A2"
"inside","adv.","A2"
"inside","n.","A2"
"inside","prep.","A2"
"insider","n.","C1"
"insight","n.","B2"
"insist","v.","B2"
"inspect","v.","C1"
"inspection","n.","C1"
"inspector","n.","B2"
"inspire","v.","B2"
"inspiration","n.","C1"
"install","v.","B2"
"installation","n.","B2"
"instance","n.","B2"
"instant","adj.","B2"
"instantly","adv.","B2"
"instead","adv.","A2"
"instinct","n.","C1"
"institute","n.","B2"
"institution","n.","B2"
"institutional","adj.","C1"
"instruct","v.","C1"
"instruction","n.","A2"
"instructor","n.","A2"
"instrument","n.","A2"
"instrumental","adj.","C1"
"insufficient","adj.","C1"
"insult","n.","C1"
"insult","v.","C1"
"insurance","n.","B2"
"intact","adj.","C1"
"intake","n.","C1"
"integral","adj.","C1"
"integrate","v.","B2"
"integrated","adj.","C1"
"integration","n.","C1"
"integrity","n.","C1"
"intellectual","adj.","B2"
"intellectual","n.","C1"
"intelligence","n.","B1"
"intelligent","adj.","A2"
"intend","v.","B1"
"intended","adj.","B2"
"intense","adj.","B2"
"intensify","v.","C1"
"intensity","n.","C1"
"intensive","adj.","C1"
"intent","n.","C1"
"intention","n.","B1"
"interact","v.","B2"
"interaction","n.","B2"
"interactive","adj.","C1"
"interest","n.","A1"
"interest","v.","A1"
"interested","adj.","A1"
"interesting","adj.","A1"
"interfere","v.","C1"
"interference","n.","C1"
"interim","adj.","C1"
"interior","adj.","C1"
"interior","n.","C1"
"internal","adj.","B2"
"international","adj.","A2"
"internet","n.","A1"
"interpret","v.","B2"
"interpretation","n.","B2"
"interrupt","v.","B2"
"interval","n.","B2"
"intervene","v.","C1"
"intervention","n.","C1"
"interview","n.","A1"
"interview","v.","A1"
"intimate","adj.","C1"
"into","prep.","A1"
"intriguing","adj.","C1"
"introduce","v.","A1"
"introduction","n.","A2"
"invade","v.","B2"
"invasion","n.","B2"
"invent","v.","A2"
"invention","n.","A2"
"invest","v.","B1"
"investigate","v.","B1"
"investigation","n.","B2"
"investigator","n.","C1"
"investment","n.","B2"
"investor","n.","B2"
"invisible","adj.","C1"
"invitation","n.","A2"
"invite","v.","A2"
"invoke","v.","C1"
"involve","v.","A2"
"involved","adj.","B1"
"involvement","n.","C1"
"iron","n.","B1"
"iron","v.","B1"
"ironic","adj.","C1"
"ironically","adv.","C1"
"irony","n.","C1"
"irrelevant","adj.","C1"
"island","n.","A1"
"isolate","v.","B2"
"isolated","adj.","B2"
"isolation","n.","C1"
"issue","n.","B1"
"issue","v.","B2"
"IT","n.","B1"
"it","pron.","A1"
"item","n.","A2"
"its","det.","A1"
"itself","pron.","A2"
"jacket","n.","A1"
"jail","n.","B2"
"jail","v.","B2"
"jam","n.","A2"
"January","n.","A1"
"jazz","n.","A2"
"jeans","n.","A1"
"jet","n.","B2"
"jewellery","n.","A2"
"job","n.","A1"
"join","v.","A1"
"joint","adj.","B2"
"joint","n.","B2"
"joke","n.","A2"
"joke","v.","A2"
"journal","n.","B1"
"journalism","n.","B2"
"journalist","n.","A2"
"journey","n.","A1"
"joy","n.","B2"
"judge","n.","B1"
"judge","v.","B1"
"judgement","n.","B2"
"judicial","adj.","C1"
"juice","n.","A1"
"July","n.","A1"
"jump","n.","A2"
"jump","v.","A2"
"junction","n.","C1"
"June","n.","A1"
"junior","adj.","B2"
"jurisdiction","n.","C1"
"jury","n.","B2"
"just","adv.","A1"
"just","adj.","C1"
"justice","n.","B2"
"justify","v.","B2"
"keen","adj.","B1"
"keep","v.","A1"
"key","adj.","A1"
"key","n.","A1"
"key","v.","B1"
"keyboard","n.","B1"
"kick","n.","B1"
"kick","v.","B1"
"kid","n.","A2"
"kidnap","v.","C1"
"kidney","n.","C1"
"kill","v.","A2"
"killing","n.","B1"
"kilometre","n.","A1"
"kind (caring)","adj.","B1"
"kind (type)","n.","A1"
"kingdom","n.","C1"
"king","n.","A2"
"kiss","n.","B1"
"kiss","v.","B1"
"kit","n.","B2"
"kitchen","n.","A1"
"knee","n.","A2"
"knife","n.","A2"
"knock","n.","B1"
"knock","v.","A2"
"know","v.","A1"
"knowledge","n.","A2"
"lab","n.","A2"
"label","n.","B1"
"label","v.","B1"
"laboratory","n.","B1"
"labour","n.","B2"
"lack","n.","B1"
"lack","v.","B1"
"lad","n.","C1"
"ladder","n.","B2"
"lady","n.","A2"
"lake","n.","A2"
"lamp","n.","A2"
"land","n.","A1"
"land","v.","A2"
"landing","n.","B2"
"landlord","n.","C1"
"landmark","n.","C1"
"landscape","n.","B2"
"lane","n.","B2"
"language","n.","A1"
"lap","n.","C1"
"laptop","n.","A2"
"large","adj.","A1"
"large-scale","adj.","C1"
"largely","adv.","B2"
"last' (final)","adv.","A2"
"last' (final)","det.","A1"
"last' (final)","n.","A2"
"last' (taking time)","v.","A2"
"late","adj.","A1"
"late","adv.","A1"
"lately","adv.","B2"
"later","adj.","A2"
"later","adv.","A1"
"latest","adj.","B1"
"latest","n.","B2"
"latter","adj.","C1"
"latter","n.","C1"
"laugh","n.","A1"
"laugh","v.","A1"
"laughter","n.","A2"
"launch","n.","B2"
"launch","v.","B2"
"law","n.","A2"
"lawn","n.","C1"
"lawsuit","n.","C1"
"lawyer","n.","A2"
"lay","v.","B1"
"layer","n.","B1"
"layout","n.","C1"
"lazy","adj.","A2"
"lead¹","n.","B1"
"lead¹","v.","A2"
"leader","n.","A2"
"leadership","n.","B2"
"leading","adj.","B1"
"leaf","n.","B1"
"leaflet","n.","B2"
"league","n.","B2"
"leak","n.","C1"
"leak","v.","C1"
"lean","v.","B2"
"leap","n.","C1"
"leap","v.","C1"
"learn","v.","A1"
"learning","n.","A2"
"least","adv.","A2"
"least","det./pron.","A2"
"leather","n.","B1"
"leave","n.","B2"
"leave","v.","A1"
"lecture","n.","A2"
"lecture","v.","A2"
"left","adj.","A1"
"left","adv.","A1"
"left","n.","A1"
"leg","n.","A1"
"legacy","n.","C1"
"legal","adj.","B1"
"legislation","n.","C1"
"legislative","adj.","C1"
"legislature","n.","C1"
"legitimate","adj.","C1"
"leisure","n.","B1"
"lemon","n.","A2"
"lend","v.","A2"
"length","n.","B1"
"lengthy","adj.","C1"
"lens","n.","B2"
"lesbian","adj.","C1"
"less","adv.","A2"
"less","det./pron.","A2"
"lesser","adj.","C1"
"lesson","n.","A1"
"let","v.","A1"
"lethal","adj.","C1"
"letter","n.","A1"
"level","adj.","B1"
"level","n.","A2"
"level","v.","B2"
"liable","adj.","C1"
"liberal","adj.","C1"
"liberal","n.","C1"
"liberation","n.","C1"
"liberty","n.","C1"
"library","n.","A1"
"licence","n.","B2"
"license","v.","C1"
"lie¹","v.","A1"
"lie² (tell a lie)","n.","B1"
"lie² (tell a lie)","v.","B1"
"life","n.","A1"
"lifelong","adj.","C1"
"lifestyle","n.","A2"
"lifetime","n.","B2"
"lift","n.","A2"
"lift","v.","A2"
"light (from the sun/a lamp)","adj.","A1"
"light (from the sun/a lamp)","n.","A1"
"light (from the sun/a lamp)","v.","A2"
"light (not heavy)","adj.","A2"
"lighting","n.","B2"
"like (find sb/sth pleasant)","n.","B1"
"like (find sb/sth pleasant)","v.","A1"
"like (similar)","prep.","A1"
"likelihood","n.","C1"
"likely","adj.","A2"
"likewise","adv.","B2"
"limb","n.","C1"
"limit","n.","B1"
"limit","v.","B1"
"limitation","n.","B2"
"limited","adj.","B2"
"line","n.","A1"
"line","v.","B2"
"linear","adj.","C1"
"line-up","n.","C1"
"linger","v.","C1"
"link","n.","A2"
"link","v.","A2"
"lion","n.","A1"
"lip","n.","B1"
"liquid","adj.","B1"
"liquid","n.","B1"
"list","n.","A1"
"list","v.","A1"
"listen","v.","A1"
"listener","n.","A2"
"listing","n.","C1"
"literacy","n.","C1"
"literally","adv.","B2"
"literary","adj.","B2"
"literature","n.","B1"
"litre","n.","B2"
"litter","n.","B2"
"little","adj.","A1"
"little","adv.","A2"
"little","det./pron.","A1"
"live¹","v.","A1"
"live²","adj.","B1"
"live²","adv.","B1"
"lively","adj.","B2"
"liver","n.","C1"
"living","adj.","B1"
"living","n.","B1"
"load","n.","B2"
"load","v.","B2"
"loan","n.","B2"
"lobby","n.","C1"
"lobby","v.","C1"
"local","adj.","A1"
"local","n.","B1"
"locate","v.","B1"
"located","adj.","B1"
"location","n.","B1"
"lock","n.","A2"
"lock","v.","A2"
"log","n.","C1"
"log","v.","C1"
"logic","n.","C1"
"logical","adj.","B2"
"logo","n.","B2"
"lonely","adj.","B1"
"long¹","adj.","A1"
"long¹","adv.","A1"
"long-standing","adj.","C1"
"long-term","adj.","B2"
"long-term","adv.","B2"
"long-time","adj.","C1"
"loom","v.","C1"
"look","n.","A2"
"look","v.","A1"
"loop","n.","C1"
"loose","adj.","B2"
"lord","n.","B2"
"lorry","n.","A2"
"lose","v.","A1"
"loss","n.","B1"
"lost","adj.","A2"
"lot","adv.","A1"
"lot","det.","A1"
"lot","pron.","A1"
"lottery","n.","B2"
"loud","adj.","A2"
"loud","adv.","A2"
"loudly","adv.","A2"
"love","n.","A1"
"love","v.","A1"
"lovely","adj.","A2"
"low","adj.","A2"
"low","adv.","A2"
"low","n.","B2"
"lower","v.","B2"
"loyal","adj.","B2"
"loyalty","n.","C1"
"luck","n.","A2"
"lucky","adj.","A2"
"lunch","n.","A1"
"lung","n.","B2"
"luxury","n.","B1"
"lyric","n.","B2"
"machine","n.","A1"
"machinery","n.","C1"
"mad","adj.","B1"
"magazine","n.","A1"
"magic","adj.","B1"
"magic","n.","B1"
"magical","adj.","C1"
"magistrate","n.","C1"
"magnetic","adj.","C1"
"magnificent","adj.","B2"
"magnitude","n.","C1"
"mail","n.","A2"
"mail","v.","A2"
"main","adj.","A1"
"mainland","n.","C1"
"mainly","adv.","B1"
"mainstream","adj.","C1"
"mainstream","n.","C1"
"maintain","v.","B2"
"maintenance","n.","C1"
"major","adj.","A2"
"majority","n.","B2"
"make","n.","B2"
"make","v.","A1"
"make-up","n.","B2"
"making","n.","B2"
"male","adj.","A2"
"male","n.","A2"
"mall","n.","B1"
"man","n.","A1"
"manage","v.","A2"
"management","n.","B1"
"manager","n.","A2"
"mandate","n.","C1"
"mandatory","adj.","C1"
"manifest","v.","C1"
"manipulate","v.","C1"
"manipulation","n.","C1"
"manner","n.","A2"
"manufacture","v.","B2"
"manufacturing","n.","B2"
"manuscript","n.","C1"
"many","det./pron.","A1"
"map","n.","A1"
"map","v.","B2"
"marathon","n.","B2"
"March","n.","A1"
"march","n.","C1"
"march","v.","C1"
"margin","n.","B2"
"marginal","adj.","C1"
"marine","adj.","C1"
"mark","n.","A2"
"mark","v.","A2"
"marker","n.","B2"
"market","n.","A1"
"market","v.","B1"
"marketing","n.","B1"
"marketplace","n.","C1"
"marriage","n.","B1"
"married","adj.","A1"
"marry","v.","A2"
"martial","adj.","B2"
"mask","n.","C1"
"mass","adj.","B2"
"mass","n.","B2"
"massacre","n.","C1"
"massive","adj.","B2"
"master","n.","B2"
"master","v.","B2"
"match (contest/correspond)","n.","A1"
"match (contest/correspond)","v.","A1"
"matching","adj.","B2"
"mate","n.","B2"
"mate","v.","B2"
"material","adj.","B2"
"material","n.","A2"
"mathematical","adj.","C1"
"mathematics","n.","A2"
"maths","n.","A2"
"matter","n.","A2"
"matter","v.","A2"
"mature","adj.","C1"
"mature","v.","C1"
"maximize","v.","C1"
"maximum","adj.","B2"
"maximum","n.","B2"
"May","n.","A1"
"may","modal v.","A2"
"maybe","adv.","A1"
"mayor","n.","B2"
"me","pron.","A1"
"meal","n.","A1"
"mean","v.","A1"
"meaning","n.","A1"
"meaningful","adj.","C1"
"means","n.","B2"
"meantime","n.","C1"
"meanwhile","adv.","B1"
"measure","n.","B1"
"measure","v.","B1"
"measurement","n.","B2"
"meat","n.","A1"
"mechanic","n.","B2"
"mechanical","adj.","B2"
"mechanism","n.","B2"
"medal","n.","B2"
"media","n.","A2"
"medical","adj.","A2"
"medication","n.","B2"
"medicine","n.","A2"
"medieval","adj.","C1"
"meditation","n.","C1"
"medium","adj.","B1"
"medium","n.","B2"
"meet","v.","A1"
"meeting","n.","A1"
"melody","n.","C1"
"melt","v.","B2"
"member","n.","A1"
"membership","n.","B2"
"memo","n.","C1"
"memoir","n.","C1"
"memorable","adj.","B2"
"memorial","n.","C1"
"memory","n.","A2"
"mental","adj.","B1"
"mention","n.","B1"
"mention","v.","A2"
"mentor","n.","C1"
"menu","n.","A1"
"merchant","n.","C1"
"mercy","n.","C1"
"mere","adj.","C1"
"merely","adv.","C1"
"merge","v.","C1"
"merger","n.","C1"
"merit","n.","C1"
"mess","n.","B1"
"mess","v.","B1"
"message","n.","A1"
"metal","n.","A2"
"metaphor","n.","B2"
"method","n.","A2"
"methodology","n.","C1"
"metre","n.","A1"
"mid","adj.","B2"
"middle","adj.","A2"
"middle","n.","A2"
"midnight","n.","A1"
"midst","n.","C1"
"might","modal v.","A2"
"migration","n.","C1"
"mild","adj.","B1"
"mile","n.","A1"
"militant","adj.","C1"
"militant","n.","C1"
"military","adj.","B2"
"military","n.","B2"
"militia","n.","C1"
"milk","n.","A1"
"mill","n.","C1"
"million","number","A1"
"mind","n.","A2"
"mind","v.","A2"
"mine (belongs to me)","pron.","A2"
"mine (hole in the ground)","n.","B1"
"miner","n.","B2"
"mineral","n.","B2"
"minimal","adj.","C1"
"minimize","v.","C1"
"minimum","adj.","B2"
"minimum","n.","B2"
"mining","n.","C1"
"minister","n.","B2"
"ministry","n.","C1"
"minor","adj.","B2"
"minority","n.","B2"
"minute¹","n.","A1"
"minute²","adj.","C1"
"miracle","n.","C1"
"mirror","n.","A2"
"miserable","adj.","B2"
"misery","n.","C1"
"misleading","adj.","C1"
"miss","v.","A1"
"missile","n.","C1"
"missing","adj.","A2"
"mission","n.","B2"
"mistake","n.","A1"
"mistake","v.","B2"
"mix","n.","B1"
"mix","v.","B1"
"mixed","adj.","B2"
"mixture","n.","B1"
"mob","n.","C1"
"mobile","adj.","A2"
"mobile","n.","A2"
"mobility","n.","C1"
"mobilize","v.","C1"
"mode","n.","B2"
"model","n.","A1"
"model","v.","B2"
"moderate","adj.","C1"
"modern","adj.","A1"
"modest","adj.","B2"
"modification","n.","C1"
"modify","v.","B2"
"moment","n.","A1"
"momentum","n.","C1"
"Monday","n.","A1"
"money","n.","A1"
"monitor","n.","B2"
"monitor","v.","B2"
"monk","n.","C1"
"monkey","n.","A2"
"monopoly","n.","C1"
"monster","n.","B2"
"month","n.","A1"
"monthly","adj.","B2"
"monument","n.","B2"
"mood","n.","B1"
"moon","n.","A2"
"moral","adj.","B2"
"moral","n.","B2"
"morality","n.","C1"
"more","adv.","A1"
"more","det./pron.","A1"
"moreover","adv.","B2"
"morning","n.","A1"
"mortgage","n.","B2"
"mosque","n.","B2"
"most","adv.","A1"
"most","det./pron.","A1"
"mostly","adv.","A2"
"mother","n.","A1"
"motion","n.","B2"
"motivate","v.","B2"
"motivation","n.","B2"
"motive","n.","C1"
"motor","adj.","B2"
"motor","n.","B2"
"motorcycle","n.","A2"
"motorist","n.","C1"
"mount","v.","B2"
"mountain","n.","A1"
"mouse","n.","A1"
"mouth","n.","A1"
"move","n.","B1"
"move","v.","A1"
"movement","n.","A2"
"movie","n.","A1"
"moving","adj.","B2"
"much","adv.","A1"
"much","det./pron.","A1"
"mud","n.","B1"
"multiple","adj.","B2"
"multiply","v.","B2"
"mum","n.","A1"
"municipal","adj.","C1"
"murder","n.","B1"
"murder","v.","B1"
"muscle","n.","B1"
"museum","n.","A1"
"music","n.","A1"
"musical","adj.","A2"
"musical","n.","B1"
"musician","n.","A2"
"must","modal v.","A1"
"mutual","adj.","C1"
"my","det.","A1"
"myself","pron.","A2"
"mysterious","adj.","B2"
"mystery","n.","B1"
"myth","n.","B2"
"nail","n.","B1"
"naked","adj.","B2"
"name","n.","A1"
"name","v.","A1"
"namely","adv.","C1"
"narrative","adj.","B1"
"narrative","n.","B1"
"narrow","adj.","A2"
"narrow","v.","B2"
"nasty","adj.","B2"
"nation","n.","B1"
"national","adj.","A2"
"national","n.","B2"
"nationwide","adj.","C1"
"native","adj.","B1"
"native","n.","B1"
"natural","adj.","A1"
"naturally","adv.","B1"
"nature","n.","A2"
"naval","adj.","C1"
"navigation","n.","B2"
"near","adj.","A1"
"near","adv.","A1"
"near","prep.","A1"
"nearby","adj.","B2"
"nearby","adv.","B2"
"nearly","adv.","A2"
"neat","adj.","B2"
"necessarily","adv.","B1"
"necessary","adj.","A2"
"necessity","n.","B2"
"neck","n.","A2"
"need","modal v.","B1"
"need","n.","A2"
"need","v.","A1"
"needle","n.","B1"
"negative","adj.","A1"
"negative","n.","B2"
"neglect","n.","C1"
"neglect","v.","C1"
"negotiate","v.","B2"
"negotiation","n.","B2"
"neighbour","n.","A1"
"neighbourhood","n.","B1"
"neighbouring","adj.","C1"
"neither","adv.","B1"
"neither","det./pron.","A2"
"nerve","n.","B2"
"nervous","adj.","A2"
"nest","n.","C1"
"net","adj.","C1"
"net","n.","B1"
"network","n.","A2"
"neutral","adj.","B2"
"never","adv.","A1"
"nevertheless","adv.","B2"
"new","adj.","A1"
"newly","adv.","B2"
"news","n.","A1"
"newsletter","n.","C1"
"newspaper","n.","A1"
"next","adj.","A1"
"next","adv.","A1"
"next","n.","B1"
"next to","prep.","A1"
"nice","adj.","A1"
"niche","n.","C1"
"night","n.","A1"
"nightmare","n.","B2"
"nine","number","A1"
"nineteen","number","A1"
"ninety","number","A1"
"no","det.","A1"
"no","exclam.","A1"
"no one","pron.","A1"
"nobody","pron.","A1"
"nod","v.","C1"
"noise","n.","A2"
"noisy","adj.","A2"
"nonetheless","adv.","C1"
"non-profit","adj.","C1"
"nonsense","n.","C1"
"none","pron.","A2"
"noon","n.","C1"
"nor","conj./adv.","B1"
"norm","n.","B2"
"normal","adj.","A2"
"normal","n.","B1"
"normally","adv.","A2"
"north","adj.","A1"
"north","adv.","A1"
"north","n.","A1"
"northern","adj.","B1"
"nose","n.","A1"
"not","adv.","A1"
"notable","adj.","C1"
"notably","adv.","C1"
"note","n.","A1"
"note","v.","B1"
"notebook","n.","B2"
"nothing","pron.","A1"
"notice","n.","A2"
"notice","v.","A2"
"notify","v.","C1"
"notion","n.","B2"
"notorious","adj.","C1"
"novel","adj.","C1"
"novel","n.","A2"
"novelist","n.","B2"
"November","n.","A1"
"now","adv.","A1"
"now","conj.","B1"
"nowadays","adv.","B2"
"nowhere","adv.","A2"
"nuclear","adj.","B1"
"number","n.","A1"
"number","v.","A2"
"numerous","adj.","B2"
"nurse","n.","A1"
"nursery","n.","C1"
"nursing","adj.","B2"
"nut","n.","A2"
"nutrition","n.","B2"
"obesity","n.","B2"
"obey","v.","B2"
"object","n.","A1"
"object","v.","B2"
"objection","n.","C1"
"objective","adj.","B2"
"objective","n.","B2"
"obligation","n.","B2"
"oblige","v.","C1"
"observation","n.","B2"
"observe","v.","B2"
"observer","n.","B2"
"obsess","v.","C1"
"obsession","n.","C1"
"obstacle","n.","B2"
"obtain","v.","B2"
"obvious","adj.","B1"
"obviously","adv.","B1"
"occasion","n.","B1"
"occasional","adj.","C1"
"occasionally","adv.","B2"
"occupation","n.","B2"
"occupy","v.","B2"
"occur","v.","B1"
"occurrence","n.","C1"
"ocean","n.","A2"
"o'clock","adv.","A1"
"October","n.","A1"
"odd","adj.","B1"
"odds","n.","C1"
"of","prep.","A1"
"off","adv.","A1"
"off","prep.","A1"
"offence","n.","B2"
"offend","v.","B2"
"offender","n.","B2"
"offensive","adj.","B2"
"offer","n.","A2"
"offer","v.","A2"
"offering","n.","C1"
"office","n.","A1"
"officer","n.","A2"
"official","adj.","B1"
"official","n.","B2"
"offspring","n.","C1"
"often","adv.","A1"
"oh","exclam.","A1"
"oil","n.","A2"
"OK","adj./adv.","A1"
"OK","exclam.","A1"
"old","adj.","A1"
"old-fashioned","adj.","B1"
"on","adv.","A1"
"on","prep.","A1"
"once","adv.","A1"
"once","conj.","B1"
"one","det.","A1"
"one","number","A1"
"one","pron.","A1"
"ongoing","adj.","B2"
"onion","n.","A1"
"online","adj.","A1"
"online","adv.","A1"
"only","adj.","A1"
"only","adv.","A1"
"onto","prep.","A2"
"open","adj.","A1"
"open","v.","A1"
"opening","n.","B2"
"openly","adv.","B2"
"opera","n.","B2"
"operate","v.","B2"
"operational","adj.","C1"
"operation","n.","B1"
"operator","n.","B2"
"opinion","n.","A1"
"opponent","n.","B2"
"opportunity","n.","A2"
"oppose","v.","B2"
"opposed","adj.","B2"
"opposite","adj.","A1"
"opposite","adv.","A1"
"opposite","n.","A1"
"opposite","prep.","A1"
"opposition","n.","B2"
"opt","v.","C1"
"optical","adj.","C1"
"optimism","n.","C1"
"optimistic","adj.","B2"
"option","n.","A2"
"or","conj.","A1"
"oral","adj.","C1"
"orange","adj.","A1"
"orange","n.","A1"
"orchestra","n.","B2"
"order","n.","A1"
"order","v.","A1"
"ordinary","adj.","A2"
"organ","n.","B2"
"organic","adj.","B2"
"organization","n.","A2"
"organizational","adj.","C1"
"organize","v.","A2"
"organized","adj.","B1"
"organizer","n.","B1"
"orientation","n.","C1"
"origin","n.","B2"
"original","adj.","A2"
"original","n.","B1"
"originally","adv.","B1"
"originate","v.","C1"
"other","adj./pron.","A1"
"otherwise","adv.","B2"
"ought","modal v.","B1"
"our","det.","A1"
"ours","pron.","B1"
"ourselves","pron.","A2"
"out","adv./prep.","A1"
"outbreak","n.","C1"
"outcome","n.","B2"
"outdoor","adj.","B1"
"outdoors","adv.","B1"
"outer","adj.","B2"
"outfit","n.","B2"
"outing","n.","C1"
"outline","n.","B2"
"outline","v.","B2"
"outlook","n.","C1"
"output","n.","B2"
"outrage","n.","C1"
"outrage","v.","C1"
"outside","adj.","A2"
"outside","adv.","A1"
"outside","n.","A2"
"outside","prep.","A1"
"outsider","n.","C1"
"outstanding","adj.","B2"
"oven","n.","A2"
"over","adv.","A1"
"over","prep.","A1"
"overall","adj.","B2"
"overall","adv.","B2"
"overcome","v.","B2"
"overlook","v.","C1"
"overly","adv.","C1"
"overnight","adv.","B2"
"overseas","adj.","B2"
"overseas","adv.","B2"
"oversee","v.","C1"
"overturn","v.","C1"
"overwhelm","v.","C1"
"overwhelming","adj.","C1"
"owe","v.","B2"
"own","adj./pron.","A1"
"own","v.","A2"
"owner","n.","A2"
"ownership","n.","B2"
"oxygen","n.","B2"
"pace","n.","B2"
"pace","v.","B2"
"pack","n.","B1"
"pack","v.","A2"
"package","n.","B1"
"package","v.","B2"
"packet","n.","B2"
"pad","n.","C1"
"page","n.","A1"
"pain","n.","A2"
"painful","adj.","B1"
"paint","n.","A1"
"paint","v.","A1"
"painter","n.","A2"
"painting","n.","A1"
"pair","n.","A1"
"palace","n.","A2"
"pale","adj.","B1"
"palm","n.","B2"
"pan","n.","B1"
"panel","n.","B2"
"panic","n.","B2"
"pants","n.","A2"
"paper","n.","A1"
"parade","n.","B2"
"paragraph","n.","A1"
"parallel","adj.","B2"
"parallel","n.","B2"
"parameter","n.","C1"
"parent","n.","A1"
"parental","adj.","C1"
"parish","n.","C1"
"park","n.","A1"
"park","v.","A1"
"parking","n.","A2"
"parliament","n.","B2"
"parliamentary","adj.","C1"
"part","n.","A1"
"participant","n.","B2"
"participate","v.","B1"
"participation","n.","B2"
"particular","adj.","A2"
"particularly","adv.","B1"
"partly","adv.","B2"
"partner","n.","A1"
"partnership","n.","B2"
"part-time","adj./adv.","B2"
"party","n.","A1"
"pass","n.","B1"
"pass","v.","A2"
"passage","n.","B2"
"passenger","n.","A2"
"passing","n.","C1"
"passion","n.","B1"
"passionate","adj.","B2"
"passive","adj.","C1"
"passport","n.","A1"
"password","n.","B2"
"past","adj.","A1"
"past","adv.","A2"
"past","n.","A1"
"past","prep.","A1"
"pastor","n.","C1"
"patch","n.","C1"
"patent","n.","C1"
"path","n.","B1"
"pathway","n.","C1"
"patience","n.","B2"
"patient","adj.","B2"
"patient","n.","A2"
"patrol","n.","C1"
"patrol","v.","C1"
"patron","n.","C1"
"pattern","n.","A2"
"pause","n.","B2"
"pause","v.","B2"
"pay","n.","A2"
"pay","v.","A1"
"payment","n.","B1"
"peace","n.","A2"
"peaceful","adj.","B1"
"peak","n.","C1"
"peasant","n.","C1"
"peculiar","adj.","C1"
"pen","n.","A1"
"penalty","n.","B2"
"pencil","n.","A1"
"penny","n.","A2"
"pension¹","n.","B2"
"people","n.","A1"
"pepper","n.","A1"
"per","prep.","A2"
"perceive","v.","B2"
"per cent","adj./adv.","A2"
"per cent","n.","A2"
"percentage","n.","B1"
"perception","n.","B2"
"perfect","adj.","A1"
"perfectly","adv.","B1"
"perform","v.","A2"
"performance","n.","B1"
"perhaps","adv.","A2"
"period","n.","A1"
"permanent","adj.","B2"
"permanently","adv.","B2"
"permission","n.","A2"
"permit","n.","B2"
"permit","v.","B2"
"person","n.","A1"
"personal","adj.","A1"
"personality","n.","A2"
"personally","adv.","B1"
"personnel","n.","C1"
"perspective","n.","B2"
"persuade","v.","B1"
"pet","n.","A2"
"petrol","n.","A2"
"phase","n.","B2"
"phenomenon","n.","B2"
"philosopher","n.","C1"
"philosophical","adj.","C1"
"philosophy","n.","B2"
"phone","n.","A1"
"phone","v.","A1"
"photo","n.","A1"
"photograph","n.","A1"
"photograph","v.","A2"
"photographer","n.","B1"
"photography","n.","B1"
"phrase","n.","A1"
"physical","adj.","A2"
"physician","n.","C1"
"physics","n.","A2"
"piano","n.","A1"
"pick","n.","B2"
"pick","v.","A2"
"picture","n.","A1"
"picture","v.","B2"
"piece","n.","A1"
"pig","n.","A1"
"pile","n.","B2"
"pile","v.","B2"
"pill","n.","B2"
"pilot","n.","A2"
"pin","n.","B1"
"pin","v.","B1"
"pine","v.","B2"
"pink","adj.","A1"
"pink","n.","A1"
"pioneer","n.","C1"
"pioneer","v.","C1"
"pipe","n.","B1"
"pipeline","n.","C1"
"pirate","n.","C1"
"pit","n.","C1"
"pitch","n.","B2"
"pity","n.","B2"
"pizza","n.","A1"
"place","n.","A1"
"place","v.","B1"
"placement","n.","B2"
"plain","adj.","B2"
"plan","n.","A1"
"plan","v.","A1"
"plane","n.","A1"
"planet","n.","A2"
"planning","n.","B1"
"plant","n.","A1"
"plant","v.","A2"
"plastic","adj.","A2"
"plastic","n.","A2"
"plate","n.","A2"
"platform","n.","A2"
"play","n.","A1"
"play","v.","A1"
"player","n.","A1"
"pleasant","adj.","B1"
"please","exclam.","A1"
"please","v.","A2"
"pleased","adj.","A2"
"pleasure","n.","B1"
"pledge","n.","C1"
"pledge","v.","C1"
"plenty","pron.","B1"
"plot","n.","B1"
"plot","v.","B2"
"plug","n.","C1"
"plug","v.","C1"
"plunge","v.","C1"
"plus¹","adj.","B2"
"plus¹","conj.","B2"
"plus¹","n.","B2"
"plus¹","prep.","B1"
"pocket","n.","A2"
"poem","n.","B1"
"poet","n.","B1"
"poetry","n.","B1"
"point","n.","A1"
"point","v.","B1"
"pointed","adj.","B2"
"poison","n.","B1"
"poison","v.","B1"
"poisonous","adj.","B1"
"pole","n.","C1"
"police","n.","A1"
"policeman","n.","A1"
"policy","n.","B1"
"polite","adj.","A2"
"political","adj.","B1"
"politician","n.","B1"
"politics","n.","B1"
"poll","n.","C1"
"pollution","n.","A2"
"pond","n.","C1"
"pool","n.","A1"
"poor","adj.","A1"
"pop","adj.","A2"
"pop","n.","A2"
"pop","v.","C1"
"popular","adj.","A1"
"popularity","n.","B2"
"population","n.","A2"
"port","n.","B1"
"portfolio","n.","C1"
"portion","n.","B2"
"portrait","n.","B1"
"portray","v.","C1"
"pose","v.","B2"
"position","n.","A2"
"position","v.","B2"
"positive","adj.","A1"
"positive","n.","B2"
"possess","v.","B2"
"possession","n.","A2"
"possibility","n.","A2"
"possible","adj.","A1"
"possibly","adv.","B1"
"post","n.","A1"
"post","v.","A1"
"poster","n.","A2"
"postpone","v.","C1"
"post-war","adj.","C1"
"pot","n.","B1"
"potato","n.","A1"
"potential","adj.","B2"
"potential","n.","B2"
"pound","n.","A1"
"pour","v.","B1"
"poverty","n.","B1"
"powder","n.","B1"
"power","n.","A2"
"power","v.","B2"
"powerful","adj.","B1"
"practical","adj.","B1"
"practically","adv.","B2"
"practice","n.","A1"
"practise","v.","A1"
"practitioner","n.","C1"
"praise","n.","B2"
"praise","v.","B2"
"pray","v.","B1"
"prayer","n.","B1"
"preach","v.","C1"
"precede","v.","B2"
"precedent","n.","C1"
"precious","adj.","B2"
"precise","adj.","B2"
"precisely","adv.","B2"
"precision","n.","C1"
"predator","n.","C1"
"predecessor","n.","C1"
"predict","v.","A2"
"predictable","adj.","B2"
"prediction","n.","B1"
"predominantly","adv.","C1"
"prefer","v.","A1"
"preference","n.","B2"
"pregnancy","n.","C1"
"pregnant","adj.","B2"
"prejudice","n.","C1"
"preliminary","adj.","C1"
"premier","n.","C1"
"premise","n.","C1"
"premium","n.","C1"
"preparation","n.","B2"
"prepare","v.","A1"
"prepared","adj.","B1"
"prescribe","v.","C1"
"prescription","n.","C1"
"presence","n.","B2"
"present","adj.","A1"
"present","n.","A1"
"present","v.","A2"
"presentation","n.","B1"
"presently","adv.","C1"
"preservation","n.","C1"
"preserve","v.","B2"
"preside","v.","C1"
"presidency","n.","C1"
"president","n.","A2"
"presidential","adj.","C1"
"press","n.","B1"
"press","v.","B1"
"pressure","n.","B1"
"prestigious","adj.","C1"
"presumably","adv.","C1"
"presume","v.","C1"
"pretend","v.","B1"
"pretty","adj.","A1"
"pretty","adv.","A1"
"prevail","v.","C1"
"prevalence","n.","C1"
"prevent","v.","A2"
"prevention","n.","C1"
"previous","adj.","B1"
"previously","adv.","B1"
"prey","n.","C1"
"price","n.","A1"
"price","v.","B2"
"pride","n.","B2"
"priest","n.","B1"
"primarily","adv.","B2"
"primary","adj.","B1"
"prince","n.","B1"
"princess","n.","B1"
"principal","adj.","B2"
"principal","n.","C1"
"principle","n.","B2"
"print","n.","B2"
"print","v.","A2"
"printer","n.","A2"
"printing","n.","B1"
"prior","adj.","B2"
"priority","n.","B2"
"prison","n.","A2"
"prisoner","n.","B1"
"privacy","n.","B2"
"private","adj.","B1"
"privatization","n.","C1"
"privilege","n.","C1"
"prize","n.","A2"
"pro","n.","B2"
"probability","n.","B2"
"probable","adj.","B2"
"probably","adv.","A1"
"probe","n.","C1"
"probe","v.","C1"
"problem","n.","A1"
"problematic","adj.","C1"
"procedure","n.","B2"
"proceed","v.","B2"
"proceedings","n.","C1"
"proceeds","n.","C1"
"process","n.","A2"
"process","v.","B2"
"processing","n.","C1"
"processor","n.","C1"
"proclaim","v.","C1"
"produce","v.","A2"
"producer","n.","B1"
"product","n.","A1"
"production","n.","B1"
"productive","adj.","C1"
"productivity","n.","C1"
"profession","n.","B1"
"professional","adj.","A2"
"professional","n.","B2"
"professor","n.","A2"
"profile","n.","A2"
"profit","n.","B1"
"profitable","adj.","C1"
"profound","adj.","C1"
"program","n.","A2"
"program","v.","B1"
"programme","n.","A1"
"programming","n.","B2"
"progress","n.","A2"
"progress","v.","B2"
"progressive","adj.","B2"
"prohibit","v.","B2"
"project","n.","A1"
"project","v.","B2"
"projection","n.","C1"
"prominent","adj.","C1"
"promise","n.","A2"
"promise","v.","A2"
"promising","adj.","B2"
"promote","v.","B1"
"promotion","n.","B2"
"prompt","v.","B2"
"pronounce","v.","A2"
"pronounced","adj.","C1"
"proof","n.","B2"
"propaganda","n.","C1"
"proper","adj.","B1"
"properly","adv.","B1"
"property","n.","B1"
"proportion","n.","B2"
"proposal","n.","B2"
"propose","v.","B2"
"proposition","n.","C1"
"prosecute","v.","C1"
"prosecution","n.","C1"
"prosecutor","n.","C1"
"prospect","n.","B2"
"prospective","adj.","C1"
"prosperity","n.","C1"
"protect","v.","A2"
"protection","n.","B2"
"protective","adj.","C1"
"protein","n.","B2"
"protest","n.","B1"
"protest","v.","B1"
"protester","n.","B2"
"protocol","n.","C1"
"proud","adj.","B1"
"prove","v.","B1"
"provide","v.","A2"
"province","n.","C1"
"provincial","adj.","C1"
"provision","n.","C1"
"provoke","v.","C1"
"psychiatric","adj.","C1"
"psychological","adj.","B2"
"psychologist","n.","B2"
"psychology","n.","B2"
"pub","n.","A2"
"public","adj.","A2"
"public","n.","A2"
"publication","n.","B2"
"publicity","n.","B2"
"publish","v.","A2"
"publishing","n.","B2"
"pull","n.","B1"
"pull","v.","A2"
"pulse","n.","C1"
"pump","n.","C1"
"pump","v.","C1"
"punch","n.","C1"
"punch","v.","C1"
"punish","v.","B1"
"punishment","n.","B1"
"punk","n.","B2"
"pupil","n.","B2"
"purchase","n.","B2"
"purchase","v.","B2"
"pure","adj.","B2"
"purely","adv.","B2"
"purple","adj.","A1"
"purple","n.","A1"
"purpose","n.","A2"
"pursue","v.","B2"
"pursuit","n.","B2"
"push","n.","B1"
"push","v.","A2"
"put","v.","A1"
"puzzle","n.","B2"
"qualification","n.","B1"
"qualified","adj.","B1"
"qualify","v.","B1"
"quality","n.","A2"
"quantity","n.","A2"
"quarter","n.","A1"
"queen","n.","A2"
"query","n.","C1"
"question","n.","A1"
"question","v.","A2"
"questionnaire","n.","B2"
"queue","n.","B1"
"queue","v.","B1"
"quick","adj.","A1"
"quickly","adv.","A1"
"quiet","adj.","A1"
"quietly","adv.","A2"
"quit","v.","B1"
"quite","adv.","A1"
"quota","n.","C1"
"quotation","n.","B1"
"quote","n.","B1"
"quote","v.","B1"
"race (competition)","n.","A2"
"race (competition)","v.","A2"
"race (people)","n.","B1"
"racial","adj.","B2"
"racing","n.","B1"
"racism","n.","B2"
"racist","adj.","B2"
"racist","n.","B2"
"radar","n.","C1"
"radiation","n.","B2"
"radical","adj.","C1"
"radio","n.","A1"
"rage","n.","C1"
"raid","n.","C1"
"raid","v.","C1"
"rail","n.","B2"
"railway","n.","A2"
"rain","n.","A1"
"rain","v.","A1"
"raise","v.","A2"
"rally","n.","C1"
"rally","v.","C1"
"random","adj.","B2"
"range","n.","B1"
"range","v.","B2"
"rank","n.","B2"
"rank","v.","B2"
"ranking","n.","C1"
"rape","n.","C1"
"rape","v.","C1"
"rapid","adj.","B2"
"rapidly","adv.","B2"
"rare","adj.","B1"
"rarely","adv.","B1"
"rat","n.","B2"
"rate","n.","A2"
"rate","v.","B2"
"rating","n.","B2"
"ratio","n.","C1"
"rational","adj.","C1"
"raw","adj.","B2"
"ray","n.","C1"
"reach","n.","B2"
"reach","v.","A2"
"react","v.","A2"
"reaction","n.","B1"
"read","v.","A1"
"reader","n.","A1"
"readily","adv.","C1"
"reading","n.","A1"
"ready","adj.","A1"
"real","adj.","A1"
"realistic","adj.","B2"
"reality","n.","B1"
"realization","n.","C1"
"realize","v.","A2"
"really","adv.","A1"
"realm","n.","C1"
"rear","adj.","C1"
"rear","n.","C1"
"reason","n.","A1"
"reasonable","adj.","B2"
"reasonably","adv.","B2"
"reasoning","n.","C1"
"reassure","v.","C1"
"rebel","n.","C1"
"rebellion","n.","C1"
"rebuild","v.","B2"
"recall","v.","B2"
"receipt","n.","B1"
"receive","v.","A2"
"receiver","n.","C1"
"recent","adj.","A2"
"recently","adv.","A2"
"reception","n.","A2"
"recession","n.","B2"
"recipe","n.","A2"
"recipient","n.","C1"
"reckon","v.","B2"
"recognition","n.","B2"
"recognize","v.","A2"
"recommend","v.","A2"
"recommendation","n.","B1"
"reconstruction","n.","C1"
"record","n.","A2"
"record","v.","A2"
"recording","n.","A2"
"recount¹","v.","C1"
"recover","v.","B2"
"recovery","n.","B2"
"recruit","n.","B2"
"recruit","v.","B2"
"recruitment","n.","B2"
"recycle","v.","A2"
"red","adj.","A1"
"red","n.","A1"
"reduce","v.","A2"
"reduction","n.","B2"
"refer","v.","A2"
"referee","n.","B2"
"reference","n.","B1"
"referendum","n.","C1"
"reflect","v.","B1"
"reflection","n.","C1"
"reform","n.","C1"
"reform","v.","C1"
"refuge","n.","C1"
"refugee","n.","B2"
"refusal","n.","C1"
"refuse¹","v.","A2"
"regain","v.","C1"
"regard","n.","B2"
"regard","v.","B2"
"regardless","adv.","C1"
"regime","n.","C1"
"region","n.","A2"
"regional","adj.","B2"
"register","n.","B2"
"register","v.","B2"
"registration","n.","B2"
"regret","n.","B2"
"regret","v.","B2"
"regular","adj.","A2"
"regularly","adv.","B1"
"regulate","v.","B2"
"regulation","n.","B2"
"regulator","n.","C1"
"regulatory","adj.","C1"
"rehabilitation","n.","C1"
"reign","n.","C1"
"reign","v.","C1"
"reinforce","v.","Β2"
"reject","v.","B1"
"rejection","n.","C1"
"relate","v.","B1"
"related","adj.","B1"
"relation","n.","B1"
"relationship","n.","A2"
"relative","adj.","B1"
"relative","n.","B1"
"relatively","adv.","B2"
"relax","v.","A1"
"relaxed","adj.","B1"
"relaxing","adj.","B1"
"release","n.","B1"
"release","v.","B1"
"relevance","n.","C1"
"relevant","adj.","B2"
"reliability","n.","C1"
"reliable","adj.","B1"
"relief","n.","B2"
"relieve","v.","B2"
"relieved","adj.","B2"
"religion","n.","B1"
"religious","adj.","B1"
"reluctant","adj.","C1"
"rely","v.","B2"
"remain","v.","B1"
"remainder","n.","C1"
"remains","n.","C1"
"remark","n.","B2"
"remark","v.","B2"
"remarkable","adj.","B2"
"remarkably","adv.","B2"
"remedy","n.","C1"
"remember","v.","A1"
"remind","v.","B1"
"reminder","n.","C1"
"remote","adj.","B1"
"removal","n.","C1"
"remove","v.","A2"
"render","v.","C1"
"renew","v.","C1"
"renowned","adj.","C1"
"rent","n.","B1"
"rent","v.","B1"
"rental","n.","C1"
"repair","n.","B1"
"repair","v.","A2"
"repeat","n.","B1"
"repeat","v.","A1"
"repeated","adj.","B1"
"repeatedly","adv.","B2"
"replace","v.","A2"
"replacement","n.","C1"
"reply","n.","A2"
"reply","v.","A2"
"report","n.","A1"
"report","v.","A2"
"reporter","n.","A2"
"reportedly","adv.","C1"
"reporting","n.","B2"
"represent","v.","B1"
"representation","n.","C1"
"representative","adj.","B2"
"representative","n.","B2"
"republic","n.","C1"
"reproduction","n.","C1"
"reputation","n.","B2"
"request","n.","A2"
"request","v.","B1"
"require","v.","B1"
"requirement","n.","B2"
"rescue","n.","B2"
"rescue","v.","B2"
"research","n.","A2"
"research","v.","A2"
"researcher","n.","A2"
"reservation","n.","B1"
"reserve","n.","B2"
"reserve","v.","B2"
"reside","v.","C1"
"residence","n.","C1"
"resident","adj.","B2"
"resident","n.","B2"
"residential","adj.","C1"
"residue","n.","C1"
"resign","v.","B2"
"resignation","n.","C1"
"resist","v.","B2"
"resistance","n.","C1"
"resolution","n.","B2"
"resolve","v.","B2"
"resort","n.","B2"
"resource","n.","B1"
"respect","n.","B1"
"respect","v.","B1"
"respective","adj.","C1"
"respectively","adv.","C1"
"respond","v.","A2"
"response","n.","A2"
"responsibility","n.","B1"
"responsible","adj.","B1"
"rest (remaining part)","n.","A2"
"rest (sleep/relax)","n.","A2"
"rest (sleep/relax)","v.","A2"
"restaurant","n.","A1"
"restoration","n.","C1"
"restore","v.","B2"
"restraint","n.","C1"
"restrict","v.","B2"
"restriction","n.","B2"
"result","n.","A1"
"result","v.","B1"
"resume","v.","C1"
"retain","v.","B2"
"retail","n.","B2"
"retire","v.","B1"
"retired","adj.","B1"
"retirement","n.","B2"
"retreat","n.","C1"
"retreat","v.","C1"
"retrieve","v.","C1"
"return","n.","A1"
"return","v.","A1"
"reveal","v.","B2"
"revelation","n.","C1"
"revenge","n.","C1"
"revenue","n.","B2"
"reverse","adj.","C1"
"reverse","n.","C1"
"reverse","v.","C1"
"review","n.","A2"
"review","v.","A2"
"revision","n.","B2"
"revival","n.","C1"
"revive","v.","C1"
"revolution","n.","B2"
"revolutionary","adj.","C1"
"reward","n.","B2"
"reward","v.","B2"
"rhetoric","n.","C1"
"rhythm","n.","B2"
"rice","n.","A1"
"rich","adj.","A1"
"rid","v.","B2"
"ridiculous","adj.","B2"
"ride","n.","A2"
"ride","v.","A1"
"rifle","n.","C1"
"right","adj.","A1"
"right","adv.","A1"
"right","n.","A1"
"ring¹","n.","A2"
"ring²","n.","B1"
"ring²","v.","A2"
"riot","n.","C1"
"rip","v.","C1"
"rise","n.","B1"
"rise","v.","A2"
"risk","n.","B1"
"risk","v.","B1"
"risky","adj.","B2"
"ritual","n.","C1"
"rival","adj.","B2"
"rival","n.","B2"
"river","n.","A1"
"road","n.","A1"
"rob","v.","B2"
"robbery","n.","B2"
"robot","n.","B1"
"robust","adj.","C1"
"rock","v.","C1"
"rock (music)","n.","A2"
"rock (stone)","n.","A2"
"rocket","n.","B2"
"rod","n.","C1"
"role","n.","A2"
"roll","n.","B1"
"roll","v.","B1"
"romance","n.","B2"
"romantic","adj.","B1"
"roof","n.","A2"
"room","n.","A1"
"root","n.","B2"
"rope","n.","B1"
"rose","n.","B2"
"rotate","v.","C1"
"rotation","n.","C1"
"rough","adj.","B1"
"roughly","adv.","B2"
"round","adj.","A2"
"round","adv.","A2"
"round","n.","B2"
"round","prep.","A2"
"route","n.","A2"
"routine","adj.","B2"
"routine","n.","A1"
"row¹","n.","B1"
"royal","adj.","B1"
"rub","v.","B2"
"rubber","adj.","B2"
"rubber","n.","B2"
"rubbish","n.","A2"
"rude","adj.","A2"
"rugby","n.","B1"
"ruin","n.","B2"
"ruin","v.","B2"
"rule","n.","A1"
"rule","v.","B1"
"ruling","n.","C1"
"rumour","n.","C1"
"run","n.","A2"
"run","v.","A1"
"runner","n.","A2"
"running","n.","A2"
"rural","adj.","B2"
"rush","n.","B2"
"rush","v.","B2"
"sack","v.","C1"
"sacred","adj.","C1"
"sacrifice","n.","C1"
"sacrifice","v.","C1"
"sad","adj.","A1"
"sadly","adv.","A2"
"safe","adj.","A2"
"safety","n.","B1"
"sail","n.","B1"
"sail","v.","A2"
"sailing","n.","A2"
"sailor","n.","B1"
"saint","n.","C1"
"sake","n.","C1"
"salad","n.","A1"
"salary","n.","A2"
"sale","n.","A2"
"salt","n.","A1"
"same","adj.","A1"
"same","adv.","A1"
"same","pron.","A1"
"sample","n.","B1"
"sample","v.","B2"
"sanction","n.","C1"
"sand","n.","B1"
"sandwich","n.","A1"
"satellite","n.","B2"
"satisfaction","n.","B2"
"satisfied","adj.","B2"
"satisfy","v.","B2"
"Saturday","n.","A1"
"sauce","n.","A2"
"save","v.","A2"
"saving","n.","B2"
"say","n.","C1"
"say","v.","A1"
"scale","n.","B2"
"scan","v.","B1"
"scandal","n.","B2"
"scare","n.","B2"
"scare","v.","B2"
"scared","adj.","A2"
"scary","adj.","A2"
"scattered","adj.","C1"
"scenario","n.","B2"
"sceptical","adj.","C1"
"scene","n.","A2"
"schedule","n.","A2"
"schedule","v.","B2"
"scheme","n.","B2"
"scholar","n.","B2"
"scholarship","n.","B2"
"school","n.","A1"
"science","n.","A1"
"scientific","adj.","B1"
"scientist","n.","A1"
"scope","n.","C1"
"score","n.","A2"
"score","v.","A2"
"scratch","n.","B2"
"scratch","v.","B2"
"scream","n.","B2"
"scream","v.","B2"
"screen","n.","A2"
"screen","v.","B2"
"screening","n.","B2"
"screw","n.","C1"
"screw","v.","C1"
"script","n.","B1"
"scrutiny","n.","C1"
"sculpture","n.","B1"
"sea","n.","A1"
"seal","n.","C1"
"seal","v.","C1"
"search","n.","A2"
"search","v.","A2"
"season","n.","A2"
"seat","n.","A2"
"seat","v.","B2"
"second¹ (next after the first)","adv.","A2"
"second¹ (next after the first)","det./number","A1"
"second¹ (unit of time)","n.","A1"
"secondary","adj.","B1"
"secondly","adv.","A2"
"secret","adj.","A2"
"secret","n.","A2"
"secretary","n.","A2"
"section","n.","A1"
"sector","n.","B2"
"secular","adj.","C1"
"secure","adj.","B2"
"secure","v.","B2"
"security","n.","B1"
"see","v.","A1"
"seed","n.","B1"
"seek","v.","B2"
"seeker","n.","B2"
"seem","v.","A2"
"seemingly","adv.","C1"
"seize","v.","C1"
"seldom","adv.","C1"
"select","v.","B2"
"selection","n.","B2"
"selective","adj.","C1"
"self","n.","B2"
"sell","v.","A1"
"seminar","n.","B2"
"senator","n.","C1"
"send","v.","A1"
"senior","adj.","B2"
"sensation","n.","C1"
"sense","n.","A2"
"sense","v.","B2"
"sensible","adj.","B1"
"sensitive","adj.","B2"
"sensitivity","n.","C1"
"sentence","n.","A1"
"sentence","v.","B2"
"sentiment","n.","C1"
"separate","adj.","A2"
"separate","v.","B1"
"separation","n.","C1"
"September","n.","A1"
"sequence","n.","B2"
"serial","adj.","C1"
"series","n.","A2"
"serious","adj.","A2"
"seriously","adv.","B1"
"servant","n.","B1"
"serve","v.","A2"
"service","n.","A2"
"session","n.","B2"
"set (group)","n.","B1"
"set (put)","v.","B1"
"set-up","n.","C1"
"setting","n.","B1"
"settle","v.","B2"
"settlement","n.","C1"
"settler","n.","B2"
"seven","number","A1"
"seventeen","number","A1"
"seventy","number","A1"
"several","det./pron.","A2"
"severe","adj.","B2"
"severely","adv.","B2"
"sex","n.","B1"
"sexual","adj.","B1"
"sexuality","n.","C1"
"sexy","adj.","B2"
"shade","n.","B2"
"shadow","n.","B2"
"shake","n.","B1"
"shake","v.","A2"
"shall","modal v.","A2"
"shallow","adj.","B2"
"shame","n.","B2"
"shape","n.","A2"
"shape","v.","B2"
"shaped","adj.","B2"
"share","n.","B1"
"share","v.","A1"
"shareholder","n.","C1"
"sharp","adj.","B1"
"shatter","v.","C1"
"she","pron.","A1"
"shed","v.","C1"
"sheep","n.","A1"
"sheer","adj.","C1"
"sheet","n.","A2"
"shelf","n.","B1"
"shell","n.","B1"
"shelter","n.","B2"
"shelter","v.","B2"
"shift","n.","B1"
"shift","v.","B2"
"shine","v.","B1"
"shiny","adj.","B1"
"ship","n.","A2"
"ship","v.","B2"
"shipping","n.","C1"
"shirt","n.","A1"
"shock","n.","B2"
"shock","v.","B2"
"shocked","adj.","B2"
"shocking","adj.","B2"
"shoe","n.","A1"
"shoot","n.","C1"
"shoot","v.","B1"
"shooting","n.","B2"
"shop","n.","A1"
"shop","v.","A1"
"shopping","n.","A1"
"shore","n.","B2"
"short","adj.","A1"
"shortage","n.","B2"
"shortly","adv.","B2"
"short-term","adj.","B2"
"shot","n.","B2"
"should","modal v.","A1"
"shoulder","n.","A2"
"shout","n.","A2"
"shout","v.","A2"
"show","n.","A1"
"show","v.","A1"
"shower","n.","A1"
"shrink","v.","C1"
"shrug","v.","C1"
"shut","adj.","A2"
"shut","v.","A2"
"shy","adj.","B1"
"sibling","n.","B2"
"sick","adj.","A1"
"side","n.","A2"
"sigh","n.","C1"
"sigh","v.","C1"
"sight","n.","B1"
"sign","n.","A2"
"sign","v.","A2"
"signal","n.","B1"
"signal","v.","B1"
"signature","n.","B2"
"significance","n.","B2"
"significant","adj.","B2"
"significantly","adv.","B2"
"silence","n.","B2"
"silent","adj.","B1"
"silk","n.","B2"
"silly","adj.","B1"
"silver","adj.","A2"
"silver","n.","A2"
"similar","adj.","A1"
"similarity","n.","B1"
"similarly","adv.","B1"
"simple","adj.","A2"
"simply","adv.","B1"
"simulate","v.","C1"
"simulation","n.","C1"
"simultaneously","adv.","C1"
"sin","n.","C1"
"since","adv.","B1"
"since","conj.","A2"
"since","prep.","A2"
"sincere","adj.","B2"
"sing","v.","A1"
"singer","n.","A1"
"singing","n.","A2"
"single","adj.","A2"
"single","n.","A2"
"sink","v.","B1"
"sir","n.","A2"
"sister","n.","A1"
"sit","v.","A1"
"site","n.","A2"
"situation","n.","A1"
"six","number","A1"
"sixteen","number","A1"
"sixty","number","A1"
"size","n.","A2"
"ski","n.","A2"
"ski","v.","A2"
"skiing","n.","A2"
"skill","n.","A1"
"skilled","adj.","B2"
"skin","n.","A2"
"skip","v.","C1"
"skirt","n.","A1"
"skull","n.","B2"
"sky","n.","A2"
"slam","v.","C1"
"slap","v.","C1"
"slash","v.","C1"
"slave","n.","B2"
"slavery","n.","C1"
"sleep","n.","A2"
"sleep","v.","A1"
"slice","n.","B1"
"slice","v.","B1"
"slide","n.","B2"
"slide","v.","B2"
"slight","adj.","B2"
"slightly","adv.","B1"
"slip","v.","B2"
"slogan","n.","B2"
"slope","n.","B2"
"slope","v.","B2"
"slot","n.","C1"
"slow","adj.","A1"
"slow","v.","B1"
"slowly","adv.","A2"
"small","adj.","A1"
"smart","adj.","B1"
"smartphone","n.","A2"
"smash","v.","C1"
"smell","n.","A2"
"smell","v.","A2"
"smile","n.","A2"
"smile","v.","A2"
"smoke","n.","A2"
"smoke","v.","A2"
"smoking","n.","A2"
"smooth","adj.","B1"
"snake","n.","A1"
"snap","v.","C1"
"snow","n.","A1"
"snow","v.","A1"
"so","adv.","A1"
"so","conj.","A1"
"soak","v.","C1"
"soap","n.","A2"
"soar","v.","C1"
"so-called","adj.","B2"
"soccer","n.","A2"
"social","adj.","A2"
"socialist","adj.","C1"
"society","n.","A2"
"sock","n.","A2"
"soft","adj.","A2"
"software","n.","B1"
"soil","n.","B1"
"solar","adj.","B2"
"soldier","n.","A2"
"sole","adj.","C1"
"solely","adv.","C1"
"solicitor","n.","C1"
"solid","adj.","B1"
"solid","n.","B1"
"solidarity","n.","C1"
"solo","adj.","C1"
"solo","n.","C1"
"solution","n.","A2"
"solve","v.","A2"
"some","det.","A1"
"some","pron.","A1"
"somebody","pron.","A1"
"somehow","adv.","B2"
"someone","pron.","A1"
"something","pron.","A1"
"sometime","adv.","B2"
"sometimes","adv.","A1"
"somewhat","adv.","B2"
"somewhere","adv.","A2"
"somewhere","pron.","A2"
"son","n.","A1"
"song","n.","A1"
"soon","adv.","A1"
"sophisticated","adj.","B2"
"sorry","adj.","A1"
"sorry","exclam.","A1"
"sort","n.","A2"
"sort","v.","B1"
"soul","n.","B2"
"sound","adj.","C1"
"sound","n.","A1"
"sound","v.","A1"
"soup","n.","A1"
"source","n.","A2"
"south","adj.","A1"
"south","adv.","A1"
"south","n.","A1"
"southern","adj.","B1"
"sovereignty","n.","C1"
"space","n.","A1"
"spam","n.","C1"
"span","n.","C1"
"span","v.","C1"
"spare","adj.","B2"
"spare","v.","C1"
"spark","v.","C1"
"speak","v.","A1"
"speaker","n.","A2"
"special","adj.","A1"
"specialist","adj.","B2"
"specialist","n.","B2"
"specialize","v.","B1"
"specialized","adj.","C1"
"species","n.","B2"
"specific","adj.","A2"
"specification","n.","C1"
"specifically","adv.","B1"
"specify","v.","B2"
"specimen","n.","C1"
"spectacle","n.","C1"
"spectacular","adj.","B2"
"spectator","n.","B2"
"spectrum","n.","C1"
"speech","n.","A2"
"speed","n.","A2"
"speed","v.","B2"
"spell","n.","C1"
"spell","v.","A1"
"spelling","n.","A1"
"spend","v.","A1"
"spending","n.","B1"
"sphere","n.","C1"
"spice","n.","B2"
"spicy","adj.","B1"
"spider","n.","A2"
"spill","v.","B2"
"spin","n.","C1"
"spin","v.","C1"
"spine","n.","C1"
"spirit","n.","B1"
"spite","n.","B2"
"spiritual","adj.","B2"
"split","n.","B2"
"split","v.","B2"
"spoil","v.","B2"
"spoken","adj.","B1"
"spokesman","n.","B2"
"spokesperson","n.","B2"
"spokeswoman","n.","B2"
"sponsor","n.","B2"
"sponsor","v.","B2"
"sponsorship","n.","B2"
"spoon","n.","A2"
"sport","n.","A1"
"sporting","adj.","B2"
"spot","n.","B1"
"spot","v.","B2"
"spotlight","n.","C1"
"spouse","n.","C1"
"spread","n.","B2"
"spread","v.","B1"
"spring","n.","A1"
"spring","v.","B1"
"spy","n.","C1"
"spy","v.","C1"
"squad","n.","C1"
"square","adj.","A2"
"square","n.","A2"
"squeeze","v.","C1"
"stab","v.","C1"
"stability","n.","C1"
"stabilize","v.","C1"
"stable","adj.","B2"
"stadium","n.","B1"
"staff","n.","B1"
"stage","n.","A2"
"stage","v.","B2"
"stair","n.","A2"
"stake","n.","C1"
"stall","n.","B2"
"stamp","n.","A2"
"stance","n.","B2"
"stand","n.","B2"
"stand","v.","A1"
"standard","adj.","B1"
"standard","n.","B1"
"standing","adj.","C1"
"star","n.","A1"
"star","v.","A2"
"stare","v.","B2"
"stark","adj.","C1"
"start","n.","A2"
"start","v.","A1"
"starve","v.","B2"
"state","adj.","B1"
"state","n.","A2"
"state","v.","B1"
"statement","n.","A1"
"station","n.","A1"
"statistical","adj.","C1"
"statistic","n.","B1"
"statue","n.","B1"
"status","n.","B2"
"stay","n.","A2"
"stay","v.","A1"
"steadily","adv.","B2"
"steady","adj.","B2"
"steal","v.","A2"
"steam","n.","B2"
"steel","n.","B2"
"steep","adj.","B2"
"steer","v.","C1"
"stem","n.","C1"
"stem","v.","C1"
"step","n.","A2"
"step","v.","B2"
"stereotype","n.","C1"
"stick (piece of wood)","n.","B1"
"stick (push into/attach)","v.","B1"
"sticky","adj.","B2"
"stiff","adj.","B2"
"still","adj.","B1"
"still","adv.","A1"
"stimulate","v.","B2"
"stimulus","n.","C1"
"stir","v.","C1"
"stock","n.","B2"
"stomach","n.","A2"
"stone","n.","A2"
"stop","n.","A1"
"stop","v.","A1"
"storage","n.","C1"
"store","n.","A2"
"store","v.","B1"
"storm","n.","A2"
"story","n.","A1"
"straight","adj.","A2"
"straight","adv.","A2"
"straightforward","adj.","C1"
"strain","n.","C1"
"strand","n.","C1"
"strange","adj.","A2"
"stranger","n.","B1"
"strategic","adj.","C1"
"strategy","n.","A2"
"stream","n.","B2"
"street","n.","A1"
"strength","n.","B1"
"stress","n.","A2"
"stress","v.","A2"
"stretch","n.","B2"
"stretch","v.","B2"
"strict","adj.","B2"
"strictly","adv.","B2"
"strike","n.","B2"
"strike","v.","B2"
"striking","adj.","B2"
"string","n.","B1"
"strip","(long narrow piece) n.","C1"
"strip","(remove clothes/a layer) v.","C1"
"strive","v.","C1"
"stroke","n.","B2"
"strong","adj.","A1"
"strongly","adv.","B1"
"structural","adj.","C1"
"structure","n.","A2"
"structure","v.","B2"
"struggle","n.","B2"
"struggle","v.","B2"
"student","n.","A1"
"studio","n.","B1"
"study","n.","A1"
"study","v.","A1"
"stuff","n.","B1"
"stuff","v.","B2"
"stumble","v.","C1"
"stun","v.","C1"
"stunning","adj.","B2"
"stupid","adj.","A2"
"style","n.","A1"
"subject","adj.","B2"
"subject","n.","A1"
"submission","n.","C1"
"submit","v.","B2"
"subsequent","adj.","B2"
"subsequently","adv.","B2"
"subsidy","n.","C1"
"substance","n.","B1"
"substantial","adj.","C1"
"substantially","adv.","C1"
"substitute","n.","C1"
"substitute","v.","C1"
"substitution","n.","C1"
"subtle","adj.","C1"
"suburb","n.","B2"
"suburban","adj.","C1"
"succeed","v.","A2"
"success","n.","A1"
"successful","adj.","A2"
"successfully","adv.","B1"
"succession","n.","C1"
"successive","adj.","C1"
"successor","n.","C1"
"such","det./pron.","A2"
"suck","v.","C1"
"sudden","adj.","B1"
"suddenly","adv.","A2"
"sue","v.","C1"
"suffer","v.","B1"
"suffering","n.","B2"
"sufficient","adj.","B2"
"sufficiently","adv.","B2"
"sugar","n.","A1"
"suggest","v.","A2"
"suggestion","n.","A2"
"suicide","n.","C1"
"suit","n.","A2"
"suit","v.","B1"
"suitable","adj.","B1"
"suite","n.","C1"
"sum","n.","B2"
"sum","v.","B2"
"summarize","v.","B1"
"summary","n.","B1"
"summer","n.","A1"
"summit","n.","C1"
"sun","n.","A1"
"Sunday","n.","A1"
"super","adj.","B2"
"superb","adj.","C1"
"superior","adj.","C1"
"supermarket","n.","A1"
"supervise","v.","C1"
"supervision","n.","C1"
"supervisor","n.","C1"
"supplement","n.","C1"
"supplement","v.","C1"
"supply","n.","B1"
"supply","v.","B1"
"support","n.","A2"
"support","v.","A2"
"supporter","n.","B1"
"supportive","adj.","C1"
"suppose","v.","A2"
"supposedly","adv.","C1"
"suppress","v.","C1"
"supreme","adj.","C1"
"sure","adj.","A1"
"sure","adv.","A2"
"surely","adv.","B1"
"surface","n.","B1"
"surge","n.","C1"
"surge","v.","C1"
"surgeon","n.","B2"
"surgical","adj.","C1"
"surplus","n.","C1"
"surprise","n.","A2"
"surprise","v.","A2"
"surprised","adj.","A2"
"surprising","adj.","A2"
"surrender","v.","C1"
"surround","v.","B2"
"surrounding","adj.","B2"
"surveillance","n.","C1"
"survey","n.","A2"
"survey","v.","B2"
"survival","n.","B2"
"survive","v.","B1"
"survivor","n.","B2"
"suspect","n.","B2"
"suspect","v.","B2"
"suspend","v.","B2"
"suspension","n.","C1"
"suspicion","n.","C1"
"suspicious","adj.","C1"
"sustain","v.","C1"
"sustainable","adj.","B2"
"swallow","v.","B2"
"swear","v.","B2"
"sweater","n.","A1"
"sweep","v.","B2"
"sweet","adj.","A2"
"sweet","n.","A2"
"swim","n.","B1"
"swim","v.","A1"
"swimming","n.","A1"
"swing","n.","C1"
"swing","v.","C1"
"switch","n.","B2"
"switch","v.","B1"
"sword","n.","C1"
"symbol","n.","A2"
"symbolic","adj.","C1"
"sympathetic","adj.","B2"
"sympathy","n.","B2"
"symptom","n.","B1"
"syndrome","n.","C1"
"synthesis","n.","C1"
"system","n.","A2"
"systematic","adj.","C1"
"table","n.","A1"
"tablet","n.","A2"
"tackle","n.","C1"
"tackle","v.","B2"
"tactic","n.","C1"
"tactical","adj.","C1"
"tag","n.","B2"
"tag","v.","B2"
"tail","n.","B1"
"take","v.","A1"
"tale","n.","B2"
"talent","n.","B1"
"talented","adj.","B1"
"talk","n.","A2"
"talk","v.","A1"
"tall","adj.","A1"
"tank","n.","B2"
"tap","n.","B2"
"tap","v.","B2"
"tape","n.","B1"
"target","n.","A2"
"target","v.","B2"
"task","n.","A2"
"taste","n.","A2"
"taste","v.","A2"
"tax","n.","B1"
"tax","v.","B1"
"taxi","n.","A1"
"taxpayer","n.","C1"
"tea","n.","A1"
"teach","v.","A1"
"teacher","n.","A1"
"teaching","n.","A2"
"team","n.","A1"
"tear¹","n.","B2"
"tear¹","v.","B2"
"tear²","n.","B2"
"technical","adj.","B1"
"technique","n.","B1"
"technological","adj.","B2"
"technology","n.","A2"
"teenage","adj.","A2"
"teenager","n.","A1"
"teens","n.","B2"
"telephone","n.","A1"
"telephone","v.","A1"
"television","n.","A1"
"tell","v.","A1"
"temperature","n.","A2"
"temple","n.","B2"
"temporarily","adv.","B2"
"temporary","adj.","B2"
"tempt","v.","C1"
"ten","number","A1"
"tenant","n.","C1"
"tend","v.","B1"
"tendency","n.","B2"
"tender","adj.","C1"
"tennis","n.","A1"
"tension","n.","B2"
"tent","n.","B1"
"tenure","n.","C1"
"term","n.","A2"
"term","v.","B2"
"terminal","adj.","C1"
"terminal","n","B2"
"terminate","v.","C1"
"terms","n.","B2"
"terrain","n.","C1"
"terrible","adj.","A1"
"terribly","adv.","B2"
"terrific","adj.","C1"
"terrify","v.","B2"
"territory","n.","B2"
"terror","n.","B2"
"terrorism","n.","B2"
"terrorist","n.","B2"
"test","n.","A1"
"test","v.","A1"
"testify","v.","C1"
"testimony","n.","C1"
"testing","n.","B2"
"text","n.","A1"
"text","v.","A2"
"textbook","n.","B2"
"texture","n.","C1"
"than","conj.","A1"
"thank","v.","A1"
"thankfully","adv.","C1"
"thanks","exclam.","A1"
"thanks","n.","A1"
"that","adv.","B1"
"that","conj.","A1"
"that","det.","A1"
"that","pron.","A1"
"the","definite article","A1"
"theatre","n.","A1"
"theatrical","adj.","C1"
"theft","n.","B2"
"their","det.","A1"
"theirs","pron.","B1"
"them","pron.","A1"
"theme","n.","B1"
"themselves","pron.","A2"
"then","adv.","A1"
"theology","n.","C1"
"theoretical","adj.","C1"
"theory","n.","B1"
"therapist","n.","B2"
"therapy","n.","B2"
"there","adv.","A1"
"thereafter","adv.","C1"
"thereby","adv.","C1"
"therefore","adv.","B1"
"these","det./pron.","A1"
"thesis","n.","B2"
"they","pron.","A1"
"thick","adj.","A2"
"thief","n.","A2"
"thin","adj.","A2"
"thing","n.","A1"
"think","v.","A1"
"thinking","n.","A2"
"third","n.","A2"
"third","number","A1"
"thirsty","adj.","A1"
"thirteen","number","A1"
"thirty","number","A1"
"this","adv.","B1"
"this","det./pron.","A1"
"thorough","adj.","B2"
"thoroughly","adv.","B2"
"though","adv.","B1"
"though","conj.","B1"
"thought","n.","A2"
"thought-provoking","adj.","C1"
"thoughtful","adj.","C1"
"thousand","number","A1"
"thread","n.","C1"
"threat","n.","B2"
"threaten","v.","B2"
"three","number","A1"
"threshold","n.","C1"
"thrilled","adj.","C1"
"thrive","v.","C1"
"throat","n.","B1"
"through","adv.","A1"
"through","prep.","A1"
"throughout","prep./adv.","B1"
"throw","v.","A2"
"thumb","n.","B2"
"Thursday","n.","A1"
"thus","adv.","B2"
"ticket","n.","A1"
"tide","n.","C1"
"tidy","adj.","A2"
"tidy","v.","A2"
"tie","n.","A2"
"tie","v.","A2"
"tight","adj.","B1"
"tighten","v.","C1"
"till","conj./prep.","B1"
"timber","n.","C1"
"time","n.","A1"
"time","v.","B2"
"timely","adj.","C1"
"timing","n.","B2"
"tin","n.","B1"
"tiny","adj.","B1"
"tip","n.","A2"
"tip","v.","B1"
"tire","v.","B2"
"tired","adj.","A1"
"tissue","n.","B2"
"title","n.","A1"
"title","v.","B2"
"to","infinitive marker","A1"
"to","prep.","A1"
"tobacco","n.","C1"
"today","adv.","A1"
"today","n.","A1"
"toe","n.","B1"
"together","adv.","A1"
"toilet","n.","A1"
"tolerance","n.","C1"
"tolerate","v.","C1"
"toll","n.","C1"
"tomato","n.","A1"
"tomorrow","adv.","A1"
"tomorrow","n.","A1"
"ton","n.","B2"
"tone","n.","B2"
s"tongue","n.","B1"
"tonight","adv.","A1"
"tonight","n.","A1"
"tonne","n.","B2"
"too","adv.","A1"
"tool","n.","A2"
"tooth","n.","A1"
"top","adj.","A2"
"top","n.","A2"
"top","v.","C1"
"topic","n.","A1"
"torture","n.","C1"
"torture","v.","C1"
"toss","v.","C1"
"total","adj.","B1"
"total","n.","B1"
"total","v.","C1"
"totally","adv.","B1"
"touch","n.","B1"
"touch","v.","A2"
"tough","adj.","B2"
"tour","n.","A2"
"tour","v.","B1"
"tourism","n.","A2"
"tourist","n.","A1"
"tournament","n.","B2"
"towards","prep.","A2"
"towel","n.","A2"
"tower","n.","A2"
"town","n.","A1"
"toxic","adj.","C1"
"toy","adj.","A2"
"toy","n.","A2"
"trace","n.","C1"
"trace","v.","B2"
"track","n.","A2"
"track","v.","B2"
"trade","n.","B1"
"trade","v.","B1"
"trademark","n.","C1"
"trading","n.","B2"
"tradition","n.","A2"
"traditional","adj.","A2"
"traffic","n.","A1"
"tragedy","n.","B2"
"tragic","adj.,","B2"
"trail","n.","C1"
"trail","v.","C1"
"trailer","n.","C1"
"train","n.","A1"
"train","v.","A2"
"trainer","n.","A2"
"training","n.","A2"
"trait","n.","B2"
"transaction","n.","C1"
"transcript","n.","C1"
"transfer","n.","B2"
"transfer","v.","B2"
"transform","v.","B2"
"transformation","n.","C1"
"transit","n.","C1"
"transition","n.","B2"
"translate","v.","B1"
"translation","n.","B1"
"transmission","n.","C1"
"transmit","v.","B2"
"transparency","п.","С1"
"transparent","adj.","C1"
"transport","n.","A2"
"transport","v.","B1"
"transportation","n.","B2"
"trap","n.","B2"
"trap","v.","B2"
"trauma","n.","C1"
"travel","n.","A1"
"travel","v.","A1"
"traveller","n.","A2"
"treasure","n.","B2"
"treat","v.","B1"
"treatment","n.","B1"
"treaty","n.","C1"
"tree","n.","A1"
"tremendous","adj.","C1"
"trend","n.","B1"
"trial","n.","B2"
"tribal","adj.","C1"
"tribe","n.","B2"
"tribunal","n.","C1"
"tribute","n.","C1"
"trick","n.","B1"
"trick","v.","B1"
"trigger","n.","C1"
"trigger","v.","B2"
"trillion","number","B2"
"trio","n.","C1"
"trip","n.","A1"
"trip","v.","B2"
"triumph","n.","C1"
"troop","n.","B2"
"trophy","n.","C1"
"tropical","adj.","B2"
"troubled","adj.","C1"
"trouble","n.","A2"
"trouble","v.","B2"
"trousers","n.","A1"
"truck","n.","A2"
"true","adj.","A1"
"truly","adv.","B2"
"trust","n.","B2"
"trust","v.","B2"
"trustee","n.","C1"
"truth","n.","B1"
"try","n.","B2"
"try","v.","A1"
"tsunami","n.","B2"
"T-shirt","n.","A1"
"tube","n.","B1"
"Tuesday","n.","A1"
"tuition","n.","C1"
"tune","n.","B2"
"tunnel","n.","B2"
"turn","n.","A1"
"turn","v.","A1"
"turnout","n.","C1"
"turnover","n.","C1"
"TV","n.","A1"
"twelve","number","A1"
"twenty","number","A1"
"twice","adv.","A1"
"twin","adj.","A2"
"twin","n.","A2"
"twist","n.","C1"
"twist","v.","C1"
"two","number","A1"
"type","n.","A1"
"type","v.","B1"
"typical","adj.","A2"
"typically","adv.","B1"
"tyre","n.","B1"
"ugly","adj.","B1"
"ultimate","adj.","B2"
"ultimately","adv.","B2"
"umbrella","n.","A1"
"unable","adj.","B1"
"unacceptable","adj.","B2"
"uncertainty","n.","B2"
"uncle","n.","A1"
"uncomfortable","adj.","B1"
"unconscious","adj.","B2"
"under","adv.","A1"
"under","prep.","A1"
"undergo","v.","B2"
"undergraduate","n.","C1"
"underground","adj.","A2"
"underground","adv.","A2"
"underlying","adj.","C1"
"undermine","v.","C1"
"understand","v.","A1"
"understanding","n.","A2"
"undertake","v.","B2"
"underwear","n.","B1"
"undoubtedly","adv.","C1"
"unemployed","adj.","B1"
"unemployment","n.","B1"
"unexpected","adj.","B2"
"unfair","adj.","B1"
"unfold","v.","B2"
"unfortunate","adj.","B2"
"unfortunately","adv.","A2"
"unhappy","adj.","A2"
"uniform","n.","A2"
"unify","v.","C1"
"union","n.","B1"
"unique","adj.","B2"
"unit","n.","A2"
"unite","v.","B2"
"united","adj.","A2"
"unity","n.","B2"
"universal","adj.","B2"
"universe","n.","B2"
"university","n.","A1"
"unknown","adj.","B2"
"unless","conj.","B1"
"unlike","prep.","B1"
"unlikely","adj.","B1"
"unnecessary","adj.","B1"
"unpleasant","adj.","B1"
"unprecedented","adj.","C1"
"until","conj./prep.","A1"
"unusual","adj.","A2"
"unveil","v.","C1"
"up","adv.","A1"
"up","prep.","A1"
"upcoming","adj.","C1"
"update","n.","B1"
"update","v.","B1"
"upgrade","n.","C1"
"upgrade","v.","C1"
"uphold","v.","C1"
"upon","prep.","B1"
"upper","adj.","B2"
"upset","adj.","B1"
"upset","v.","B1"
"upstairs","adj.","A2"
"upstairs","adv.","A1"
"upwards","adv.","B2"
"urban","adj.","B2"
"urge","v.","B2"
"urgent","adj.","B2"
"us","pron.","A1"
"usage","n.","B2"
"use","n.","A2"
"use","v.","A1"
"used¹","adj.","B1"
"used²","adj.","B1"
"used to","modal v.","A2"
"useful","adj.","A1"
"useless","adj.","B2"
"user","n.","A2"
"usual","adj.","A2"
"usually","adv.","A1"
"utility","n.","C1"
"utilize","v.","C1"
"utterly","adv.","C1"
"vacation","n.","A1"
"vacuum","n.","C1"
"vague","adj.","C1"
"valid","adj.","B2"
"validity","n.","C1"
"valley","n.","A2"
"valuable","adj.","B1"
"value","n.","B1"
"value","v.","B2"
"van","n.","A2"
"vanish","v.","C1"
"variable","adj.","C1"
"variable","n.","C1"
"variation","n.","B2"
"varied","adj.","C1"
"various","adj.","B1"
"vary","v.","B2"
"vast","adj.","B2"
"vegetable","n.","A1"
"vehicle","n.","A2"
"vein","n.","C1"
"venture","n.","C1"
"venture","v.","C1"
"venue","n.","B2"
"verbal","adj.","C1"
"verdict","n.","C1"
"verify","v.","C1"
"version","n.","B1"
"verse","n.","C1"
"versus","prep.","C1"
"vertical","adj.","B2"
"very","adv.","A1"
"very","adj.","B2"
"vessel","n.","C1"
"veteran","n.","C1"
"via","prep.","B2"
"viable","adj.,","C1"
"vibrant","adj.","C1"
"vice","n.","C1"
"vicious","adj.","C1"
"victim","n.","B1"
"victory","n.","B2"
"video","n.","A1"
"view","n.","A2"
"view","v.","B1"
"viewer","n.","B1"
"viewpoint","n.","B2"
"village","n.","A1"
"villager","n.","C1"
"violence","n.","B2"
"violent","adj.","B1"
"virtual","adj.","B2"
"virtue","n.","C1"
"virus","n.","A2"
"visa","n.","B2"
"visible","adj.","B2"
"vision","n.","B2"
"visit","n.","A1"
"visit","v.","A1"
"visitor","n.","A1"
"visual","adj.","B2"
"vital","adj.","B2"
"vitamin","n.","B2"
"vocal","adj.","C1"
"voice","n.","A2"
"volume","n.","B2"
"voluntary","adj.","B2"
"volunteer","n.","B1"
"volunteer","v.","B1"
"vote","n.","B1"
"vote","v.","B1"
"voting","n.","B2"
"vow","v.","C1"
"vulnerability","n.","C1"
"vulnerable","adj.","C1"
"wage","n.","B2"
"wait","n.","A2"
"wait","v.","A1"
"waiter","n.","A1"
"wake","v.","A1"
"walk","n.","A1"
"walk","v.","A1"
"wall","n.","A1"
"wander","v.","B2"
"want","v.","A1"
"war","n.","A2"
"ward","n.","C1"
"warehouse","n.","C1"
"warfare","n.","C1"
"warm","adj.","A1"
"warm","v.","B1"
"warming","n.","B2"
"warn","v.","B1"
"warning","n.","B1"
"warrant","n.","C1"
"warrant","v.","C1"
"warrior","n.","C1"
"wash","n.","A2"
"wash","v.","A1"
"washing","n.","A2"
"waste","adj.","B1"
"waste","n.","B1"
"waste","v.","B1"
"watch","n.","A1"
"watch","v.","A1"
"water","n.","A1"
"water","v.","B1"
"wave","n.","A2"
"wave","v.","B1"
"way","n.","A1"
"way","adv.","B2"
"we","pron.","A1"
"weak","adj.","A2"
"weaken","v.","C1"
"weakness","n.","B2"
"wealth","n.","B2"
"wealthy","adj.","B2"
"weapon","n.","B1"
"wear","v.","A1"
"weather","n.","A1"
"weave","v.","C1"
"web","n.","A2"
"website","n.","A1"
"wedding","n.","A2"
"Wednesday","n.","A1"
"weed","n.","C1"
"week","n.","A1"
"weekend","n.","A1"
"weekly","adj.","B2"
"weigh","v.","B1"
"weight","n.","A2"
"weird","adj.","B2"
"welcome","adj.","A1"
"welcome","exclam.","A1"
"welcome","n.","A2"
"welcome","v.","A1"
"welfare","n.","B2"
"well","adj.","A1"
"well","adv.","A1"
"well","exclam.","A1"
"well","n.","C1"
"well-being","n.","C1"
"west","adj.","A1"
"west","adv.","A1"
"west","n.","A1"
"western","adj.","B1"
"wet","adj.","A2"
"what","det.","A1"
"what","pron.","A1"
"whatever","det./pron.","B1"
"whatsoever","adv.","C1"
"wheat","n.","B2"
"wheel","n.","A2"
"when","adv.","A1"
"when","conj.","A1"
"when","pron.","A1"
"whenever","conj.","B1"
"where","adv.","A1"
"where","conj.","A1"
"whereas","conj.","B2"
"whereby","adv.","C1"
"wherever","conj.","B2"
"whether","conj.","B1"
"which","pron./det.","A1"
"while","conj.","A2"
"while","n.","B1"
"whilst","conj.","C1"
"whip","v.","C1"
"whisper","n.","B2"
"whisper","v.","B2"
"white","adj.","A1"
"white","n.","A1"
"who","pron.","A1"
"whoever","pron.","B2"
"whole","adj.","A2"
"whole","n.","B1"
"wholly","adv.","C1"
"whom","pron.","B2"
"whose","det./pron.","A2"
"why","adv.","A1"
"wide","adj.","A2"
"widely","adv.","B2"
"widen","v.","C1"
"widespread","adj.","B2"
"widow","n.","C1"
"width","n.","C1"
"wife","n.","A1"
"wild","adj.","A2"
"wildlife","n.","B2"
"will","modal v.","A1"
"will","n.","B1"
"willing","adj.","B2"
"willingness","n.","C1"
"win","n.","B1"
"win","v.","A1"
"wind¹","n.","A2"
"wind²","v.","B2"
"window","n.","A1"
"wine","n.","A1"
"wing","n.","B1"
"winner","n.","A2"
"winter","n.","A1"
"wipe","v.","C1"
"wire","n.","B2"
"wisdom","n.","B2"
"wise","adj.","B2"
"wish","n.","A2"
"wish","v.","A2"
"wit","n.","C1"
"with","prep.","A1"
"withdraw","v.","B2"
"withdrawal","n.","C1"
"within","prep.","B1"
"without","prep.","A1"
"witness","n.","B2"
"witness","v.","B2"
"woman","n.","A1"
"wonder","n.","B1"
"wonder","v.","B1"
"wonderful","adj.","A1"
"wood","n.","A2"
"wooden","adj.","A2"
"wool","n.","B1"
"word","n.","A1"
"work","n.","A1"
"work","v.","A1"
"worker","n.","A1"
"workforce","n.","B2"
"working","adj.","A2"
"workout","n.","C1"
"workplace","n.","B2"
"workshop","n.","B2"
"world","n.","A1"
"worldwide","adj.","B1"
"worldwide","adv.","B1"
"worm","n.","B2"
"worried","adj.","A2"
"worry","n.","B1"
"worry","v.","A2"
"worse","adj.","A2"
"worse","adv.","B1"
"worse","n.","B2"
"worship","n.","C1"
"worship","v.","C1"
"worst","adj.","A2"
"worst","adv.","B1"
"worst","n.","B2"
"worth","adj.","B1"
"worth","n.","B2"
"worthwhile","adj.","C1"
"worthy","adj.","C1"
"would","modal v.","A1"
"wound","n.","B2"
"wound","v.","B2"
"wow","exclam.","A2"
"wrap","v.","B2"
"wrist","n.","B2"
"write","v.","A1"
"writer","n.","A1"
"writing","n.","A1"
"written","adj.","B1"
"wrong","adj.","A1"
"wrong","adv.","B1"
"wrong","n.","B2"
"yard","n.","B1"
"yeah","exclam.","A1"
"year","n.","A1"
"yell","v.","C1"
"yellow","adj.","A1"
"yellow","n.","A1"
"yes","exclam.","A1"
"yesterday","adv.","A1"
"yesterday","n.","A1"
"yet","adv.","A2"
"yet","conj.","B2"
"yield","n.","C1"
"yield","v.","C1"
"you","pron.","A1"
"young","adj.","A1"
"young","n.","B1"
"youngster","n.","C1"
"your","det.","A1"
"yours","pron.","A2"
"yourself","pron.","A1"
"youth","n.","B1"
"zero","number","A2"
"zone","n.","B2"
