ID,TITLE,ANSWER,Level,lex_score,grammar_score,dictation_score,reasons
1,#1 WFD,The artists and conservative politicians follow their own rules in politics.,2,0,0,2,"lex=0(rare_avg=4.58: politicians(4.54), conservative(4.61)) | dictation=long(11); dense(6)"
2,#2 WFD,Please confirm that you have received the textbook.,1,0,1,0,"lex=0(rare_avg=4.08: textbook(3.77), confirm(4.40)) | grammar=perfect(have received)"
3,#3 WFD,The change of policy will have a great effect on society.,1,0,0,1,"lex=0(rare_avg=5.09: effect(5.02), policy(5.17)) | dictation=long(11)"
4,#4 WFD,You will acquire many skills during your academic studies.,1,0,0,0,"lex=0(rare_avg=4.35: acquire(4.13), academic(4.57))"
5,#5 WFD,Graduates from this course typically pursue careers in the financial sector.,2,0,0,2,"lex=0(rare_avg=4.05: graduates(4.02), careers(4.08)) | dictation=long(11); dense(7)"
6,#6 WFD,The features provide the same explanation of the problem.,1,0,0,0,"lex=0(rare_avg=4.69: explanation(4.44), features(4.94))"
7,#7 WFD,The results of the study underscore the importance of the discoveries from early detection.,2,1,0,2,"lex=1(rare_avg=3.35: underscore(2.97), discoveries(3.73)) | dictation=long(14); dense(7)"
8,#8 WFD,The program must be conducted in accordance with general regulations.,3,0,2,0,"lex=0(rare_avg=4.31: accordance(4.13), regulations(4.50)) | grammar=modal(must); passive(be conducted)"
9,#9 WFD,The undergraduates need some specific sources to analyze a program.,1,1,0,1,"lex=1(rare_avg=3.49: undergraduates(3.14), analyze(3.84)) | dictation=dense(6)"
10,#10 WFD,The department will continue to offer three new scholarships next year.,2,0,0,2,"lex=0(rare_avg=4.40: scholarships(3.76), offer(5.05)) | dictation=long(11); dense(8)"
11,#11 WFD,Dogs are able to provide assistance to people with disabilities.,1,0,0,1,"lex=0(rare_avg=4.26: disabilities(3.93), assistance(4.59)) | dictation=dense(6)"
12,#12 WFD,Popular culture is now a serious subject of academic inquiry.,1,0,0,1,"lex=0(rare_avg=4.41: inquiry(4.25), academic(4.57)) | dictation=dense(6)"
13,#13 WFD,The reading list will be available before the course begins.,1,0,0,0,"lex=0(rare_avg=4.88: begins(4.62), reading(5.14))"
14,#14 WFD,Books for children often contain many beautiful illustrations.,1,0,0,1,"lex=0(rare_avg=4.19: illustrations(3.87), contain(4.50)) | dictation=dense(7)"
15,#15 WFD,Blue whales are the largest animals that have ever lived.,1,0,1,1,"lex=0(rare_avg=4.30: whales(3.77), animals(4.84)) | grammar=perfect(have ever lived) | dictation=dense(6)"
16,#16 WFD,Free campus tour runs daily during the summer for prospective students.,2,0,0,2,"lex=0(rare_avg=4.19: prospective(3.87), campus(4.51)) | dictation=long(11); dense(8)"
17,#17 WFD,Interim grades will be posted on the board outside the student lounge.,2,0,1,2,"lex=0(rare_avg=3.96: lounge(3.92), interim(4.00)) | grammar=passive(be posted) | dictation=long(12); dense(7)"
18,#18 WFD,A regional assembly was moved to the devolution of power.,1,1,1,0,"lex=1(rare_avg=3.83: devolution(3.06), assembly(4.61)) | grammar=passive(was moved)"
19,#19 WFD,I think it's one of the best things I've done really.,2,0,0,3,"lex=0(rare_avg=5.66: done(5.58), things(5.74)) | dictation=contraction; long(11); dense(7)"
20,#20 WFD,The celebrated theory is still the source of great controversy.,1,0,0,0,"lex=0(rare_avg=4.25: celebrated(4.24), controversy(4.26))"
21,#21 WFD,A good academic paper should be clear.,1,0,1,0,"lex=0(rare_avg=4.82: academic(4.57), paper(5.07)) | grammar=modal(should)"
22,#22 WFD,"A good architectural structure should be useful, durable, and beautiful.",2,1,1,2,"lex=1(rare_avg=3.82: durable(3.68), architectural(3.96)) | grammar=modal(should) | dictation=list_enum; dense(6)"
23,#23 WFD,Employers accept applications from all academically graduated backgrounds.,1,1,0,1,"lex=1(rare_avg=3.49: academically(3.18), backgrounds(3.79)) | dictation=dense(6)"
24,#24 WFD,A balanced diet and regular exercise are necessary for good health.,2,0,0,2,"lex=0(rare_avg=4.38: balanced(4.18), diet(4.57)) | dictation=long(11); dense(7)"
25,#25 WFD,A good scientific paper should have clear arguments.,1,0,1,0,"lex=0(rare_avg=4.50: arguments(4.33), scientific(4.67)) | grammar=modal(should)"
26,#26 WFD,A massive accumulation of data was converted into a coherent argument.,2,1,1,2,"lex=1(rare_avg=3.61: accumulation(3.59), coherent(3.63)) | grammar=passive(was converted) | dictation=long(11); dense(6)"
27,#27 WFD,Today a number of students have volunteer jobs.,1,0,0,0,"lex=0(rare_avg=4.63: volunteer(4.28), jobs(4.98))"
29,#29 WFD,The educational level is found to be related to social and economic background.,2,0,1,2,"lex=0(rare_avg=4.68: educational(4.60), background(4.77)) | grammar=passive(be related) | dictation=long(13); dense(7)"
30,#30 WFD,A recent article shows a number of interesting experiments.,1,0,0,1,"lex=0(rare_avg=4.60: experiments(4.20), interesting(5.00)) | dictation=dense(6)"
31,#31 WFD,A very basic feature of computing would be counting and calculating.,2,1,1,1,"lex=1(rare_avg=3.82: calculating(3.57), computing(4.07)) | grammar=modal(would) | dictation=long(11)"
32,#32 WFD,Organization plays an important role in academic literature.,1,0,0,1,"lex=0(rare_avg=4.60: academic(4.57), literature(4.62)) | dictation=dense(6)"
33,#33 WFD,"Accountancy students probably have a good understanding of economics, statistics and psychology.",2,1,0,3,"lex=1(rare_avg=3.71: accountancy(3.10), psychology(4.31)) | dictation=list_enum; long(12); dense(8)"
34,#34 WFD,Accountant students should have a good understanding of the profit and loss statement.,2,0,1,2,"lex=0(rare_avg=4.23: accountant(3.76), profit(4.70)) | grammar=modal(should) | dictation=long(13); dense(7)"
35,#35 WFD,Students who study environmental biology need to do fieldwork.,2,1,1,1,"lex=1(rare_avg=3.59: fieldwork(2.96), biology(4.22)) | grammar=relative(who) | dictation=dense(6)"
36,#36 WFD,The posters are on display in the larger lecture theater.,1,0,0,0,"lex=0(rare_avg=4.06: posters(3.99), lecture(4.14))"
37,#37 WFD,Affordable housing is an important issue for all members of society.,2,0,1,2,"lex=0(rare_avg=4.49: affordable(4.22), housing(4.77)) | grammar=passive(is an important) | dictation=long(11); dense(6)"
38,#38 WFD,Agenda items should be submitted by the end of the day.,3,0,2,1,"lex=0(rare_avg=4.31: agenda(4.30), submitted(4.32)) | grammar=modal(should); passive(be submitted) | dictation=long(11)"
39,#39 WFD,All answers must be thoroughly researched and supported by relevant theories.,3,1,2,2,"lex=1(rare_avg=3.83: researched(3.56), thoroughly(4.09)) | grammar=modal(must); passive(be thoroughly researched) | dictation=long(11); dense(6)"
40,#40 WFD,All dissertations must be accompanied by a submission form.,3,1,2,0,"lex=1(rare_avg=3.43: dissertations(2.79), submission(4.07)) | grammar=modal(must); passive(be accompanied)"
41,#41 WFD,You must change your password every month.,1,0,1,0,"lex=0(rare_avg=4.65: password(4.06), month(5.25)) | grammar=modal(must)"
42,#42 WFD,All lectures and learning materials can be found on the internet.,1,0,0,1,"lex=0(rare_avg=4.37: lectures(3.96), materials(4.78)) | dictation=long(11)"
43,#43 WFD,All of the assignments must be submitted in person to the faculty office.,3,0,2,1,"lex=0(rare_avg=4.10: assignments(3.88), submitted(4.32)) | grammar=modal(must); passive(be submitted) | dictation=long(13)"
44,#44 WFD,You will be tested online.,1,0,1,0,"lex=0(rare_avg=4.84: tested(4.48), online(5.19)) | grammar=passive(be tested)"
45,#45 WFD,The research results will be shared with the internal and external stakeholders.,2,0,1,2,"lex=0(rare_avg=4.04: stakeholders(3.56), external(4.52)) | grammar=passive(be shared) | dictation=long(12); dense(6)"
46,#46 WFD,All students are expected to attend ten lab sessions per semester.,2,0,1,2,"lex=0(rare_avg=4.22: semester(4.03), lab(4.42)) | grammar=passive(are expected) | dictation=long(11); dense(8)"
47,#47 WFD,Two drops of the solution were heated in a test tube.,2,0,1,2,"lex=0(rare_avg=4.21: heated(4.09), drops(4.33)) | grammar=passive(were heated) | dictation=long(11); dense(6)"
48,#48 WFD,Technology has changed the media we both used and studied.,1,0,1,0,"lex=0(rare_avg=4.78: studied(4.49), changed(5.07)) | grammar=perfect(has changed)"
49,#49 WFD,Our view is that all the educational reforms have been inadequately implemented.,3,1,2,1,"lex=1(rare_avg=3.33: inadequately(2.60), reforms(4.06)) | grammar=passive(been inadequately implemented); perfect(have been inadequately implemented) | dictation=long(12)"
50,#50 WFD,"All writers, consciously or unconsciously, represent their own culture.",1,1,0,1,"lex=1(rare_avg=3.27: unconsciously(3.04), consciously(3.50)) | dictation=list_enum"
51,#51 WFD,"Although sustainable development is not easy, it is an unavoidable responsibility.",2,1,1,2,"lex=1(rare_avg=3.77: unavoidable(3.35), sustainable(4.19)) | grammar=adv_sub(although) | dictation=long(11); dense(6)"
52,#52 WFD,"In recent years, America has developed a coffee culture.",1,0,1,0,"lex=0(rare_avg=4.91: coffee(4.86), developed(4.95)) | grammar=perfect(has developed)"
53,#53 WFD,Our undergraduate courses are designed with employment ability in mind.,1,0,1,1,"lex=0(rare_avg=4.16: undergraduate(3.85), courses(4.46)) | grammar=passive(are designed with employment) | dictation=dense(6)"
54,#54 WFD,The National Center of Excellence is currently being built.,1,0,1,0,"lex=0(rare_avg=5.08: built(5.07), currently(5.08)) | grammar=passive(is currently being built)"
55,#55 WFD,An ancient text may hold secrets which were lost centuries ago.,3,0,2,2,"lex=0(rare_avg=4.31: secrets(4.31), centuries(4.32)) | grammar=modal(may); relative(which) | dictation=long(11); dense(7)"
56,#56 WFD,An architect requires problem-solving skills and an eye for design.,1,0,0,1,"lex=0(rare_avg=4.04: solving(3.99), architect(4.08)) | dictation=dense(7)"
57,#57 WFD,Research shows that knowledge and experience are essential to creativity.,1,0,0,1,"lex=0(rare_avg=4.31: creativity(4.01), essential(4.61)) | dictation=dense(6)"
58,#58 WFD,"And in that regard, as well as in other regards, it stands as an important contribution.",2,0,0,3,"lex=0(rare_avg=4.27: regards(4.20), contribution(4.34)) | dictation=list_enum; long(16); dense(6)"
59,#59 WFD,Animals raised in captivity behave differently from their wild counterparts.,1,1,0,1,"lex=1(rare_avg=3.66: captivity(3.56), counterparts(3.75)) | dictation=dense(7)"
60,#60 WFD,The library is located on the north side of the campus.,2,0,1,1,"lex=0(rare_avg=4.69: campus(4.51), library(4.86)) | grammar=passive(is located) | dictation=long(11)"
61,#61 WFD,"Artists, other than politicians, played their own roles as critics of the culture.",2,0,0,3,"lex=0(rare_avg=4.42: critics(4.39), roles(4.44)) | dictation=list_enum; long(13); dense(6)"
62,#62 WFD,The school theater study helps students to exercise their activities.,1,0,0,1,"lex=0(rare_avg=4.51: theater(4.35), exercise(4.68)) | dictation=dense(7)"
63,#63 WFD,Atmosphere is composed of several layers.,1,0,1,0,"lex=0(rare_avg=4.22: layers(4.17), composed(4.27)) | grammar=passive(is composed)"
64,#64 WFD,Attracting skilled workers to the city with expensive housing is hard.,2,0,0,2,"lex=0(rare_avg=3.91: attracting(3.69), skilled(4.13)) | dictation=long(11); dense(7)"
65,#65 WFD,"Poverty exists everywhere, but the situation has improved.",1,0,1,0,"lex=0(rare_avg=4.47: poverty(4.46), exists(4.48)) | grammar=perfect(has improved)"
66,#66 WFD,Bad policy decisions led to the financial crisis.,1,0,0,1,"lex=0(rare_avg=4.67: crisis(4.62), decisions(4.72)) | dictation=dense(6)"
67,#67 WFD,"Before attending the lecture, you must register online or by post.",2,0,1,1,"lex=0(rare_avg=4.22: lecture(4.14), attending(4.31)) | grammar=modal(must) | dictation=long(11)"
68,#68 WFD,"Before completing the exercise, you need to read the remaining chapters.",2,0,0,2,"lex=0(rare_avg=4.08: completing(4.06), chapters(4.10)) | dictation=long(11); dense(6)"
69,#69 WFD,"Before submitting your dissertation, your advisor must approve your application.",1,1,1,0,"lex=1(rare_avg=3.63: submitting(3.56), dissertation(3.70)) | grammar=modal(must)"
70,#70 WFD,"Behind the barn, there is a flat cart drawn by mules.",2,1,0,2,"lex=1(rare_avg=3.54: mules(3.11), cart(3.98)) | dictation=long(11); dense(6)"
71,#71 WFD,"Often, people do not listen to understand; they listen to respond.",2,0,0,2,"lex=0(rare_avg=4.79: respond(4.53), listen(5.06)) | dictation=long(11); dense(6)"
72,#72 WFD,There are still some tickets available for the concert next Wednesday.,1,0,0,1,"lex=0(rare_avg=4.57: concert(4.55), tickets(4.60)) | dictation=long(11)"
73,#73 WFD,Weather forecasts will have a big change in the next century.,2,0,0,2,"lex=0(rare_avg=4.22: forecasts(3.58), weather(4.87)) | dictation=long(11); dense(6)"
74,#74 WFD,Below the heating controls in the middle is a small round plastic button.,2,0,0,2,"lex=0(rare_avg=4.29: heating(4.18), controls(4.41)) | dictation=long(13); dense(7)"
75,#75 WFD,The horizontal line on the graph indicates that there was no change in the period.,2,0,0,2,"lex=0(rare_avg=3.97: horizontal(3.90), graph(4.05)) | dictation=long(15); dense(6)"
76,#76 WFD,Building trust is not something that can be achieved overnight.,1,0,1,0,"lex=0(rare_avg=4.34: overnight(4.19), achieved(4.49)) | grammar=passive(be achieved)"
77,#77 WFD,Calculations may not be needed in this examination.,3,0,2,0,"lex=0(rare_avg=4.06: calculations(3.87), examination(4.26)) | grammar=modal(may); passive(be needed)"
78,#78 WFD,Career opportunities in this field are quite limited.,1,0,1,0,"lex=0(rare_avg=4.81: opportunities(4.61), limited(5.02)) | grammar=passive(are quite limited)"
79,#79 WFD,Use the camera to see the fish.,1,0,0,0,"lex=0(rare_avg=4.88: camera(4.87), fish(4.90))"
80,#80 WFD,Contracts can help to avoid misunderstandings between businesses.,1,1,0,0,"lex=1(rare_avg=3.75: misunderstandings(3.11), contracts(4.40))"
81,#81 WFD,Certain scientific principles must be learned verbally or by logical deduction.,3,1,2,2,"lex=1(rare_avg=3.44: verbally(3.41), deduction(3.46)) | grammar=modal(must); passive(be learned) | dictation=long(11); dense(7)"
82,#82 WFD,Cinema and music are as important as science and mathematics.,1,0,1,0,"lex=0(rare_avg=4.16: mathematics(4.15), cinema(4.17)) | grammar=passive(are as important)"
83,#83 WFD,Please click the logo above to enter the site.,1,0,0,0,"lex=0(rare_avg=4.54: logo(4.28), enter(4.81))"
84,#84 WFD,Climate change is a fierce phenomenon acknowledged by scientists.,1,0,0,1,"lex=0(rare_avg=4.00: fierce(3.92), acknowledged(4.08)) | dictation=dense(6)"
85,#85 WFD,Climate change is now an acceptable phenomenon among a group of reputable scientists.,2,1,0,2,"lex=1(rare_avg=3.77: reputable(3.41), phenomenon(4.13)) | dictation=long(13); dense(8)"
86,#86 WFD,Clinical placements in nursing prepare students for professional practice.,1,1,0,1,"lex=1(rare_avg=3.79: placements(3.27), nursing(4.32)) | dictation=dense(7)"
87,#87 WFD,Collaboration between departments is a feature of successful companies.,1,0,0,0,"lex=0(rare_avg=4.24: departments(4.20), collaboration(4.28))"
88,#88 WFD,Companies want to protect their brands from negative comments.,1,0,0,1,"lex=0(rare_avg=4.55: brands(4.32), negative(4.79)) | dictation=dense(6)"
89,#89 WFD,Competition for places in this course is fierce.,1,0,0,0,"lex=0(rare_avg=4.42: fierce(3.92), competition(4.91))"
90,#90 WFD,Students are required to have an undergraduate degree in biology to be enrolled in this course.,2,1,1,2,"lex=1(rare_avg=3.88: undergraduate(3.85), enrolled(3.92)) | grammar=passive(are required) | dictation=long(16); dense(7)"
91,#91 WFD,Conferences ought to be always scheduled two weeks in advance.,1,0,1,1,"lex=0(rare_avg=4.19: conferences(4.03), ought(4.35)) | grammar=passive(be always scheduled) | dictation=dense(6)"
92,#92 WFD,Consumer confidence has a direct influence on sales.,1,0,0,0,"lex=0(rare_avg=4.61: consumer(4.56), confidence(4.65))"
93,#93 WFD,Control systems in manufacturing provide a high level of accuracy.,1,0,0,1,"lex=0(rare_avg=4.40: accuracy(4.24), manufacturing(4.56)) | dictation=dense(7)"
94,#94 WFD,Convincing evidence to support this theory is hard to obtain.,1,0,0,1,"lex=0(rare_avg=4.19: convincing(3.97), obtain(4.40)) | dictation=dense(6)"
95,#95 WFD,Coursework and exams will form part of the annual assessment.,1,1,0,1,"lex=1(rare_avg=3.50: coursework(3.00), exams(4.00)) | dictation=dense(6)"
96,#96 WFD,Create a playlist of your favorite music to help you relax in difficult situations.,2,0,0,2,"lex=0(rare_avg=3.95: playlist(3.61), relax(4.29)) | dictation=long(14); dense(8)"
97,#97 WFD,Daily practice can build confidence and improve skills.,1,0,0,1,"lex=0(rare_avg=4.71: confidence(4.65), skills(4.77)) | dictation=dense(6)"
98,#98 WFD,"Global connections increased in academic communities, thanks to social media.",1,0,0,1,"lex=0(rare_avg=4.45: connections(4.32), academic(4.57)) | dictation=dense(8)"
99,#99 WFD,"Despite the protest, the chemistry department was closed down.",3,0,2,0,"lex=0(rare_avg=4.40: chemistry(4.35), protest(4.45)) | grammar=adv_sub(despite); passive(was closed)"
100,#100 WFD,"Doctoral writings have a structure in place, as well as scientific papers.",2,1,0,2,"lex=1(rare_avg=3.76: doctoral(3.55), writings(3.98)) | dictation=long(12); dense(7)"
101,#101 WFD,Classical mechanics is sometimes considered as a branch of applied mathematics.,2,0,1,2,"lex=0(rare_avg=4.14: mechanics(4.13), mathematics(4.15)) | grammar=passive(is sometimes considered) | dictation=long(11); dense(7)"
102,#102 WFD,The course places considerable emphasis on critical thinking skills.,1,0,0,1,"lex=0(rare_avg=4.22: emphasis(4.19), considerable(4.25)) | dictation=dense(7)"
103,#103 WFD,Eating too much can lead to too many health problems.,1,0,0,1,"lex=0(rare_avg=5.02: eating(4.85), problems(5.19)) | dictation=dense(6)"
104,#104 WFD,Economic problems caused a big rise in unemployment.,1,0,0,1,"lex=0(rare_avg=4.51: unemployment(4.22), rise(4.81)) | dictation=dense(6)"
105,#105 WFD,The economic strength of the early Roman Republic will be examined.,2,0,1,1,"lex=0(rare_avg=4.45: examined(4.10), strength(4.80)) | grammar=passive(be examined) | dictation=long(11)"
106,#106 WFD,Education and training provide important skills for the labor force.,1,0,0,1,"lex=0(rare_avg=4.77: skills(4.77), labor(4.77)) | dictation=dense(7)"
107,#107 WFD,Efforts are being made to reduce harmful emissions.,1,0,0,0,"lex=0(rare_avg=4.02: harmful(3.97), emissions(4.07))"
108,#108 WFD,Eight groups need to submit the outlines of their projects to their tutors.,2,1,0,2,"lex=1(rare_avg=3.38: tutors(3.15), outlines(3.60)) | dictation=long(13); dense(7)"
109,#109 WFD,We are on track for one billion tobacco-related deaths this century.,2,0,0,2,"lex=0(rare_avg=4.36: tobacco(4.19), deaths(4.53)) | dictation=long(11); dense(7)"
110,#110 WFD,"A demonstrated ability to write clear, correct and concise English is obligatory.",2,1,0,3,"lex=1(rare_avg=3.42: obligatory(3.39), concise(3.46)) | dictation=list_enum; long(12); dense(7)"
112,#112 WFD,Essential textbooks can be purchased from the campus bookshop.,1,1,1,0,"lex=1(rare_avg=3.38: bookshop(3.11), textbooks(3.66)) | grammar=passive(be purchased)"
113,#113 WFD,A good research assistant is not afraid to ask questions.,1,0,0,1,"lex=0(rare_avg=4.71: afraid(4.70), assistant(4.72)) | dictation=dense(6)"
114,#114 WFD,The evaluation form will be reviewed by university personnel.,1,0,1,0,"lex=0(rare_avg=4.22: evaluation(4.21), reviewed(4.23)) | grammar=passive(be reviewed)"
115,#115 WFD,Every student has both the right and the ability to succeed.,1,0,0,1,"lex=0(rare_avg=4.62: succeed(4.29), ability(4.96)) | dictation=long(11)"
116,#116 WFD,The urban planner must ensure that the traffic flow is smooth.,2,0,1,2,"lex=0(rare_avg=3.96: planner(3.53), smooth(4.40)) | grammar=modal(must) | dictation=long(11); dense(6)"
117,#117 WFD,Exercise reduces the risk of morbid obesity.,1,1,0,0,"lex=1(rare_avg=3.54: morbid(3.26), obesity(3.81))"
118,#118 WFD,Experts are now able to forecast weather over much longer periods.,2,0,0,2,"lex=0(rare_avg=4.21: forecast(4.09), periods(4.33)) | dictation=long(11); dense(7)"
119,#119 WFD,Experts are thinking that the world's climate is changing.,1,0,0,1,"lex=0(rare_avg=4.56: experts(4.52), world's(4.61)) | dictation=contraction"
120,#120 WFD,Experts believe that industrial development will help the economy.,1,0,0,1,"lex=0(rare_avg=4.62: experts(4.52), industrial(4.71)) | dictation=dense(6)"
121,#121 WFD,Fashion trends help people to make life interesting.,1,0,0,1,"lex=0(rare_avg=4.57: trends(4.32), fashion(4.82)) | dictation=dense(7)"
122,#122 WFD,A good way to improve vocabulary is repetition.,1,1,0,0,"lex=1(rare_avg=3.65: repetition(3.48), vocabulary(3.82))"
123,#123 WFD,Final year business students have to write a five-thousand-word essay on market trends.,2,0,0,2,"lex=0(rare_avg=4.28: essay(4.23), trends(4.32)) | dictation=long(13); dense(11)"
124,#124 WFD,Find out how to get your resources before your research.,1,0,0,0,"lex=0(rare_avg=5.15: resources(4.91), research(5.39))"
125,#125 WFD,Meeting with mentors can be scheduled for students who require additional support.,3,1,2,2,"lex=1(rare_avg=3.87: mentors(3.29), scheduled(4.45)) | grammar=passive(be scheduled); relative(who) | dictation=long(12); dense(7)"
126,#126 WFD,Freshwater creatures didn't appear in the paintings until the modern period.,2,1,0,3,"lex=1(rare_avg=3.86: freshwater(3.52), paintings(4.20)) | dictation=contraction; long(11); dense(8)"
127,#127 WFD,Generally young children around the world enjoy listening to stories.,1,0,0,1,"lex=0(rare_avg=4.80: listening(4.66), generally(4.95)) | dictation=dense(8)"
128,#128 WFD,Geography is generally divided into two main branches: human and physical.,2,0,1,2,"lex=0(rare_avg=4.09: geography(3.98), branches(4.21)) | grammar=passive(is generally divided) | dictation=long(11); dense(8)"
129,#129 WFD,Good research delivers practical benefit to real people.,1,0,0,1,"lex=0(rare_avg=4.17: delivers(3.86), practical(4.48)) | dictation=dense(7)"
130,#130 WFD,This course mainly introduces statistics and data analysis.,1,0,0,1,"lex=0(rare_avg=4.20: introduces(3.80), mainly(4.60)) | dictation=dense(6)"
131,#131 WFD,The electric buses have an impact on air pollution.,1,0,0,0,"lex=0(rare_avg=4.11: buses(4.02), pollution(4.20))"
132,#132 WFD,Government reforms have been proposed at all levels.,3,0,2,0,"lex=0(rare_avg=4.38: reforms(4.06), proposed(4.71)) | grammar=passive(been proposed); perfect(have been proposed)"
133,#133 WFD,There will be no tutorials until next week.,1,0,0,0,"lex=0(rare_avg=4.51: tutorials(3.46), week(5.56))"
134,#134 WFD,The study of anthropology can help us to learn about society today.,2,0,0,2,"lex=0(rare_avg=4.41: anthropology(3.65), learn(5.17)) | dictation=long(12); dense(6)"
135,#135 WFD,A lack of sleep can increase the chance of some illnesses.,1,0,0,1,"lex=0(rare_avg=4.29: illnesses(3.67), lack(4.92)) | dictation=long(11)"
136,#136 WFD,He landed a job in a very prestigious law firm.,1,0,0,0,"lex=0(rare_avg=4.05: prestigious(3.86), landed(4.24))"
137,#137 WFD,He started his tutorial presentation right on time.,1,0,0,0,"lex=0(rare_avg=4.05: tutorial(3.80), presentation(4.31))"
138,#138 WFD,He was not the only one to call for a legal reform in the sixteenth century.,2,0,0,2,"lex=0(rare_avg=3.96: sixteenth(3.38), reform(4.53)) | dictation=long(16); dense(6)"
139,#139 WFD,Put the knife and fork next to the spoon near the edge of the table.,2,0,0,2,"lex=0(rare_avg=3.96: spoon(3.88), fork(4.03)) | dictation=long(15); dense(8)"
140,#140 WFD,Heavy rain will fall across the city next week.,1,0,0,1,"lex=0(rare_avg=4.83: rain(4.71), heavy(4.96)) | dictation=dense(7)"
141,#141 WFD,A higher number of patients were infected during previous outbreaks of illness.,2,1,1,2,"lex=1(rare_avg=3.74: outbreaks(3.35), infected(4.13)) | grammar=passive(were infected) | dictation=long(12); dense(7)"
142,#142 WFD,The typical part of this course involves the study of society.,2,0,0,2,"lex=0(rare_avg=4.46: involves(4.34), typical(4.59)) | dictation=long(11); dense(6)"
143,#143 WFD,Hundreds of scientific papers have been published on global warming.,3,0,2,1,"lex=0(rare_avg=4.33: warming(4.05), hundreds(4.61)) | grammar=passive(been published); perfect(have been published) | dictation=dense(6)"
144,#144 WFD,I don't think it's possible to solve the problem easily.,1,0,0,2,"lex=0(rare_avg=4.67: solve(4.42), easily(4.91)) | dictation=contraction; dense(7)"
145,#145 WFD,Poor posture and neck strain are common for office workers.,1,0,0,1,"lex=0(rare_avg=3.90: posture(3.65), strain(4.15)) | dictation=dense(7)"
146,#146 WFD,I thought we would meet in the small meeting room.,1,0,1,0,"lex=0(rare_avg=5.21: meeting(5.15), meet(5.27)) | grammar=modal(would)"
147,#147 WFD,I will come back to this in a moment.,1,0,0,0,"lex=0(rare_avg=5.51: moment(5.24), come(5.78))"
148,#148 WFD,I will now demonstrate how the reaction can be arrested by adding a dilute acid.,2,1,1,2,"lex=1(rare_avg=3.69: dilute(3.18), demonstrate(4.20)) | grammar=passive(be arrested) | dictation=long(15); dense(6)"
149,#149 WFD,Identity theft happens to thousands of people every day.,1,0,0,1,"lex=0(rare_avg=4.39: theft(4.13), identity(4.65)) | dictation=dense(6)"
150,#150 WFD,"If finance is a cause of concern, scholarships may be available.",2,0,1,1,"lex=0(rare_avg=4.21: scholarships(3.76), finance(4.65)) | grammar=modal(may) | dictation=long(11)"
151,#151 WFD,The new research has produced some other unexpected results.,1,0,1,0,"lex=0(rare_avg=4.55: unexpected(4.23), produced(4.87)) | grammar=perfect(has produced)"
152,#152 WFD,"If you are not sure, phone student services for help.",1,0,0,0,"lex=0(rare_avg=5.16: student(5.02), phone(5.30))"
153,#153 WFD,"If you need additional help, please visit the university resources center.",2,0,0,2,"lex=0(rare_avg=4.95: resources(4.91), additional(4.98)) | dictation=long(11); dense(8)"
154,#154 WFD,Global pollution levels are rising at an increasing rate.,1,0,0,1,"lex=0(rare_avg=4.36: pollution(4.20), rising(4.52)) | dictation=dense(6)"
155,#155 WFD,Important details from the argument are missing in the summary.,1,0,0,0,"lex=0(rare_avg=4.50: summary(4.37), argument(4.64))"
156,#156 WFD,All of your assignments are due by tomorrow.,1,0,0,0,"lex=0(rare_avg=4.45: assignments(3.88), tomorrow(5.02))"
157,#157 WFD,"In addition to the class requirements, students must pass the qualifying examinations.",2,1,1,2,"lex=1(rare_avg=3.81: examinations(3.61), qualifying(4.01)) | grammar=modal(must) | dictation=long(12); dense(7)"
158,#158 WFD,"In this language course, we focus on fluency and accuracy.",1,1,0,0,"lex=1(rare_avg=3.63: fluency(3.02), accuracy(4.24))"
159,#159 WFD,"Theory, of course, contributes to the community.",1,0,0,1,"lex=0(rare_avg=4.31: contributes(3.74), theory(4.88)) | dictation=list_enum"
160,#160 WFD,"Inflation affects the demand, pricing and consumption of most products.",1,0,0,2,"lex=0(rare_avg=4.09: pricing(4.04), inflation(4.14)) | dictation=list_enum; dense(6)"
161,#161 WFD,Information may soon disappear forever as fewer people are reading classical languages.,2,0,1,2,"lex=0(rare_avg=4.17: disappear(4.09), classical(4.26)) | grammar=modal(may) | dictation=long(12); dense(9)"
162,#162 WFD,Urban planners plant trees in cities for a better environment.,1,0,0,1,"lex=0(rare_avg=4.10: planners(3.55), urban(4.65)) | dictation=dense(7)"
163,#163 WFD,A number of assignments will be submitted to the conference.,1,0,1,0,"lex=0(rare_avg=4.10: assignments(3.88), submitted(4.32)) | grammar=passive(be submitted)"
164,#164 WFD,It is absolutely vital that you acknowledge all your sources.,1,0,0,0,"lex=0(rare_avg=4.28: acknowledge(4.18), vital(4.38))"
165,#165 WFD,It is absolutely vital to allocate your resources.,1,1,0,0,"lex=1(rare_avg=3.84: allocate(3.31), vital(4.38))"
166,#166 WFD,It is hard to observe the reaction of the character.,1,0,0,0,"lex=0(rare_avg=4.39: observe(4.06), reaction(4.73))"
167,#167 WFD,It is important for students to keep up with the deadline.,2,0,1,1,"lex=0(rare_avg=4.69: deadline(4.12), students(5.25)) | grammar=passive(is important) | dictation=long(11)"
168,#168 WFD,It is important to allocate your time wisely when revising.,1,1,1,0,"lex=1(rare_avg=3.25: revising(3.18), allocate(3.31)) | grammar=passive(is important)"
169,#169 WFD,It is important to make clear notes while you are reading.,2,0,1,2,"lex=0(rare_avg=4.99: notes(4.84), reading(5.14)) | grammar=passive(is important) | dictation=long(11); dense(6)"
170,#170 WFD,It is really a comprehensive program covering both theory and practice.,2,0,0,2,"lex=0(rare_avg=4.41: comprehensive(4.36), covering(4.45)) | dictation=long(11); dense(6)"
172,#172 WFD,A rising population means more trees are cut down.,1,0,0,0,"lex=0(rare_avg=4.61: rising(4.52), trees(4.69))"
173,#173 WFD,It may not be possible to solve the problem easily.,1,0,1,0,"lex=0(rare_avg=4.67: solve(4.42), easily(4.91)) | grammar=modal(may)"
174,#174 WFD,There are three courses in our study programs.,1,0,0,0,"lex=0(rare_avg=4.68: courses(4.46), programs(4.90))"
175,#175 WFD,It was hard to anticipate how all the different characters would react.,2,0,1,1,"lex=0(rare_avg=3.95: anticipate(3.73), react(4.16)) | grammar=modal(would) | dictation=long(12)"
176,#176 WFD,It's confidence and it's optimism that I now have.,1,0,0,1,"lex=0(rare_avg=4.16: optimism(3.66), confidence(4.65)) | dictation=contraction"
177,#177 WFD,It's just a feeling of having tried something new and succeeded.,2,0,0,3,"lex=0(rare_avg=4.63: succeeded(4.14), feeling(5.13)) | dictation=contraction; long(11); dense(7)"
178,#178 WFD,Laws protect consumer rights and help to avoid market problems.,1,0,0,1,"lex=0(rare_avg=4.71: consumer(4.56), avoid(4.87)) | dictation=dense(8)"
179,#179 WFD,Lectures are the oldest and the most formal teaching method at university.,2,0,0,2,"lex=0(rare_avg=4.10: lectures(3.96), oldest(4.24)) | dictation=long(12); dense(6)"
180,#180 WFD,Most homebuyers receive a loan from the bank.,1,1,0,0,"lex=1(rare_avg=3.67: homebuyers(2.66), loan(4.68))"
181,#181 WFD,Let me give you an example to explain what I mean.,1,0,0,1,"lex=0(rare_avg=5.08: explain(4.89), example(5.27)) | dictation=long(11)"
182,#182 WFD,Antibiotics are agents that are effective in controlling the spread of bacteria.,2,0,0,2,"lex=0(rare_avg=3.96: antibiotics(3.74), controlling(4.17)) | dictation=long(12); dense(6)"
183,#183 WFD,Let me know if anyone struggles in the lab.,1,0,0,0,"lex=0(rare_avg=4.25: struggles(4.08), lab(4.42))"
184,#184 WFD,Library reference desks hold a lot of materials on academic history.,2,0,0,2,"lex=0(rare_avg=3.98: desks(3.39), academic(4.57)) | dictation=long(11); dense(8)"
185,#185 WFD,Researchers say many students feel stressed and it affects academic results.,2,0,0,2,"lex=0(rare_avg=4.17: affects(4.16), stressed(4.18)) | dictation=long(11); dense(9)"
186,#186 WFD,His appointment as Minister of Culture was seen as a demotion.,2,1,0,1,"lex=1(rare_avg=3.60: demotion(2.70), appointment(4.49)) | dictation=long(11)"
187,#187 WFD,The commission of funds supported by the authorities has raised an argument.,2,0,1,2,"lex=0(rare_avg=4.63: authorities(4.63), argument(4.64)) | grammar=perfect(has raised an argument) | dictation=long(12); dense(6)"
188,#188 WFD,"Making mistakes is fine, as long as you learn from them.",2,0,1,1,"lex=0(rare_avg=4.81: mistakes(4.45), learn(5.17)) | grammar=phrase(as long as) | dictation=long(11)"
189,#189 WFD,Many birds migrate to warmer areas for the winter.,1,1,0,1,"lex=1(rare_avg=3.59: migrate(3.43), warmer(3.76)) | dictation=dense(6)"
190,#190 WFD,Many toxins originate from plants or animals.,1,1,0,0,"lex=1(rare_avg=3.44: originate(3.37), toxins(3.50))"
191,#191 WFD,The financial market reacts wildly to political uncertainty.,1,1,0,1,"lex=1(rare_avg=3.64: reacts(3.57), wildly(3.71)) | dictation=dense(6)"
192,#192 WFD,Measuring personal experience of happiness is easier than you would think.,2,0,1,2,"lex=0(rare_avg=4.26: measuring(4.07), happiness(4.44)) | grammar=modal(would) | dictation=long(11); dense(6)"
195,#195 WFD,There will be a guest lecturer in the next class.,1,0,0,0,"lex=0(rare_avg=4.15: lecturer(3.72), guest(4.58))"
196,#196 WFD,Money and how it is paid can affect the motivation to work.,2,0,1,1,"lex=0(rare_avg=4.40: motivation(4.22), affect(4.59)) | grammar=passive(is paid) | dictation=long(12)"
197,#197 WFD,"Most critics agreed with the new theory, but a few disagreed.",1,0,0,1,"lex=0(rare_avg=3.94: disagreed(3.49), critics(4.39)) | dictation=long(11)"
198,#198 WFD,Most of the students have not considered this issue before.,1,0,1,0,"lex=0(rare_avg=5.16: considered(5.08), issue(5.23)) | grammar=perfect(have not considered)"
199,#199 WFD,Most of the theories were quite similar but a few critics disagreed.,2,1,0,1,"lex=1(rare_avg=3.85: disagreed(3.49), theories(4.22)) | dictation=long(12)"
200,#200 WFD,Most of these features were part of the previous system.,1,0,0,0,"lex=0(rare_avg=4.97: features(4.94), previous(5.00))"
201,#201 WFD,Most scientists believe that climate change threatens lives on the earth.,2,0,0,2,"lex=0(rare_avg=4.12: threatens(3.75), scientists(4.50)) | dictation=long(11); dense(7)"
202,#202 WFD,Feedback can be given in a variety of ways.,1,0,1,0,"lex=0(rare_avg=4.54: feedback(4.32), variety(4.75)) | grammar=passive(be given)"
203,#203 WFD,"To gain access to the facilities, student cards must be shown.",3,0,2,2,"lex=0(rare_avg=4.71: facilities(4.66), cards(4.76)) | grammar=modal(must); passive(be shown) | dictation=long(11); dense(6)"
204,#204 WFD,Most teaching staff make their lecture notes available online.,1,0,0,1,"lex=0(rare_avg=4.43: lecture(4.14), teaching(4.72)) | dictation=dense(7)"
205,#205 WFD,Most university teaching still takes place in lectures and seminars.,1,1,0,1,"lex=1(rare_avg=3.73: seminars(3.50), lectures(3.96)) | dictation=dense(6)"
206,#206 WFD,Mutually exclusive events can be described as either complementary or opposite.,2,1,1,2,"lex=1(rare_avg=3.62: complementary(3.56), mutually(3.68)) | grammar=passive(be described) | dictation=long(11); dense(7)"
207,#207 WFD,NASA has been at the forefront of deep space exploration.,3,1,2,0,"lex=1(rare_avg=3.86: forefront(3.52), exploration(4.19)) | grammar=passive(been at the forefront); perfect(has been)"
208,#208 WFD,It is necessary that literacy should be taught at secondary school.,3,0,2,1,"lex=0(rare_avg=4.21: literacy(3.90), secondary(4.53)) | grammar=modal(should); passive(be taught) | dictation=long(11)"
209,#209 WFD,Neurons are principally involved in chemical processes.,1,1,1,0,"lex=1(rare_avg=3.55: principally(3.40), neurons(3.71)) | grammar=passive(are principally involved)"
210,#210 WFD,Newspapers are supported primarily by the sale of advertising space.,1,0,1,1,"lex=0(rare_avg=4.37: newspapers(4.25), primarily(4.48)) | grammar=passive(are supported) | dictation=dense(6)"
211,#211 WFD,No more than four people can be in the lab at once.,1,0,0,1,"lex=0(rare_avg=4.97: lab(4.42), four(5.53)) | dictation=long(12)"
212,#212 WFD,Novelists write about the best things that they know.,1,0,0,0,"lex=0(rare_avg=4.02: novelists(3.01), write(5.03))"
213,#213 WFD,Nurses can specialize in clinical work or management.,1,1,0,0,"lex=1(rare_avg=3.71: specialize(3.28), nurses(4.14))"
214,#214 WFD,Observers waited nervously and bated their breath for the concert.,2,2,0,1,"lex=2(rare_avg=2.80: bated(2.33), nervously(3.27)) | dictation=dense(6)"
215,#215 WFD,Science is found everywhere in society today.,1,0,0,0,"lex=0(rare_avg=4.89: everywhere(4.66), science(5.12))"
216,#216 WFD,Easter Island is a small island in the southeastern Pacific Ocean.,2,1,0,1,"lex=1(rare_avg=3.89: southeastern(3.66), easter(4.12)) | dictation=long(11)"
217,#217 WFD,Practical experience is a vital part of legal training.,1,0,0,1,"lex=0(rare_avg=4.43: vital(4.38), practical(4.48)) | dictation=dense(6)"
218,#218 WFD,One of the election promises is to decrease the income tax.,2,0,0,2,"lex=0(rare_avg=4.21: decrease(4.17), promises(4.25)) | dictation=long(11); dense(6)"
219,#219 WFD,Organic food is considered to be free of chemicals.,1,0,1,0,"lex=0(rare_avg=4.29: chemicals(4.17), organic(4.40)) | grammar=passive(is considered)"
220,#220 WFD,All companies must have regular independent financial auditing.,3,0,2,0,"lex=0(rare_avg=4.09: auditing(3.26), independent(4.93)) | grammar=modal(must); modal_perfect(must have regular independent)"
221,#221 WFD,Organizational failure is considered from various perspectives in academic literature.,2,1,1,1,"lex=1(rare_avg=3.86: organizational(3.83), perspectives(3.89)) | grammar=passive(is considered) | dictation=dense(7)"
223,#223 WFD,"Our class will be divided into two groups: you will come with me, and the others will stay here.",2,0,1,2,"lex=0(rare_avg=4.79: divided(4.47), groups(5.12)) | grammar=passive(be divided) | dictation=long(19); dense(7)"
224,#224 WFD,"In the winter it gets harsh, but it won't be an issue since there is a heater.",2,1,0,3,"lex=1(rare_avg=3.84: heater(3.55), harsh(4.14)) | dictation=contraction; long(17); dense(7)"
225,#225 WFD,The company was established in London by two former colleagues.,1,0,1,0,"lex=0(rare_avg=4.60: colleagues(4.29), established(4.90)) | grammar=passive(was established)"
226,#226 WFD,Global warming is a threat to economic growth.,1,0,0,0,"lex=0(rare_avg=4.32: warming(4.05), threat(4.60))"
227,#227 WFD,Our professor is hosting the business development conference.,1,0,0,0,"lex=0(rare_avg=4.53: hosting(4.16), professor(4.90))"
228,#228 WFD,Computer science has become a popular university degree course.,1,0,0,1,"lex=0(rare_avg=4.96: degree(4.94), computer(4.97)) | dictation=dense(7)"
229,#229 WFD,Overcrowding and poor sanitation affected the lives of the majority of the population.,2,1,0,2,"lex=1(rare_avg=3.31: overcrowding(3.05), sanitation(3.57)) | dictation=long(13); dense(7)"
230,#230 WFD,Packaging is very important to attract intended buyers.,1,0,1,0,"lex=0(rare_avg=4.06: packaging(3.96), buyers(4.16)) | grammar=passive(is very important)"
231,#231 WFD,Packaging is very important to attract the attention of buyers.,1,0,1,0,"lex=0(rare_avg=4.06: packaging(3.96), buyers(4.16)) | grammar=passive(is very important)"
232,#232 WFD,Parents are financially responsible for their children right up until they reach adulthood.,2,1,0,2,"lex=1(rare_avg=3.79: adulthood(3.60), financially(3.98)) | dictation=long(13); dense(8)"
233,#233 WFD,Parents' talk to children tends to be simplified.,1,0,1,0,"lex=0(rare_avg=3.91: simplified(3.69), tends(4.12)) | grammar=passive(be simplified)"
234,#234 WFD,Participants are initially selected from a range of foundation subjects.,1,0,1,1,"lex=0(rare_avg=4.39: subjects(4.38), participants(4.40)) | grammar=passive(are initially selected) | dictation=dense(6)"
235,#235 WFD,Services are rapidly growing in parts of the global economy.,1,0,0,1,"lex=0(rare_avg=4.61: rapidly(4.34), economy(4.87)) | dictation=dense(6)"
236,#236 WFD,Peer group pressure has a significant effect on young people.,1,0,1,1,"lex=0(rare_avg=4.56: peer(4.14), significant(4.98)) | grammar=perfect(has a significant) | dictation=dense(7)"
237,#237 WFD,People with active lifestyles are less likely to die early or have major illnesses.,2,1,0,2,"lex=1(rare_avg=3.50: lifestyles(3.32), illnesses(3.67)) | dictation=long(14); dense(9)"
238,#238 WFD,Pets offer emotional support to sick and elderly people.,1,0,0,1,"lex=0(rare_avg=4.12: pets(4.08), elderly(4.15)) | dictation=dense(7)"
239,#239 WFD,More graduate training is often needed after university study is finished.,2,0,1,2,"lex=0(rare_avg=4.72: graduate(4.50), finished(4.94)) | grammar=passive(is often needed) | dictation=long(11); dense(7)"
240,#240 WFD,Good nutrition is crucial to general health and vitality.,1,1,0,1,"lex=1(rare_avg=3.75: vitality(3.41), nutrition(4.10)) | dictation=dense(6)"
241,#241 WFD,Please check the information on the website for the opening time.,2,0,0,2,"lex=0(rare_avg=5.02: opening(4.94), website(5.09)) | dictation=long(11); dense(6)"
242,#242 WFD,Tuition fees will vary according to the field of study.,1,0,0,1,"lex=0(rare_avg=4.11: tuition(3.97), vary(4.25)) | dictation=dense(6)"
243,#243 WFD,Please make sure you correctly cited all the necessary materials.,1,0,0,1,"lex=0(rare_avg=4.25: correctly(4.21), cited(4.29)) | dictation=dense(7)"
245,#245 WFD,Please note that the college laboratory will be closed for cleaning next week.,2,0,1,2,"lex=0(rare_avg=4.35: laboratory(4.31), cleaning(4.39)) | grammar=passive(be closed) | dictation=long(13); dense(8)"
246,#246 WFD,"Please note, submission deadlines are only negotiable in exceptional circumstances.",1,1,0,1,"lex=1(rare_avg=3.30: negotiable(3.22), deadlines(3.38)) | dictation=dense(7)"
247,#247 WFD,Please remember to bring a highlighter and your textbook to class next Thursday.,2,1,0,2,"lex=1(rare_avg=3.30: highlighter(2.83), textbook(3.77)) | dictation=long(13); dense(7)"
248,#248 WFD,Science and technology are good for the global economy.,1,0,0,0,"lex=0(rare_avg=4.91: economy(4.87), global(4.95))"
249,#249 WFD,My loan has been approved by the bank.,3,0,2,0,"lex=0(rare_avg=4.66: approved(4.64), loan(4.68)) | grammar=passive(been approved); perfect(has been approved)"
250,#250 WFD,Please work with each other to build monolithic statues.,1,1,0,0,"lex=1(rare_avg=3.33: monolithic(3.00), statues(3.65))"
251,#251 WFD,Politics is not usually a safe topic of conversation.,1,0,0,0,"lex=0(rare_avg=4.62: topic(4.49), conversation(4.75))"
252,#252 WFD,Effective presenters make eye contact with the audience.,1,0,0,1,"lex=0(rare_avg=4.02: presenters(3.31), audience(4.73)) | dictation=dense(6)"
253,#253 WFD,Potential customers can see what employees say online.,1,0,0,1,"lex=0(rare_avg=4.79: customers(4.78), employees(4.81)) | dictation=dense(6)"
254,#254 WFD,Practicing time-restricted eating a few times a week can be both feasible and healthy.,2,1,0,2,"lex=1(rare_avg=3.86: feasible(3.72), practicing(3.99)) | dictation=long(14); dense(8)"
255,#255 WFD,Preparation is important to avoid mishaps in the lab.,1,1,1,0,"lex=1(rare_avg=3.59: mishaps(2.86), preparation(4.32)) | grammar=passive(is important)"
256,#256 WFD,Presidential elections are held once every four years.,1,0,1,0,"lex=0(rare_avg=4.59: presidential(4.52), elections(4.66)) | grammar=passive(are held)"
257,#257 WFD,Public perception about biotechnology is crucial for developing scientific consensus.,1,1,0,1,"lex=1(rare_avg=3.76: biotechnology(3.42), consensus(4.10)) | dictation=dense(7)"
258,#258 WFD,Radio is one of the most popular forms of entertainment throughout the world.,2,0,0,2,"lex=0(rare_avg=4.67: entertainment(4.60), forms(4.73)) | dictation=long(13); dense(7)"
259,#259 WFD,Financial literacy should be taught at secondary school.,3,0,2,0,"lex=0(rare_avg=4.21: literacy(3.90), secondary(4.53)) | grammar=modal(should); passive(be taught)"
260,#260 WFD,Read the first section before the next meeting.,1,0,0,0,"lex=0(rare_avg=5.08: section(5.00), meeting(5.15))"
261,#261 WFD,Read the student safety instructions before using any equipment in the workshops.,2,0,0,2,"lex=0(rare_avg=4.12: workshops(3.88), instructions(4.37)) | dictation=long(12); dense(7)"
262,#262 WFD,"Recession triggers exciting creativity, according to public wisdom.",1,1,0,1,"lex=1(rare_avg=3.73: triggers(3.61), recession(3.85)) | dictation=dense(7)"
263,#263 WFD,Relative humidity is the amount of moisture that the air can hold.,2,1,1,2,"lex=1(rare_avg=3.87: humidity(3.83), moisture(3.90)) | grammar=passive(is the amount) | dictation=long(12); dense(6)"
264,#264 WFD,Relevant materials are reserved in the library.,1,0,1,0,"lex=0(rare_avg=4.39: reserved(4.18), relevant(4.61)) | grammar=passive(are reserved)"
265,#265 WFD,Remember to sign the attendance register before leaving the lecture hall.,2,0,0,2,"lex=0(rare_avg=4.15: lecture(4.14), attendance(4.17)) | dictation=long(11); dense(7)"
266,#266 WFD,"Remember, the gifts purchased by children should feature a striped pattern.",2,0,1,2,"lex=0(rare_avg=3.96: striped(3.54), gifts(4.38)) | grammar=modal(should) | dictation=long(11); dense(7)"
267,#267 WFD,"Remember, the prestigious election of stewardship has strict eligibility criteria.",1,1,0,1,"lex=1(rare_avg=3.49: stewardship(3.22), eligibility(3.75)) | dictation=dense(7)"
269,#269 WFD,Review all your sources before drawing any definitive conclusions.,1,0,0,0,"lex=0(rare_avg=3.90: definitive(3.80), conclusions(4.00))"
270,#270 WFD,Weather forecasting is becoming more accurate than before.,1,0,0,0,"lex=0(rare_avg=4.02: forecasting(3.47), accurate(4.57))"
271,#271 WFD,Rising sales figures mean a rise in demand.,1,0,0,1,"lex=0(rare_avg=4.62: rising(4.52), figures(4.73)) | dictation=dense(6)"
272,#272 WFD,The development has a great negative impact on the environment.,1,0,0,0,"lex=0(rare_avg=4.83: negative(4.79), environment(4.87))"
273,#273 WFD,Safety glasses should be worn while doing experiments in the lab.,3,0,2,2,"lex=0(rare_avg=4.23: experiments(4.20), worn(4.26)) | grammar=modal(should); passive(be worn) | dictation=long(11); dense(7)"
274,#274 WFD,Sales figures for last year were better than expected.,1,0,1,1,"lex=0(rare_avg=4.85: figures(4.73), expected(4.96)) | grammar=passive(were better than expected) | dictation=dense(6)"
275,#275 WFD,Science is found in society all around the world.,1,0,0,0,"lex=0(rare_avg=5.14: science(5.12), society(5.17))"
276,#276 WFD,The supposed benefits of space exploration are frequently questioned.,1,0,1,1,"lex=0(rare_avg=4.11: questioned(4.02), exploration(4.19)) | grammar=passive(are frequently questioned) | dictation=dense(6)"
277,#277 WFD,Scientists are always asking the government for more money.,1,0,0,0,"lex=0(rare_avg=4.73: scientists(4.50), asking(4.96))"
278,#278 WFD,Scientists here are studying a wide variety of atmospheric processes.,1,0,0,1,"lex=0(rare_avg=4.13: atmospheric(3.84), studying(4.42)) | dictation=dense(6)"
279,#279 WFD,Scientists learned through the observations and the analyses of human behavior.,2,0,0,2,"lex=0(rare_avg=3.90: analyses(3.79), observations(4.02)) | dictation=long(11); dense(6)"
280,#280 WFD,Sea levels are expected to rise during the next century.,1,0,1,1,"lex=0(rare_avg=4.88: rise(4.81), expected(4.96)) | grammar=passive(are expected) | dictation=dense(6)"
281,#281 WFD,Service animals have become a common feature of modern society.,1,0,0,1,"lex=0(rare_avg=4.83: feature(4.82), animals(4.84)) | dictation=dense(7)"
282,#282 WFD,Several organizations work to prevent animal cruelty.,1,0,0,1,"lex=0(rare_avg=4.21: cruelty(3.76), organizations(4.67)) | dictation=dense(6)"
284,#284 WFD,She began by giving an outline of the previous lecture.,1,0,0,0,"lex=0(rare_avg=4.03: outline(3.92), lecture(4.14))"
285,#285 WFD,She has made a significant contribution to the field of chemistry.,2,0,1,1,"lex=0(rare_avg=4.34: contribution(4.34), chemistry(4.35)) | grammar=perfect(has made a significant) | dictation=long(11)"
286,#286 WFD,Most students need computers to do their homework.,1,0,0,0,"lex=0(rare_avg=4.23: homework(4.13), computers(4.33))"
287,#287 WFD,She used to be the editor of the student newspaper.,1,0,0,0,"lex=0(rare_avg=4.61: newspaper(4.60), editor(4.62))"
288,#288 WFD,Some departments have their own specialist book collections.,1,0,0,0,"lex=0(rare_avg=4.21: departments(4.20), collections(4.21))"
289,#289 WFD,Some economists argue that the entire financial system is fatally flawed.,2,1,1,2,"lex=1(rare_avg=3.53: fatally(3.33), flawed(3.72)) | grammar=passive(is fatally flawed) | dictation=long(11); dense(7)"
290,#290 WFD,Some of these features were part of the previous system.,1,0,0,0,"lex=0(rare_avg=4.97: features(4.94), previous(5.00))"
292,#292 WFD,Some people argue that education is not that important.,1,0,1,0,"lex=0(rare_avg=4.87: argue(4.46), education(5.28)) | grammar=passive(is not that important)"
293,#293 WFD,Some people believe that education should be free for all.,1,0,1,0,"lex=0(rare_avg=5.39: education(5.28), believe(5.51)) | grammar=modal(should)"
294,#294 WFD,Some people regarded this as eyewash whereas some people asked for the status of their complaints and actions taken.,3,2,1,2,"lex=2(rare_avg=2.98: eyewash(1.73), complaints(4.23)) | grammar=adv_sub(whereas) | dictation=long(19); dense(10)"
295,#295 WFD,Our faculty is to engage in service to advance engineering practices.,2,0,0,2,"lex=0(rare_avg=4.34: faculty(4.32), engage(4.36)) | dictation=long(11); dense(6)"
296,#296 WFD,Some young people find city life rather stressful.,1,0,0,1,"lex=0(rare_avg=4.60: stressful(3.88), rather(5.32)) | dictation=dense(7)"
297,#297 WFD,Statistical results should be expressed in different ways depending on the circumstances.,3,0,2,2,"lex=0(rare_avg=4.33: statistical(4.14), expressed(4.52)) | grammar=modal(should); passive(be expressed in different) | dictation=long(12); dense(7)"
298,#298 WFD,Student identification cards will be issued by today or tomorrow.,1,0,1,1,"lex=0(rare_avg=4.46: identification(4.18), issued(4.73)) | grammar=passive(be issued) | dictation=dense(6)"
299,#299 WFD,Student representatives will be visiting the classes with voting forms.,1,0,0,1,"lex=0(rare_avg=4.48: visiting(4.44), representatives(4.52)) | dictation=dense(6)"
300,#300 WFD,Students are advised to use multiple methods for this project.,1,0,1,1,"lex=0(rare_avg=4.43: advised(4.18), methods(4.68)) | grammar=passive(are advised) | dictation=dense(6)"
301,#301 WFD,Students are encouraged to monitor their studies by themselves.,1,0,1,0,"lex=0(rare_avg=4.35: encouraged(4.32), monitor(4.37)) | grammar=passive(are encouraged)"
302,#302 WFD,Students are encouraged to monitor their own attendance.,1,0,1,0,"lex=0(rare_avg=4.25: attendance(4.17), encouraged(4.32)) | grammar=passive(are encouraged)"
303,#303 WFD,Students are encouraged to think carefully about their accommodation needs. ,1,0,1,1,"lex=0(rare_avg=4.19: accommodation(4.06), encouraged(4.32)) | grammar=passive(are encouraged) | dictation=dense(6)"
304,#304 WFD,Students are instructed to hand in their assignments by the end of this week.,2,1,1,2,"lex=1(rare_avg=3.86: instructed(3.84), assignments(3.88)) | grammar=passive(are instructed) | dictation=long(14); dense(6)"
305,#305 WFD,Students are required to complete the research paper by Monday.,1,0,1,0,"lex=0(rare_avg=5.04: required(5.02), paper(5.07)) | grammar=passive(are required)"
306,#306 WFD,Students are required to use research methods for this project.,1,0,1,1,"lex=0(rare_avg=4.85: methods(4.68), required(5.02)) | grammar=passive(are required) | dictation=dense(6)"
307,#307 WFD,Student concession cards can be obtained by completing an application form.,2,1,1,2,"lex=1(rare_avg=3.81: concession(3.57), completing(4.06)) | grammar=passive(be obtained) | dictation=long(11); dense(7)"
308,#308 WFD,Students have the option to live in college residences or apartments.,2,1,0,2,"lex=1(rare_avg=3.72: residences(3.44), apartments(4.01)) | dictation=long(11); dense(6)"
309,#309 WFD,Tomorrow's lecture has been canceled due to the power cut.,3,1,2,2,"lex=1(rare_avg=3.75: tomorrow's(3.59), canceled(3.90)) | grammar=passive(been canceled); perfect(has been canceled) | dictation=contraction; dense(6)"
310,#310 WFD,Students requiring an extension should apply sooner rather than later.,3,0,2,1,"lex=0(rare_avg=4.20: requiring(4.14), sooner(4.25)) | grammar=phrase(rather than); modal(should) | dictation=dense(7)"
311,#311 WFD,Students should have awareness of how the business develops globally.,1,1,1,0,"lex=1(rare_avg=3.85: globally(3.82), develops(3.89)) | grammar=modal(should)"
312,#312 WFD,Students were instructed to stand in a straight line outside of the classroom.,2,0,1,2,"lex=0(rare_avg=4.00: instructed(3.84), classroom(4.15)) | grammar=passive(were instructed) | dictation=long(13); dense(7)"
313,#313 WFD,The students were instructed to submit their assignments by Friday.,1,1,1,0,"lex=1(rare_avg=3.86: instructed(3.84), assignments(3.88)) | grammar=passive(were instructed)"
314,#314 WFD,Students who are successful have a good strategy for learning.,1,0,1,0,"lex=0(rare_avg=4.83: strategy(4.74), learning(4.92)) | grammar=relative(who)"
315,#315 WFD,Students intending to go to the conference must register now.,1,0,1,0,"lex=0(rare_avg=4.04: intending(3.49), register(4.59)) | grammar=modal(must)"
316,#316 WFD,Students will focus on reporting news on the changing media world.,2,0,0,2,"lex=0(rare_avg=4.65: reporting(4.54), changing(4.76)) | dictation=long(11); dense(7)"
317,#317 WFD,Studies show there is a positive correlation between the two variables.,2,0,0,2,"lex=0(rare_avg=3.92: correlation(3.86), variables(3.97)) | dictation=long(11); dense(6)"
318,#318 WFD,Submission of your group assignment must be made punctually by one of your group members.,2,1,1,2,"lex=1(rare_avg=3.14: punctually(2.21), submission(4.07)) | grammar=modal(must) | dictation=long(15); dense(8)"
319,#319 WFD,Successful applicants will work with a large team of researchers.,1,0,0,1,"lex=0(rare_avg=4.17: applicants(3.94), researchers(4.39)) | dictation=dense(6)"
320,#320 WFD,Supply and demand are one of the most fundamental concepts in economics.,2,0,0,2,"lex=0(rare_avg=4.29: concepts(4.26), fundamental(4.33)) | dictation=long(12); dense(6)"
321,#321 WFD,All the student union members can register their names to get that service.,2,0,0,2,"lex=0(rare_avg=4.75: register(4.59), names(4.91)) | dictation=long(13); dense(7)"
322,#322 WFD,"Sydney is Australia's largest city, chief port and cultural center.",1,0,0,2,"lex=0(rare_avg=4.63: sydney(4.53), port(4.73)) | dictation=contraction; dense(7)"
323,#323 WFD,Undergraduates may pursue their specific interests within certificate programs.,2,1,1,1,"lex=1(rare_avg=3.70: undergraduates(3.14), pursue(4.26)) | grammar=modal(may) | dictation=dense(7)"
324,#324 WFD,Teaching assistants will receive a monthly stipend for housing.,1,1,0,1,"lex=1(rare_avg=3.34: stipend(3.01), assistants(3.68)) | dictation=dense(6)"
325,#325 WFD,Textile manufacturing plays a large role in some economies.,1,1,0,1,"lex=1(rare_avg=3.82: textile(3.75), economies(3.89)) | dictation=dense(6)"
326,#326 WFD,That brief outline takes us to the beginning of the twentieth century.,2,1,0,2,"lex=1(rare_avg=3.86: twentieth(3.80), outline(3.92)) | dictation=long(12); dense(6)"
328,#328 WFD,The ability to work with fellow students cannot be stressed enough.,2,0,1,2,"lex=0(rare_avg=4.47: stressed(4.18), fellow(4.76)) | grammar=passive(be stressed) | dictation=long(11); dense(7)"
329,#329 WFD,Some studies show the link between depression and social media.,1,0,0,1,"lex=0(rare_avg=4.77: depression(4.56), studies(4.98)) | dictation=dense(6)"
330,#330 WFD,The aerial photographs were promptly registered for thorough evaluation.,2,1,1,1,"lex=1(rare_avg=3.88: promptly(3.84), aerial(3.91)) | grammar=passive(were promptly registered) | dictation=dense(6)"
331,#331 WFD,Our aim is to reduce the risks that people take.,1,0,0,0,"lex=0(rare_avg=4.43: risks(4.35), aim(4.51))"
332,#332 WFD,The application process may take longer than expected.,1,0,1,0,"lex=0(rare_avg=4.91: application(4.86), expected(4.96)) | grammar=modal(may)"
333,#333 WFD,The archeologist's new discoveries stand out in the previously overlooked foundations.,2,2,0,3,"lex=2(rare_avg=2.87: archeologist's(2.00), discoveries(3.73)) | dictation=contraction; long(11); dense(7)"
334,#334 WFD,The architectural parameters vary in that experiment.,1,0,0,0,"lex=0(rare_avg=3.98: architectural(3.96), parameters(4.00))"
335,#335 WFD,The article considers the leisure habits of teenagers in rural areas.,2,0,0,2,"lex=0(rare_avg=3.96: leisure(3.92), teenagers(4.01)) | dictation=long(11); dense(7)"
336,#336 WFD,The article first introduces various interesting experiments.,1,0,0,1,"lex=0(rare_avg=4.00: introduces(3.80), experiments(4.20)) | dictation=dense(6)"
337,#337 WFD,Discipline and motivation are essential for achieving your goals.,1,0,0,0,"lex=0(rare_avg=4.12: achieving(4.03), motivation(4.22))"
338,#338 WFD,History courses can improve our ability to think critically.,1,0,0,1,"lex=0(rare_avg=4.17: critically(3.88), courses(4.46)) | dictation=dense(6)"
339,#339 WFD,Plastics have to be buried because the recycling systems are limited.,3,1,2,2,"lex=1(rare_avg=3.67: plastics(3.58), recycling(3.76)) | grammar=passive(be buried); perfect(have to be buried) | dictation=long(11); dense(6)"
340,#340 WFD,The article refers to a number of very interesting experiments.,1,0,0,0,"lex=0(rare_avg=4.22: experiments(4.20), refers(4.25))"
341,#341 WFD,The company has procedures to ensure quality and service.,1,0,0,0,"lex=0(rare_avg=4.53: procedures(4.36), ensure(4.70))"
342,#342 WFD,It's in financial companies' interest to help people to save more money.,2,0,0,3,"lex=0(rare_avg=5.11: financial(5.08), save(5.14)) | dictation=contraction; long(12); dense(8)"
344,#344 WFD,Most pollution comes from industrialized countries.,1,1,0,0,"lex=1(rare_avg=3.66: industrialized(3.12), pollution(4.20))"
345,#345 WFD,I'm glad you got here safely.,1,0,0,1,"lex=0(rare_avg=4.56: safely(4.22), glad(4.90)) | dictation=contraction"
347,#347 WFD,The assessment of this course will begin next week.,1,0,0,0,"lex=0(rare_avg=4.65: assessment(4.46), begin(4.84))"
348,#348 WFD,The author is currently a professor at Cambridge University.,1,0,0,0,"lex=0(rare_avg=4.93: professor(4.90), author(4.95))"
349,#349 WFD,Exercise is important for mental and physical health.,1,0,1,0,"lex=0(rare_avg=4.75: exercise(4.68), mental(4.83)) | grammar=passive(is important)"
350,#350 WFD,The author's early works are less philosophical and more experimental.,2,1,0,2,"lex=1(rare_avg=3.69: author's(3.43), philosophical(3.95)) | dictation=contraction; dense(6)"
351,#351 WFD,The bar chart provides a useful means of data comparison.,1,0,0,1,"lex=0(rare_avg=4.49: chart(4.47), comparison(4.51)) | dictation=dense(7)"
352,#352 WFD,The book was supported by many faculty members.,1,0,1,0,"lex=0(rare_avg=4.50: faculty(4.32), supported(4.68)) | grammar=passive(was supported)"
353,#353 WFD,The business class can be held with local students.,1,0,1,0,"lex=0(rare_avg=5.25: held(5.24), students(5.25)) | grammar=passive(be held)"
354,#354 WFD,The business policy seminar includes an internship with a local firm.,2,1,0,2,"lex=1(rare_avg=3.69: internship(3.61), seminar(3.77)) | dictation=long(11); dense(7)"
355,#355 WFD,You may find it useful to view the photographs.,1,0,1,0,"lex=0(rare_avg=4.53: photographs(4.34), useful(4.72)) | grammar=modal(may)"
356,#356 WFD,"The cafeteria features sandwiches, salads, soup, fish and chicken.",2,1,0,2,"lex=1(rare_avg=3.38: salads(3.31), cafeteria(3.44)) | dictation=list_enum; dense(7)"
357,#357 WFD,The new camera can identify your eyes and focus on them.,1,0,0,1,"lex=0(rare_avg=4.71: identify(4.56), camera(4.87)) | dictation=long(11)"
358,#358 WFD,The campus tour will help you to get familiar with the teaching facilities.,2,0,0,2,"lex=0(rare_avg=4.56: campus(4.51), familiar(4.61)) | dictation=long(13); dense(7)"
359,#359 WFD,The cart carries a single object.,1,0,0,0,"lex=0(rare_avg=4.11: cart(3.98), carries(4.23))"
360,#360 WFD,The chemistry building is located near the entrance of the campus.,2,0,1,2,"lex=0(rare_avg=4.37: chemistry(4.35), entrance(4.39)) | grammar=passive(is located) | dictation=long(11); dense(6)"
361,#361 WFD,The city's founders created a set of rules that became laws.,2,0,0,3,"lex=0(rare_avg=4.03: founders(3.83), city's(4.23)) | dictation=contraction; long(11); dense(7)"
362,#362 WFD,Currently the company employs people all over Europe.,1,0,0,0,"lex=0(rare_avg=4.41: employs(3.73), currently(5.08))"
363,#363 WFD,The coffee house has a special student discount throughout the week.,2,0,1,2,"lex=0(rare_avg=4.61: discount(4.35), coffee(4.86)) | grammar=perfect(has a special student) | dictation=long(11); dense(7)"
364,#364 WFD,"The coffee house menu features coffee, sandwiches and toast.",2,1,0,2,"lex=1(rare_avg=3.87: sandwiches(3.77), toast(3.96)) | dictation=list_enum; dense(7)"
365,#365 WFD,"If you want to receive the reimbursement, you must submit the original receipts.",2,1,1,2,"lex=1(rare_avg=3.52: reimbursement(3.35), receipts(3.69)) | grammar=modal(must) | dictation=long(13); dense(6)"
366,#366 WFD,There will be a chemistry test in the class next week.,1,0,0,1,"lex=0(rare_avg=4.77: chemistry(4.35), test(5.19)) | dictation=long(11)"
368,#368 WFD,The company needs to polish its image.,1,0,0,0,"lex=0(rare_avg=4.62: polish(4.29), image(4.94))"
369,#369 WFD,The course has been updated to reflect the current situation.,3,0,2,0,"lex=0(rare_avg=4.47: reflect(4.39), updated(4.55)) | grammar=passive(been updated); perfect(has been updated)"
370,#370 WFD,The course helps students to improve their pronunciation skills.,1,0,0,1,"lex=0(rare_avg=4.12: pronunciation(3.51), helps(4.74)) | dictation=dense(6)"
371,#371 WFD,The timetable will be posted on the website in the morning.,2,0,1,1,"lex=0(rare_avg=4.21: timetable(3.44), posted(4.97)) | grammar=passive(be posted) | dictation=long(11)"
372,#372 WFD,The courses cover several aspects of the subject.,1,0,0,0,"lex=0(rare_avg=4.48: courses(4.46), aspects(4.50))"
373,#373 WFD,The earth's atmosphere is primarily composed of oxygen and nitrogen gases.,2,1,1,3,"lex=1(rare_avg=3.75: gases(3.73), nitrogen(3.76)) | grammar=passive(is primarily composed) | dictation=contraction; long(11); dense(7)"
374,#374 WFD,The curriculum should be adjusted to incorporate recent developments.,3,0,2,0,"lex=0(rare_avg=3.98: incorporate(3.85), adjusted(4.11)) | grammar=modal(should); passive(be adjusted)"
375,#375 WFD,The dance department stages elaborate performances each semester.,1,0,0,1,"lex=0(rare_avg=4.04: semester(4.03), elaborate(4.06)) | dictation=dense(6)"
376,#376 WFD,The decision was made with the support of several faculty members.,2,0,0,2,"lex=0(rare_avg=4.71: faculty(4.32), decision(5.09)) | dictation=long(11); dense(6)"
377,#377 WFD,The department has a higher proportion of postgraduate students.,1,1,0,0,"lex=1(rare_avg=3.70: postgraduate(3.28), proportion(4.11))"
379,#379 WFD,The designers will complete the plan later today.,1,0,0,0,"lex=0(rare_avg=4.57: designers(4.05), complete(5.10))"
380,#380 WFD,The development of information technology has greatly changed the way people work.,2,0,1,2,"lex=0(rare_avg=4.70: greatly(4.33), changed(5.07)) | grammar=perfect(has greatly changed) | dictation=long(12); dense(8)"
381,#381 WFD,The dining hall will undergo renovations during the fall break.,1,1,0,1,"lex=1(rare_avg=3.60: renovations(3.40), undergo(3.81)) | dictation=dense(6)"
382,#382 WFD,The director of the gallery was grateful for the anonymous donation.,1,0,0,1,"lex=0(rare_avg=4.08: donation(4.00), anonymous(4.17)) | dictation=long(11)"
383,#383 WFD,Policies failed because the union leaders disagreed over the issue.,1,0,0,1,"lex=0(rare_avg=4.10: disagreed(3.49), policies(4.71)) | dictation=dense(7)"
384,#384 WFD,The main aim is to introduce educational reforms.,1,0,0,0,"lex=0(rare_avg=4.21: reforms(4.06), introduce(4.37))"
386,#386 WFD,The economics books are at the back on the left.,1,0,0,0,"lex=0(rare_avg=4.79: economics(4.42), books(5.15))"
387,#387 WFD,The economy is now showing the first sign of recovery.,1,0,0,0,"lex=0(rare_avg=4.72: recovery(4.58), economy(4.87))"
388,#388 WFD,High fees caused students to look more critically at what universities offer.,2,0,0,2,"lex=0(rare_avg=4.12: critically(3.88), universities(4.36)) | dictation=long(12); dense(8)"
389,#389 WFD,The lectures and references are downloadable on the internet.,1,1,0,0,"lex=1(rare_avg=3.56: downloadable(3.16), lectures(3.96))"
390,#390 WFD,"While studying, you need to take regular breaks.",1,0,0,1,"lex=0(rare_avg=4.44: studying(4.42), breaks(4.46)) | dictation=dense(6)"
391,#391 WFD,The equality has not yet been achieved in this society.,3,0,2,0,"lex=0(rare_avg=4.38: equality(4.26), achieved(4.49)) | grammar=passive(been achieved); perfect(has not yet been)"
392,#392 WFD,The lecture will focus on the challenge of urban development.,1,0,0,0,"lex=0(rare_avg=4.39: lecture(4.14), urban(4.65))"
393,#393 WFD,The essay will be published once the research is finished.,1,0,1,0,"lex=0(rare_avg=4.59: essay(4.23), finished(4.94)) | grammar=passive(be published)"
394,#394 WFD,The evaluation forms will be reviewed by university personnel.,1,0,1,0,"lex=0(rare_avg=4.22: evaluation(4.21), reviewed(4.23)) | grammar=passive(be reviewed)"
395,#395 WFD,The exam application system has been upgraded for professional exams.,3,0,2,1,"lex=0(rare_avg=3.96: upgraded(3.93), exams(4.00)) | grammar=passive(been upgraded); perfect(has been upgraded) | dictation=dense(6)"
396,#396 WFD,The excursion for children is very much open to debate.,1,0,0,0,"lex=0(rare_avg=3.98: excursion(3.33), debate(4.64))"
397,#397 WFD,The extent of advertising to children is open to much debate.,2,0,0,2,"lex=0(rare_avg=4.50: extent(4.47), advertising(4.54)) | dictation=long(11); dense(6)"
399,#399 WFD,"The faculty staff are very approachable, helpful and extremely friendly.",2,1,0,2,"lex=1(rare_avg=3.62: approachable(2.91), faculty(4.32)) | dictation=list_enum; dense(6)"
400,#400 WFD,The features issued the same explanation of the problem.,1,0,0,0,"lex=0(rare_avg=4.59: explanation(4.44), issued(4.73))"
401,#401 WFD,Students live in the hall of residence during term time.,1,0,0,1,"lex=0(rare_avg=4.62: residence(4.36), hall(4.87)) | dictation=dense(6)"
402,#402 WFD,The final year will consist of four taught courses and one project.,2,0,0,2,"lex=0(rare_avg=4.20: consist(3.94), courses(4.46)) | dictation=long(12); dense(8)"
404,#404 WFD,The first assignment is due on the fourteenth of September.,1,1,0,0,"lex=1(rare_avg=3.76: fourteenth(3.35), assignment(4.18))"
405,#405 WFD,You need to take clear notes while learning new languages.,1,0,0,1,"lex=0(rare_avg=4.63: languages(4.42), notes(4.84)) | dictation=dense(8)"
406,#406 WFD,Dipping into this as a hobby is an enormously rewarding experience.,2,1,0,1,"lex=1(rare_avg=3.44: enormously(3.39), dipping(3.48)) | dictation=long(11)"
407,#407 WFD,The history of the movement was recorded by several writers.,1,0,1,0,"lex=0(rare_avg=4.61: writers(4.55), recorded(4.66)) | grammar=passive(was recorded)"
408,#408 WFD,The seminar on writing skills has been canceled.,3,1,2,0,"lex=1(rare_avg=3.83: seminar(3.77), canceled(3.90)) | grammar=passive(been canceled); perfect(has been canceled)"
409,#409 WFD,The importance of this event was not yet fully understood.,1,0,0,0,"lex=0(rare_avg=4.57: importance(4.56), understood(4.58))"
410,#410 WFD,An introduction is an essential element of a presentation.,1,0,1,0,"lex=0(rare_avg=4.38: presentation(4.31), element(4.46)) | grammar=passive(is an essential element)"
411,#411 WFD,The island is located at the south end of the bay.,2,0,1,1,"lex=0(rare_avg=4.79: bay(4.73), located(4.86)) | grammar=passive(is located) | dictation=long(11)"
412,#412 WFD,The key difference between courses is the kind of assessment.,1,0,0,0,"lex=0(rare_avg=4.46: courses(4.46), assessment(4.46))"
413,#413 WFD,The key findings seemed to contradict our initial hypothesis.,1,1,0,1,"lex=1(rare_avg=3.61: contradict(3.35), hypothesis(3.87)) | dictation=dense(6)"
414,#414 WFD,The leading companies changed their policies after the reports were released.,2,0,1,2,"lex=0(rare_avg=4.80: policies(4.71), reports(4.90)) | grammar=passive(were released) | dictation=long(11); dense(6)"
415,#415 WFD,The lecture will cover the reason of climate change.,1,0,0,0,"lex=0(rare_avg=4.42: lecture(4.14), climate(4.71))"
416,#416 WFD,The lecture tomorrow will discuss the educational policy of the United States.,1,0,0,1,"lex=0(rare_avg=4.37: lecture(4.14), educational(4.60)) | dictation=long(12)"
417,#417 WFD,This degree will provide you with many experiments and observations.,1,0,0,0,"lex=0(rare_avg=4.11: observations(4.02), experiments(4.20))"
418,#418 WFD,University graduates lose their time finding jobs.,1,0,0,1,"lex=0(rare_avg=4.43: graduates(4.02), finding(4.85)) | dictation=dense(6)"
419,#419 WFD,The marketing budget has doubled since the beginning of the year.,2,0,1,2,"lex=0(rare_avg=4.33: doubled(3.89), marketing(4.78)) | grammar=perfect(has doubled) | dictation=long(11); dense(6)"
420,#420 WFD,Road safety measures can reduce accidents.,1,0,0,0,"lex=0(rare_avg=4.42: accidents(4.16), measures(4.67))"
421,#421 WFD,We can see the stars that were formed thirteen billion years ago.,2,0,1,2,"lex=0(rare_avg=4.29: thirteen(3.89), formed(4.68)) | grammar=passive(were formed thirteen) | dictation=long(12); dense(7)"
422,#422 WFD,The most important details in this argument are missing.,1,0,0,0,"lex=0(rare_avg=4.78: argument(4.64), details(4.91))"
423,#423 WFD,The most important process of farming is weeding.,1,1,0,0,"lex=1(rare_avg=3.52: weeding(2.84), farming(4.21))"
424,#424 WFD,The most popular courses still have a few places left.,1,0,0,0,"lex=0(rare_avg=4.75: courses(4.46), places(5.03))"
425,#425 WFD,The most striking thing about this budget smartphone cannot be seen on its face.,2,0,0,2,"lex=0(rare_avg=4.13: smartphone(4.06), striking(4.20)) | dictation=long(14); dense(7)"
426,#426 WFD,The museum is closed on the third Monday of every month.,2,0,1,1,"lex=0(rare_avg=4.80: museum(4.71), closed(4.90)) | grammar=passive(is closed) | dictation=long(11)"
427,#427 WFD,The nation achieved prosperity by opening its ports for trade.,1,0,0,1,"lex=0(rare_avg=3.99: prosperity(3.91), ports(4.07)) | dictation=dense(6)"
428,#428 WFD,The nearest automatic teller is in front of the anatomy labs.,2,1,1,2,"lex=1(rare_avg=3.66: teller(3.49), labs(3.82)) | grammar=passive(is in front) | dictation=long(11); dense(6)"
429,#429 WFD,All students are allowed to take the notes from the library.,2,0,1,1,"lex=0(rare_avg=4.85: notes(4.84), library(4.86)) | grammar=passive(are allowed) | dictation=long(11)"
430,#430 WFD,Extension requirements for the assignment must be submitted before the deadline.,3,0,2,1,"lex=0(rare_avg=4.15: deadline(4.12), assignment(4.18)) | grammar=modal(must); passive(be submitted) | dictation=long(11)"
431,#431 WFD,The new product failed due to a lack of demand.,1,0,0,1,"lex=0(rare_avg=4.83: failed(4.82), demand(4.84)) | dictation=dense(6)"
432,#432 WFD,All stages of the course are available on the website.,1,0,0,0,"lex=0(rare_avg=4.76: stages(4.43), website(5.09))"
433,#433 WFD,There are a number of people familiar with this process.,1,0,0,0,"lex=0(rare_avg=4.94: familiar(4.61), process(5.26))"
434,#434 WFD,The office will be closed during the Christmas break.,1,0,1,0,"lex=0(rare_avg=5.04: closed(4.90), break(5.18)) | grammar=passive(be closed)"
435,#435 WFD,The other book isn't thorough but it's more insightful.,1,1,0,1,"lex=1(rare_avg=3.69: insightful(3.41), thorough(3.97)) | dictation=contraction"
436,#436 WFD,The period was a golden age of English literature.,1,0,1,0,"lex=0(rare_avg=4.64: literature(4.62), golden(4.67)) | grammar=passive(was a golden)"
437,#437 WFD,There is a display screen in the large lecture room of the theater.,2,0,1,2,"lex=0(rare_avg=4.24: lecture(4.14), theater(4.35)) | grammar=passive(is a display screen) | dictation=long(13); dense(6)"
438,#438 WFD,The placement test of mathematics and statistics is offered every semester.,2,0,1,2,"lex=0(rare_avg=4.04: semester(4.03), placement(4.04)) | grammar=passive(is offered) | dictation=long(11); dense(6)"
439,#439 WFD,The plight of wildlife has been ignored by local developers.,3,1,2,0,"lex=1(rare_avg=3.84: plight(3.46), developers(4.22)) | grammar=passive(been ignored); perfect(has been ignored)"
440,#440 WFD,"In language learning, a systematic method of organizing new categories is essential.",2,0,0,2,"lex=0(rare_avg=3.92: systematic(3.87), organizing(3.97)) | dictation=long(12); dense(8)"
441,#441 WFD,The professor took a year off to work on her book.,1,0,0,1,"lex=0(rare_avg=5.17: professor(4.90), book(5.43)) | dictation=long(11)"
442,#442 WFD,Students will study the language and literature of ancient Greece.,1,0,0,0,"lex=0(rare_avg=4.65: literature(4.62), ancient(4.68))"
443,#443 WFD,The properties should be appropriately distributed.,3,0,2,0,"lex=0(rare_avg=4.03: appropriately(3.74), distributed(4.31)) | grammar=modal(should); passive(be appropriately distributed)"
444,#444 WFD,The qualification will be assessed using an approach based on conference criteria.,2,1,1,2,"lex=1(rare_avg=3.89: qualification(3.88), assessed(3.90)) | grammar=passive(be assessed) | dictation=long(12); dense(7)"
445,#445 WFD,The American astronomers made a plan for landing a spaceship on Mars.,2,1,0,1,"lex=1(rare_avg=3.38: spaceship(3.36), astronomers(3.40)) | dictation=long(12)"
446,#446 WFD,The railway makes long-distance travel possible for everyone.,1,0,0,1,"lex=0(rare_avg=4.65: railway(4.46), distance(4.85)) | dictation=dense(7)"
447,#447 WFD,The university has created summer schools for international students.,1,0,1,1,"lex=0(rare_avg=5.05: created(5.05), schools(5.05)) | grammar=perfect(has created) | dictation=dense(6)"
448,#448 WFD,You are trained to be a specialized journalist.,1,0,1,0,"lex=0(rare_avg=4.22: specialized(4.07), journalist(4.38)) | grammar=passive(are trained)"
449,#449 WFD,The relative humidity is the amount of moisture that the air can hold.,2,1,1,2,"lex=1(rare_avg=3.87: humidity(3.83), moisture(3.90)) | grammar=passive(is the amount) | dictation=long(13); dense(6)"
450,#450 WFD,An adviser can help manufacturers to ensure that products are safe.,2,0,0,2,"lex=0(rare_avg=4.14: adviser(3.94), manufacturers(4.35)) | dictation=long(11); dense(6)"
451,#451 WFD,Policies are extremely strict with office workers.,1,0,0,0,"lex=0(rare_avg=4.47: strict(4.23), policies(4.71))"
452,#452 WFD,The results of the experiment are reported in the table below.,2,0,1,1,"lex=0(rare_avg=4.69: experiment(4.38), reported(5.00)) | grammar=passive(are reported) | dictation=long(11)"
453,#453 WFD,Strong communication between students and teachers plays an important role in the class.,2,0,0,2,"lex=0(rare_avg=4.71: communication(4.68), teachers(4.74)) | dictation=long(13); dense(8)"
454,#454 WFD,The rising temperature is changing the wildlife population.,1,0,0,0,"lex=0(rare_avg=4.42: wildlife(4.33), rising(4.52))"
455,#455 WFD,The same approach reached the same explanation of the problem.,1,0,0,0,"lex=0(rare_avg=4.64: explanation(4.44), reached(4.85))"
456,#456 WFD,The same issue featured both explanations of the problem.,1,0,0,0,"lex=0(rare_avg=4.10: explanations(3.76), featured(4.44))"
458,#458 WFD,The schedule allows plenty of time for individual study.,1,0,0,1,"lex=0(rare_avg=4.67: schedule(4.67), allows(4.67)) | dictation=dense(6)"
459,#459 WFD,The summer school program allows some students to accelerate their studies.,2,0,0,2,"lex=0(rare_avg=4.17: accelerate(3.66), allows(4.67)) | dictation=long(11); dense(7)"
460,#460 WFD,The scientists found most of the studies today.,1,0,0,0,"lex=0(rare_avg=4.74: scientists(4.50), studies(4.98))"
461,#461 WFD,The scientists will face both the explanations and the problems.,1,0,0,0,"lex=0(rare_avg=4.13: explanations(3.76), scientists(4.50))"
462,#462 WFD,The study of physiology involves traditional sciences and social sciences.,1,0,0,1,"lex=0(rare_avg=3.97: physiology(3.61), involves(4.34)) | dictation=dense(7)"
463,#463 WFD,The slide shows that there has been minimal growth.,1,0,1,0,"lex=0(rare_avg=4.21: minimal(4.11), slide(4.30)) | grammar=perfect(has been)"
464,#464 WFD,The sociology department is highly regarded worldwide.,1,0,1,0,"lex=0(rare_avg=4.04: sociology(3.78), regarded(4.29)) | grammar=passive(is highly regarded)"
465,#465 WFD,The software companies design and create new products.,1,0,0,1,"lex=0(rare_avg=4.89: software(4.77), create(5.02)) | dictation=dense(6)"
466,#466 WFD,Many researchers have studied stress in academic study.,1,0,1,1,"lex=0(rare_avg=4.44: researchers(4.39), studied(4.49)) | grammar=perfect(have studied) | dictation=dense(6)"
467,#467 WFD,This is the third and the final lecture in this series.,1,0,0,1,"lex=0(rare_avg=4.71: lecture(4.14), final(5.28)) | dictation=long(11)"
468,#468 WFD,The summer course was canceled due to insufficient re-enrollments.,2,1,1,1,"lex=1(rare_avg=3.21: enrollments(2.66), insufficient(3.77)) | grammar=passive(was canceled) | dictation=dense(7)"
469,#469 WFD,Social media has grown enormously in recent years.,1,0,1,1,"lex=0(rare_avg=4.03: enormously(3.39), grown(4.67)) | grammar=perfect(has grown) | dictation=dense(6)"
470,#470 WFD,Assignments must be submitted at the end of the term.,3,0,2,0,"lex=0(rare_avg=4.10: assignments(3.88), submitted(4.32)) | grammar=modal(must); passive(be submitted)"
471,#471 WFD,The synopsis contains the most important information.,1,0,0,0,"lex=0(rare_avg=4.03: synopsis(3.38), contains(4.68))"
472,#472 WFD,An undergraduate is required to do many projects.,1,0,1,0,"lex=0(rare_avg=4.33: undergraduate(3.85), projects(4.81)) | grammar=passive(is required)"
473,#473 WFD,The teacher asked the group to commence the task.,1,0,0,0,"lex=0(rare_avg=4.12: commence(3.59), task(4.65))"
474,#474 WFD,The teaching group will perform in the concert hall.,1,0,0,0,"lex=0(rare_avg=4.61: concert(4.55), perform(4.66))"
475,#475 WFD,You should submit your term papers to the general office.,1,0,1,0,"lex=0(rare_avg=4.45: submit(4.28), papers(4.61)) | grammar=modal(should)"
476,#476 WFD,Please remain seated after finishing your exam.,1,0,0,0,"lex=0(rare_avg=4.08: seated(3.89), exam(4.26))"
477,#477 WFD,The theater study courses encourage students to exercise their creativity.,1,0,0,1,"lex=0(rare_avg=4.18: creativity(4.01), theater(4.35)) | dictation=dense(7)"
478,#478 WFD,"The theme of the instrumental work exhibits more of a demure, compositional style.",2,2,0,2,"lex=2(rare_avg=2.71: demure(2.56), compositional(2.86)) | dictation=long(13); dense(7)"
479,#479 WFD,The theme of the issue was the estimation of the problem.,1,0,0,1,"lex=0(rare_avg=4.04: estimation(3.46), theme(4.62)) | dictation=long(11)"
480,#480 WFD,The thief visited the homes of several people every day.,1,0,0,1,"lex=0(rare_avg=4.19: thief(3.88), visited(4.50)) | dictation=dense(6)"
481,#481 WFD,The time of the math lecture has been changed to ten thirty.,3,0,2,2,"lex=0(rare_avg=4.26: lecture(4.14), thirty(4.38)) | grammar=passive(been changed); perfect(has been changed) | dictation=long(12); dense(6)"
482,#482 WFD,School exams are easy compared with those in universities.,1,0,1,0,"lex=0(rare_avg=4.18: exams(4.00), universities(4.36)) | grammar=passive(are easy compared)"
483,#483 WFD,Urbanization increases the costs for other communities.,1,1,0,0,"lex=1(rare_avg=3.75: urbanization(3.04), increases(4.46))"
484,#484 WFD,Social media is responsible for helping the government to solve social problems.,2,0,0,2,"lex=0(rare_avg=4.60: solve(4.42), helping(4.78)) | dictation=long(12); dense(8)"
485,#485 WFD,The two variables in the study were very closely correlated.,1,1,1,0,"lex=1(rare_avg=3.74: correlated(3.50), variables(3.97)) | grammar=passive(were very closely correlated)"
486,#486 WFD,More research is required in the field of food science.,1,0,1,0,"lex=0(rare_avg=5.07: required(5.02), science(5.12)) | grammar=passive(is required)"
487,#487 WFD,The university has a world-renowned school of archaeology.,1,1,0,0,"lex=1(rare_avg=3.76: archaeology(3.57), renowned(3.96))"
488,#488 WFD,The university library has most of the necessary books.,1,0,0,0,"lex=0(rare_avg=4.88: library(4.86), necessary(4.91))"
489,#489 WFD,The university officer will help you find suitable housing and arrange transportation.,2,0,0,2,"lex=0(rare_avg=4.19: arrange(4.00), suitable(4.38)) | dictation=long(12); dense(8)"
490,#490 WFD,The university theater group will be performing in the concert hall.,2,0,0,2,"lex=0(rare_avg=4.45: theater(4.35), concert(4.55)) | dictation=long(11); dense(6)"
492,#492 WFD,Digital gadgets have now become an important part of all people's everyday lives.,2,0,0,3,"lex=0(rare_avg=4.03: gadgets(3.59), everyday(4.47)) | dictation=contraction; long(13); dense(8)"
493,#493 WFD,The visitor used to be the lecturer of this department.,1,1,0,0,"lex=1(rare_avg=3.87: lecturer(3.72), visitor(4.01))"
494,#494 WFD,The vocabulary that is peculiar to a specific field is called jargon.,2,1,1,2,"lex=1(rare_avg=3.46: jargon(3.24), peculiar(3.67)) | grammar=passive(is called) | dictation=long(12); dense(6)"
495,#495 WFD,Students must wear protective clothing provided in the medical laboratory.,3,0,2,1,"lex=0(rare_avg=4.22: protective(4.13), laboratory(4.31)) | grammar=adv_sub(provided); modal(must) | dictation=dense(7)"
496,#496 WFD,The ways in which people communicate are constantly changing.,3,0,2,0,"lex=0(rare_avg=4.37: communicate(4.20), constantly(4.53)) | grammar=phrase(in which); relative(which)"
497,#497 WFD,The whole point of the project was to look at the norm not the exception.,2,0,0,2,"lex=0(rare_avg=4.14: norm(3.93), exception(4.35)) | dictation=long(15); dense(6)"
498,#498 WFD,Theory and training are required to become a medical specialist.,1,0,1,1,"lex=0(rare_avg=4.58: specialist(4.28), theory(4.88)) | grammar=passive(are required) | dictation=dense(6)"
499,#499 WFD,There are different types of governments in the world.,1,0,1,0,"lex=0(rare_avg=4.65: governments(4.45), types(4.85)) | grammar=passive(are different)"
500,#500 WFD,There are many branches of medical studies.,1,0,0,0,"lex=0(rare_avg=4.60: branches(4.21), studies(4.98))"
501,#501 WFD,Astrology is not an ideal science in poor rural areas due to limited evidence.,2,0,0,2,"lex=0(rare_avg=3.91: astrology(3.38), ideal(4.44)) | dictation=long(14); dense(9)"
502,#502 WFD,There are new innovations in the field of digital architecture.,1,0,0,0,"lex=0(rare_avg=4.08: innovations(3.73), architecture(4.42))"
503,#503 WFD,There are some doubts about whether these events actually occurred.,1,0,0,0,"lex=0(rare_avg=4.26: doubts(3.95), occurred(4.57))"
505,#505 WFD,There is a clear need for further research in this field.,1,0,0,1,"lex=0(rare_avg=5.25: field(5.24), clear(5.25)) | dictation=long(11)"
506,#506 WFD,There is a need for constructive dialogues between leaders.,1,1,0,0,"lex=1(rare_avg=3.50: dialogues(3.22), constructive(3.78))"
507,#507 WFD,There is a pharmacy on campus near the bookstore.,1,1,0,0,"lex=1(rare_avg=3.65: bookstore(3.42), pharmacy(3.87))"
508,#508 WFD,There is a welcome party for all new students each term.,1,0,0,1,"lex=0(rare_avg=5.11: welcome(4.99), term(5.23)) | dictation=long(11)"
509,#509 WFD,The transformation of media has changed the way information is both used and studied.,2,0,1,2,"lex=0(rare_avg=4.35: transformation(4.21), studied(4.49)) | grammar=perfect(has changed) | dictation=long(14); dense(7)"
510,#510 WFD,The library reception desk is now open every day.,1,0,0,0,"lex=0(rare_avg=4.33: reception(4.23), desk(4.43))"
511,#511 WFD,There was a prize for the best student of the presentation.,1,0,0,1,"lex=0(rare_avg=4.45: presentation(4.31), prize(4.59)) | dictation=long(11)"
512,#512 WFD,There was no correlation between the drug used and cure rates.,2,0,1,1,"lex=0(rare_avg=4.09: correlation(3.86), cure(4.32)) | grammar=passive(was no correlation between) | dictation=long(11)"
513,#513 WFD,There was not enough evidence to support these recommendations.,1,0,0,0,"lex=0(rare_avg=4.71: recommendations(4.29), evidence(5.14))"
514,#514 WFD,There will be a conference here next summer on using the web for academic research.,2,0,0,2,"lex=0(rare_avg=4.66: academic(4.57), web(4.74)) | dictation=long(15); dense(7)"
515,#515 WFD,These have also been found to contribute to the death of many marine animals.,2,0,1,2,"lex=0(rare_avg=4.44: contribute(4.34), marine(4.53)) | grammar=perfect(have also been) | dictation=long(14); dense(6)"
516,#516 WFD,They have both grown up in rural areas and dislike urban life.,2,0,1,2,"lex=0(rare_avg=4.24: dislike(3.89), rural(4.59)) | grammar=perfect(have both grown) | dictation=long(12); dense(6)"
517,#517 WFD,They have been struggling since last year to make their services paid.,2,0,1,2,"lex=0(rare_avg=4.72: struggling(4.33), paid(5.12)) | grammar=perfect(have been) | dictation=long(12); dense(7)"
518,#518 WFD,Art is an expression of creative skills and imagination.,1,0,0,0,"lex=0(rare_avg=4.38: imagination(4.22), expression(4.55))"
519,#519 WFD,The postgraduate program depends entirely on private funding.,1,0,0,1,"lex=0(rare_avg=3.91: postgraduate(3.28), depends(4.53)) | dictation=dense(6)"
520,#520 WFD,Everyone must complete assignments before the deadline.,1,0,1,0,"lex=0(rare_avg=4.00: assignments(3.88), deadline(4.12)) | grammar=modal(must)"
521,#521 WFD,This course is integrated because it has several parts.,1,0,1,0,"lex=0(rare_avg=4.68: integrated(4.29), parts(5.07)) | grammar=passive(is integrated)"
522,#522 WFD,This course provides the opportunity to get valuable industry experience.,1,0,0,1,"lex=0(rare_avg=4.65: valuable(4.51), provides(4.80)) | dictation=dense(7)"
524,#524 WFD,It is important for scientists to publish their research.,1,0,1,0,"lex=0(rare_avg=4.30: publish(4.10), scientists(4.50)) | grammar=passive(is important)"
525,#525 WFD,This topic is interesting in parliament.,1,0,1,0,"lex=0(rare_avg=4.62: topic(4.49), parliament(4.74)) | grammar=passive(is interesting in parliament)"
526,#526 WFD,Writing history involves a careful selection process of diverse sources.,1,0,0,1,"lex=0(rare_avg=4.29: diverse(4.24), involves(4.34)) | dictation=dense(8)"
527,#527 WFD,This morning's lecture on economic policy has been canceled.,3,1,2,1,"lex=1(rare_avg=3.48: morning's(3.07), canceled(3.90)) | grammar=passive(been canceled); perfect(has been canceled) | dictation=contraction"
528,#528 WFD,Currently the growth of the economy is unpredictable.,1,0,0,0,"lex=0(rare_avg=4.28: unpredictable(3.68), economy(4.87))"
529,#529 WFD,This software company designs and creates new products.,1,0,0,1,"lex=0(rare_avg=4.33: creates(4.28), designs(4.38)) | dictation=dense(6)"
530,#530 WFD,Those seeking a formal extension should contact their faculty for information.,2,0,1,2,"lex=0(rare_avg=4.38: faculty(4.32), formal(4.45)) | grammar=modal(should) | dictation=long(11); dense(6)"
531,#531 WFD,Those who are considering a career in marketing should attend the talk.,3,0,2,1,"lex=0(rare_avg=4.59: attend(4.55), considering(4.64)) | grammar=modal(should); relative(who) | dictation=long(12)"
532,#532 WFD,Climate change is not the sole reason for scientific research.,1,0,0,1,"lex=0(rare_avg=4.48: sole(4.29), scientific(4.67)) | dictation=dense(6)"
533,#533 WFD,"To achieve full marks, an appropriate bibliography is required.",1,0,1,1,"lex=0(rare_avg=4.16: bibliography(3.82), marks(4.49)) | grammar=passive(is required) | dictation=dense(6)"
534,#534 WFD,All students do their homework at home.,1,0,0,0,"lex=0(rare_avg=4.69: homework(4.13), students(5.25))"
535,#535 WFD,Today's lecture material will be included in the next assessment.,2,0,1,2,"lex=0(rare_avg=4.30: lecture(4.14), assessment(4.46)) | grammar=passive(be included) | dictation=contraction; dense(6)"
536,#536 WFD,Any game must be properly elaborated.,3,1,2,0,"lex=1(rare_avg=3.89: elaborated(3.15), properly(4.64)) | grammar=modal(must); passive(be properly elaborated)"
537,#537 WFD,"Tours operate all year round, but the busier dry season runs from May.",2,1,1,2,"lex=1(rare_avg=3.54: busier(2.93), tours(4.14)) | grammar=modal(may) | dictation=long(13); dense(8)"
538,#538 WFD,Medical students normally study for at least six years at the university.,2,0,0,2,"lex=0(rare_avg=4.87: normally(4.57), medical(5.16)) | dictation=long(12); dense(8)"
539,#539 WFD,Traffic is the main cause of air pollution in many cities.,2,0,0,2,"lex=0(rare_avg=4.52: pollution(4.20), cities(4.84)) | dictation=long(11); dense(7)"
540,#540 WFD,Travelling by boat on the river is not possible in winter.,1,0,0,1,"lex=0(rare_avg=4.49: travelling(4.27), boat(4.71)) | dictation=long(11)"
541,#541 WFD,The elective course introduces engineering students to construction practices and concepts.,2,1,0,2,"lex=1(rare_avg=3.56: elective(3.32), introduces(3.80)) | dictation=long(11); dense(8)"
542,#542 WFD,The online registration conference is now open.,1,0,0,0,"lex=0(rare_avg=4.67: registration(4.32), conference(5.01))"
543,#543 WFD,Try to work with each other to build up a sense of cooperation and team spirit.,2,0,0,2,"lex=0(rare_avg=4.54: cooperation(4.30), spirit(4.79)) | dictation=long(16); dense(7)"
544,#544 WFD,Undergraduate students may participate in specific stages within the program.,1,0,1,1,"lex=0(rare_avg=4.13: undergraduate(3.85), participate(4.42)) | grammar=modal(may) | dictation=dense(7)"
545,#545 WFD,Statistics is a crucial branch of mathematics.,1,0,0,0,"lex=0(rare_avg=4.21: mathematics(4.15), crucial(4.28))"
546,#546 WFD,Undergraduates need some specific sources to analyze a program.,1,1,0,1,"lex=1(rare_avg=3.49: undergraduates(3.14), analyze(3.84)) | dictation=dense(6)"
547,#547 WFD,Extension is only available under special circumstances.,1,0,0,0,"lex=0(rare_avg=4.53: extension(4.46), circumstances(4.59))"
548,#548 WFD,Understanding how to use the library will save your time.,1,0,0,0,"lex=0(rare_avg=4.84: understanding(4.82), library(4.86))"
549,#549 WFD,Scientists have found all parts of science today.,1,0,0,0,"lex=0(rare_avg=4.79: scientists(4.50), parts(5.07))"
550,#550 WFD,The car accident happened on Saturday outside the school gate.,1,0,0,1,"lex=0(rare_avg=4.59: gate(4.47), accident(4.71)) | dictation=dense(6)"
551,#551 WFD,University fees are expected to increase next year.,1,0,1,1,"lex=0(rare_avg=4.75: fees(4.53), expected(4.96)) | grammar=passive(are expected) | dictation=dense(6)"
552,#552 WFD,Upgrading manufacturing systems can increase efficiency.,1,0,0,0,"lex=0(rare_avg=4.00: upgrading(3.62), efficiency(4.38))"
553,#553 WFD,Water filters on campus will discourage the unnecessary use of plastic bottles.,2,1,0,2,"lex=1(rare_avg=3.72: discourage(3.57), filters(3.88)) | dictation=long(12); dense(8)"
554,#554 WFD,We are able to work in a team.,1,0,0,0,"lex=0(rare_avg=5.55: able(5.43), team(5.67))"
555,#555 WFD,We need to work together to achieve a high educational standard.,2,0,0,2,"lex=0(rare_avg=4.58: achieve(4.57), educational(4.60)) | dictation=long(11); dense(7)"
556,#556 WFD,The theme of the course is to encourage students to develop their creativity.,2,0,0,2,"lex=0(rare_avg=4.23: creativity(4.01), encourage(4.45)) | dictation=long(13); dense(6)"
557,#557 WFD,We have not yet achieved equality in our society.,1,0,1,0,"lex=0(rare_avg=4.38: equality(4.26), achieved(4.49)) | grammar=perfect(have not yet achieved)"
558,#558 WFD,We have sufficient methods to study brain activity.,1,0,1,0,"lex=0(rare_avg=4.50: sufficient(4.32), methods(4.68)) | grammar=perfect(have sufficient)"
559,#559 WFD,We study science to understand and appreciate the world around us.,2,0,0,2,"lex=0(rare_avg=4.93: appreciate(4.74), science(5.12)) | dictation=long(11); dense(6)"
560,#560 WFD,We support the research on problems related to tropical cyclone dynamics and forecasting.,2,1,0,2,"lex=1(rare_avg=3.49: forecasting(3.47), cyclone(3.51)) | dictation=long(13); dense(8)"
561,#561 WFD,We support research in the field of archaeology such as forecasting and estimation.,2,1,0,2,"lex=1(rare_avg=3.46: estimation(3.46), forecasting(3.47)) | dictation=long(13); dense(6)"
562,#562 WFD,The gap between the rich and the poor does not decrease.,1,0,0,1,"lex=0(rare_avg=4.32: decrease(4.17), gap(4.47)) | dictation=long(11)"
563,#563 WFD,"When bad drove out good, the local workers were more difficult than their competitors.",2,0,0,2,"lex=0(rare_avg=4.24: competitors(4.11), drove(4.36)) | dictation=long(14); dense(7)"
564,#564 WFD,"When launching a product, investigating and marketing are very crucial.",1,0,0,1,"lex=0(rare_avg=4.04: launching(3.99), investigating(4.08)) | dictation=list_enum"
565,#565 WFD,"When met with high potential risks, companies will raise their prices.",2,0,0,2,"lex=0(rare_avg=4.55: risks(4.35), raise(4.75)) | dictation=long(11); dense(7)"
566,#566 WFD,Art students often exhibit their works in the university buildings.,1,0,0,1,"lex=0(rare_avg=4.43: exhibit(4.16), buildings(4.69)) | dictation=dense(7)"
567,#567 WFD,"When workers ask for higher wages, companies often raise their prices.",2,0,0,2,"lex=0(rare_avg=4.50: wages(4.25), raise(4.75)) | dictation=long(11); dense(8)"
568,#568 WFD,Roads should be clear so that traffic can move smoothly.,3,0,2,0,"lex=0(rare_avg=4.12: smoothly(3.68), roads(4.55)) | grammar=phrase(so that); modal(should)"
569,#569 WFD,"While reconciliation is desirable, basic underlying issues must first be addressed.",3,1,2,2,"lex=1(rare_avg=3.79: reconciliation(3.72), desirable(3.85)) | grammar=modal(must); passive(be addressed) | dictation=long(11); dense(8)"
570,#570 WFD,Why has the project been held up for so long?,3,0,2,0,"lex=0(rare_avg=5.23: project(5.22), held(5.24)) | grammar=passive(been held); perfect(has the project been)"
571,#571 WFD,The essay is easy to complete once the research is finished.,2,0,1,1,"lex=0(rare_avg=4.59: essay(4.23), finished(4.94)) | grammar=passive(is finished) | dictation=long(11)"
572,#572 WFD,Years of training are required to become a medical specialist.,1,0,1,1,"lex=0(rare_avg=4.65: specialist(4.28), required(5.02)) | grammar=passive(are required) | dictation=dense(6)"
573,#573 WFD,You are required to complete the assignment by Monday.,1,0,1,0,"lex=0(rare_avg=4.60: assignment(4.18), required(5.02)) | grammar=passive(are required)"
574,#574 WFD,Spending time with nature can release stress and anxiety.,1,0,0,1,"lex=0(rare_avg=4.58: anxiety(4.45), spending(4.71)) | dictation=dense(6)"
575,#575 WFD,You are required to submit your assignment by Friday.,1,0,1,0,"lex=0(rare_avg=4.23: assignment(4.18), submit(4.28)) | grammar=passive(are required)"
576,#576 WFD,You can contact all your tutors by email.,1,0,0,0,"lex=0(rare_avg=3.92: tutors(3.15), email(4.68))"
577,#577 WFD,The literature review should include recent articles.,1,0,1,0,"lex=0(rare_avg=4.67: literature(4.62), articles(4.71)) | grammar=modal(should)"
578,#578 WFD,You can find a lot more references on the university website.,1,0,0,1,"lex=0(rare_avg=4.75: references(4.42), website(5.09)) | dictation=long(11)"
579,#579 WFD,You can request library books by using the electronic catalogue.,1,0,0,1,"lex=0(rare_avg=4.23: catalogue(3.91), electronic(4.55)) | dictation=dense(6)"
580,#580 WFD,You can use your laptops in the lecture.,1,1,0,0,"lex=1(rare_avg=3.84: laptops(3.54), lecture(4.14))"
581,#581 WFD,The three elective courses were carried out in the program.,1,1,1,0,"lex=1(rare_avg=3.89: elective(3.32), courses(4.46)) | grammar=passive(were carried)"
582,#582 WFD,You will need to purchase an academic gown for the commencement.,2,1,0,1,"lex=1(rare_avg=3.62: commencement(3.48), gown(3.75)) | dictation=long(11)"
583,#583 WFD,You must submit your assignments by next Friday at the latest.,2,0,1,1,"lex=0(rare_avg=4.08: assignments(3.88), submit(4.28)) | grammar=modal(must) | dictation=long(11)"
584,#584 WFD,You need to hand in the essay next semester.,1,0,0,0,"lex=0(rare_avg=4.13: semester(4.03), essay(4.23))"
585,#585 WFD,You should draw your graph on a separate page.,1,0,1,0,"lex=0(rare_avg=4.43: graph(4.05), draw(4.81)) | grammar=modal(should)"
586,#586 WFD,You should include these two pictures from the lecture in your assignment.,2,0,1,1,"lex=0(rare_avg=4.16: lecture(4.14), assignment(4.18)) | grammar=modal(should) | dictation=long(12)"
587,#587 WFD,The staff is cleaning the room for tomorrow morning's meeting.,2,1,0,2,"lex=1(rare_avg=3.73: morning's(3.07), cleaning(4.39)) | dictation=contraction; dense(6)"
588,#588 WFD,You are able to contact a number of research subjects.,1,0,0,0,"lex=0(rare_avg=4.69: subjects(4.38), contact(4.99))"
589,#589 WFD,The study of nutrition is a growing field.,1,0,0,0,"lex=0(rare_avg=4.52: nutrition(4.10), growing(4.94))"
590,#590 WFD,The department has been reimbursed for equipment.,3,0,2,0,"lex=0(rare_avg=3.96: reimbursed(3.05), equipment(4.88)) | grammar=passive(been reimbursed for equipment); perfect(has been reimbursed)"
591,#591 WFD,Your agent will collect commission for each house they sell.,1,0,0,0,"lex=0(rare_avg=4.59: collect(4.37), agent(4.81))"
592,#592 WFD,Your lowest quiz grade has been omitted from the calculations.,3,1,2,0,"lex=1(rare_avg=3.67: omitted(3.53), quiz(3.82)) | grammar=passive(been omitted); perfect(has been omitted)"
593,#593 WFD,Your summary should be as clear and concise as possible.,1,0,1,0,"lex=0(rare_avg=3.92: concise(3.46), summary(4.37)) | grammar=modal(should)"
594,#594 WFD,Your task is to create demand for the product.,1,0,0,0,"lex=0(rare_avg=4.75: task(4.65), demand(4.84))"
595,#595 WFD,Your thesis should have a fairly limited scope.,3,0,2,0,"lex=0(rare_avg=4.15: thesis(4.05), scope(4.26)) | grammar=modal(should); modal_perfect(should have a fairly limited)"
596,#596 WFD,Enrolling in a second major will increase your career options.,1,0,0,1,"lex=0(rare_avg=3.94: enrolling(3.17), options(4.71)) | dictation=dense(6)"
597,#597 WFD,Both staff and students can purchase car parking permits online.,1,0,0,1,"lex=0(rare_avg=4.21: permits(3.94), parking(4.47)) | dictation=dense(7)"
598,#598 WFD,Check the website if you are looking for discounted textbooks.,1,1,1,0,"lex=1(rare_avg=3.62: discounted(3.58), textbooks(3.66)) | grammar=passive(are looking for discounted)"
599,#599 WFD,Consumer confidence tends to increase as the economy expands.,1,1,0,1,"lex=1(rare_avg=3.85: expands(3.58), tends(4.12)) | dictation=dense(6)"
600,#600 WFD,Continuing students will be sent the necessary application forms.,1,0,1,1,"lex=0(rare_avg=4.61: continuing(4.48), forms(4.73)) | grammar=passive(be sent) | dictation=dense(6)"
601,#601 WFD,Distance learning allows you to develop a career around your commitments.,2,0,0,2,"lex=0(rare_avg=4.23: commitments(3.79), allows(4.67)) | dictation=long(11); dense(7)"
602,#602 WFD,Doing nothing is not always better than taking risks.,1,0,0,0,"lex=0(rare_avg=4.87: risks(4.35), taking(5.39))"
603,#603 WFD,Economic development needs to be supported by the government.,1,0,1,0,"lex=0(rare_avg=4.89: supported(4.68), economic(5.10)) | grammar=passive(be supported)"
604,#604 WFD,"As student union members, you can influence and change our university.",2,0,0,2,"lex=0(rare_avg=4.90: influence(4.78), student(5.02)) | dictation=long(11); dense(6)"
605,#605 WFD,Every student has a regular meeting with his or her personal tutor.,1,0,0,1,"lex=0(rare_avg=4.31: tutor(3.67), regular(4.95)) | dictation=long(12)"
606,#606 WFD,Students will study the language and literature in ancient Greece.,1,0,0,0,"lex=0(rare_avg=4.65: literature(4.62), ancient(4.68))"
607,#607 WFD,Get enough sleep the night before the test.,1,0,0,0,"lex=0(rare_avg=5.12: sleep(5.05), test(5.19))"
608,#608 WFD,Application forms should be submitted in one week.,3,0,2,0,"lex=0(rare_avg=4.53: submitted(4.32), forms(4.73)) | grammar=modal(should); passive(be submitted)"
609,#609 WFD,Governments need to make solar energy more affordable to everyone.,1,0,0,1,"lex=0(rare_avg=4.33: affordable(4.22), governments(4.45)) | dictation=dense(7)"
610,#610 WFD,A growing population has posed a challenge to many governments.,1,0,1,1,"lex=0(rare_avg=4.13: posed(3.81), governments(4.45)) | grammar=perfect(has posed) | dictation=dense(6)"
611,#611 WFD,"In his lifetime, he composed a large number of works.",1,0,0,0,"lex=0(rare_avg=4.33: composed(4.27), lifetime(4.39))"
612,#612 WFD,"In this book, the author discussed the role of cultural differences.",2,0,0,2,"lex=0(rare_avg=4.48: discussed(4.45), differences(4.52)) | dictation=long(11); dense(6)"
613,#613 WFD,Industry experts will discuss job opportunities in an automated workforce.,1,0,0,1,"lex=0(rare_avg=3.92: automated(3.91), workforce(3.94)) | dictation=dense(7)"
614,#614 WFD,It was four more years before the theory was fully developed.,2,0,1,1,"lex=0(rare_avg=4.88: theory(4.88), fully(4.89)) | grammar=passive(was fully developed) | dictation=long(11)"
615,#615 WFD,It would be extremely beneficial to work together.,1,0,1,0,"lex=0(rare_avg=4.44: beneficial(4.08), extremely(4.79)) | grammar=modal(would)"
616,#616 WFD,You should meet me in the lecture theater room.,1,0,1,0,"lex=0(rare_avg=4.24: lecture(4.14), theater(4.35)) | grammar=modal(should)"
617,#617 WFD,Women enjoy popular forms of entertainment all around the world.,1,0,0,1,"lex=0(rare_avg=4.67: entertainment(4.60), forms(4.73)) | dictation=dense(7)"
618,#618 WFD,Managing the increasing population is a challenge for most governments.,1,0,0,0,"lex=0(rare_avg=4.43: managing(4.40), governments(4.45))"
619,#619 WFD,Manufacturing now employs more people than agriculture and fishing combined.,1,0,0,1,"lex=0(rare_avg=4.05: employs(3.73), agriculture(4.37)) | dictation=dense(6)"
620,#620 WFD,Mature students usually adapt to university life extremely well.,1,0,0,1,"lex=0(rare_avg=4.13: adapt(3.98), mature(4.28)) | dictation=dense(8)"
621,#621 WFD,More research is needed before any definitive conclusion is drawn.,1,0,1,0,"lex=0(rare_avg=4.10: definitive(3.80), conclusion(4.40)) | grammar=passive(is needed)"
622,#622 WFD,Students are encouraged to take part in their studies as well as games.,2,0,1,2,"lex=0(rare_avg=4.65: encouraged(4.32), studies(4.98)) | grammar=passive(are encouraged) | dictation=long(13); dense(7)"
623,#623 WFD,One of the functions of the internal organ is to keep the body warm.,2,0,0,2,"lex=0(rare_avg=4.32: organ(4.14), functions(4.50)) | dictation=long(14); dense(7)"
624,#624 WFD,Our courses help to improve critical thinking and independent learning skills.,2,0,0,2,"lex=0(rare_avg=4.62: courses(4.46), skills(4.77)) | dictation=long(11); dense(8)"
625,#625 WFD,Our food supply now contains too much sugar that our metabolic system cannot handle.,2,0,0,2,"lex=0(rare_avg=4.15: metabolic(3.62), contains(4.68)) | dictation=long(14); dense(9)"
626,#626 WFD,Our laboratory equipment is provided free of charge.,3,0,2,0,"lex=0(rare_avg=4.59: laboratory(4.31), equipment(4.88)) | grammar=adv_sub(provided); passive(is provided)"
627,#627 WFD,Peer review is an essential part of the scientific method.,1,0,0,1,"lex=0(rare_avg=4.38: peer(4.14), essential(4.61)) | dictation=dense(6)"
628,#628 WFD,Please ensure you do not exceed the word limit.,1,0,0,0,"lex=0(rare_avg=4.31: exceed(3.92), ensure(4.70))"
629,#629 WFD,Please provide the reports to support your idea of these arguments.,2,0,0,2,"lex=0(rare_avg=4.62: arguments(4.33), reports(4.90)) | dictation=long(11); dense(6)"
631,#631 WFD,Protective clothing must always be worn in the laboratory.,3,0,2,0,"lex=0(rare_avg=4.20: protective(4.13), worn(4.26)) | grammar=modal(must); passive(be worn)"
632,#632 WFD,Reading lists will be available before the course begins.,1,0,0,0,"lex=0(rare_avg=4.50: lists(4.38), begins(4.62))"
633,#633 WFD,Research shows that exercising makes us feel better.,1,0,0,1,"lex=0(rare_avg=4.48: exercising(3.73), shows(5.23)) | dictation=dense(6)"
634,#634 WFD,Rise in temperature is changing the wildlife population.,1,0,0,0,"lex=0(rare_avg=4.48: wildlife(4.33), temperature(4.64))"
635,#635 WFD,The science library is currently located on the ground floor.,1,0,1,1,"lex=0(rare_avg=4.86: library(4.86), located(4.86)) | grammar=passive(is currently located) | dictation=dense(6)"
636,#636 WFD,Several candidates will be qualified as the greatest scientists of all time.,2,0,1,2,"lex=0(rare_avg=4.48: qualified(4.46), scientists(4.50)) | grammar=passive(be qualified) | dictation=long(12); dense(6)"
637,#637 WFD,"Strangely, people are simultaneously impressed by and skeptical of statistics.",2,1,1,1,"lex=1(rare_avg=3.67: strangely(3.67), skeptical(3.68)) | grammar=passive(are simultaneously impressed) | dictation=dense(6)"
638,#638 WFD,The student advisor was aware that the lecture today had been canceled.,3,0,2,2,"lex=0(rare_avg=3.96: canceled(3.90), advisor(4.01)) | grammar=passive(been canceled); perfect(had been canceled) | dictation=long(12); dense(6)"
639,#639 WFD,Students should take advantage of the online resources before attending the lecture.,2,0,1,2,"lex=0(rare_avg=4.22: lecture(4.14), attending(4.31)) | grammar=modal(should) | dictation=long(12); dense(7)"
640,#640 WFD,The field study on Wednesday has been canceled.,3,0,2,0,"lex=0(rare_avg=4.57: canceled(3.90), field(5.24)) | grammar=passive(been canceled); perfect(has been canceled)"
641,#641 WFD,Students who study overseas can significantly improve their employment opportunities.,1,0,1,1,"lex=0(rare_avg=4.42: overseas(4.29), significantly(4.54)) | grammar=relative(who) | dictation=dense(7)"
642,#642 WFD,You can make an appointment to meet the librarian.,1,0,0,0,"lex=0(rare_avg=4.04: librarian(3.59), appointment(4.49))"
643,#643 WFD,The body fat keeps internal organs warm.,1,0,0,1,"lex=0(rare_avg=4.33: organs(4.00), internal(4.66)) | dictation=dense(6)"
644,#644 WFD,The cooperator operates a continuous assessment.,1,2,0,0,"lex=2(rare_avg=2.94: cooperator(1.76), operates(4.13))"
645,#645 WFD,The department has a higher-than-normal proportion of postgraduate students.,1,1,0,1,"lex=1(rare_avg=3.70: postgraduate(3.28), proportion(4.11)) | dictation=dense(6)"
646,#646 WFD,The Industrial Revolution in Europe was driven by steam technology.,1,0,1,0,"lex=0(rare_avg=4.53: steam(4.52), driven(4.54)) | grammar=passive(was driven)"
647,#647 WFD,The invention of the printing press increases the demand for paper.,2,0,0,2,"lex=0(rare_avg=4.16: invention(4.04), printing(4.28)) | dictation=long(11); dense(6)"
648,#648 WFD,The new art gallery can only be visited on Fridays.,1,0,1,0,"lex=0(rare_avg=4.50: gallery(4.49), visited(4.50)) | grammar=passive(be visited)"
649,#649 WFD,The new theory takes all the latest research results into account.,2,0,0,2,"lex=0(rare_avg=4.90: theory(4.88), latest(4.92)) | dictation=long(11); dense(7)"
650,#650 WFD,The office hours will be changed from next term.,1,0,1,0,"lex=0(rare_avg=5.15: changed(5.07), term(5.23)) | grammar=passive(be changed)"
651,#651 WFD,The poster of this play is hung in the large lecture theater.,2,0,0,2,"lex=0(rare_avg=4.17: lecture(4.14), poster(4.19)) | dictation=long(12); dense(6)"
652,#652 WFD,The use of wind energy has increased rapidly.,1,0,1,0,"lex=0(rare_avg=4.59: rapidly(4.34), wind(4.84)) | grammar=perfect(has increased)"
653,#653 WFD,The site is designed to be highly interactive.,1,0,1,0,"lex=0(rare_avg=4.47: interactive(4.06), highly(4.89)) | grammar=passive(is designed)"
654,#654 WFD,The studies showed that Hong Kong people are the most active in Asia.,1,0,0,1,"lex=0(rare_avg=4.89: showed(4.86), active(4.93)) | dictation=long(13)"
655,#655 WFD,The teacher training includes observing the classes.,1,0,0,0,"lex=0(rare_avg=4.26: observing(3.75), classes(4.77))"
656,#656 WFD,Our facilities include five items in the university.,1,0,0,0,"lex=0(rare_avg=4.72: facilities(4.66), items(4.78))"
657,#657 WFD,The design of modern cities is a challenge for urban planners.,2,0,0,2,"lex=0(rare_avg=4.10: planners(3.55), urban(4.65)) | dictation=long(11); dense(6)"
658,#658 WFD,The university should introduce technology to support learning.,1,0,1,0,"lex=0(rare_avg=4.64: introduce(4.37), learning(4.92)) | grammar=modal(should)"
659,#659 WFD,The visiting speaker used to be a lecturer in this department.,1,0,0,1,"lex=0(rare_avg=4.08: lecturer(3.72), visiting(4.44)) | dictation=long(11)"
660,#660 WFD,Time and distance are used to calculate speed.,1,0,0,0,"lex=0(rare_avg=4.36: calculate(3.87), distance(4.85))"
661,#661 WFD,There are many good reasons to grow trees in more cities.,2,0,0,2,"lex=0(rare_avg=4.77: trees(4.69), cities(4.84)) | dictation=long(11); dense(6)"
662,#662 WFD,There are not many interconnections between philosophy and psychology.,1,1,0,0,"lex=1(rare_avg=3.35: interconnections(2.39), psychology(4.31))"
663,#663 WFD,There are more opportunities to receive the grants in most artistic fields.,1,0,0,1,"lex=0(rare_avg=4.16: grants(4.15), artistic(4.17)) | dictation=long(12)"
664,#664 WFD,There have been many changes recently in the mathematics department.,1,0,1,0,"lex=0(rare_avg=4.58: mathematics(4.15), recently(5.02)) | grammar=perfect(have been)"
665,#665 WFD,There is an important difference between mass production and batch production.,2,0,1,2,"lex=0(rare_avg=4.39: batch(3.91), mass(4.87)) | grammar=passive(is an important) | dictation=long(11); dense(6)"
666,#666 WFD,There will be a meeting for the first-year students on Friday.,1,0,0,1,"lex=0(rare_avg=5.20: meeting(5.15), students(5.25)) | dictation=long(11)"
667,#667 WFD,These leaflets can be really useful when you are revising.,1,1,0,0,"lex=1(rare_avg=3.25: revising(3.18), leaflets(3.33))"
668,#668 WFD,You do not need to have specialist knowledge to be able to read the book.,2,0,1,2,"lex=0(rare_avg=4.62: specialist(4.28), knowledge(4.96)) | grammar=passive(be able to read) | dictation=long(15); dense(6)"
669,#669 WFD,"For the purpose of research, data should be collected and analyzed.",3,0,2,1,"lex=0(rare_avg=4.26: analyzed(3.90), collected(4.63)) | grammar=modal(should); passive(be collected and analyzed) | dictation=long(11)"
670,#670 WFD,Students can find news about climate change.,1,0,0,0,"lex=0(rare_avg=4.98: climate(4.71), students(5.25))"
671,#671 WFD,Today we will look at how to display the data visually.,1,0,0,1,"lex=0(rare_avg=4.16: visually(3.68), display(4.63)) | dictation=long(11)"
672,#672 WFD,Students are encouraged to read new books recommended by Professor Jones.,2,0,1,2,"lex=0(rare_avg=4.41: encouraged(4.32), recommended(4.50)) | grammar=passive(are encouraged to read) | dictation=long(11); dense(6)"
673,#673 WFD,Tutors should set a clear goal at the start of the class.,2,0,1,2,"lex=0(rare_avg=4.10: tutors(3.15), goal(5.06)) | grammar=modal(should) | dictation=long(12); dense(6)"
674,#674 WFD,Unemployment rate has fallen to its lowest level in years.,1,0,1,1,"lex=0(rare_avg=4.30: unemployment(4.22), fallen(4.39)) | grammar=perfect(has fallen) | dictation=dense(6)"
675,#675 WFD,Universities should invest in new technologies designed for learning.,1,0,1,1,"lex=0(rare_avg=4.32: invest(4.32), technologies(4.32)) | grammar=modal(should) | dictation=dense(6)"
676,#676 WFD,Universities need to secure the grants for research subjects.,1,0,0,1,"lex=0(rare_avg=4.26: grants(4.15), universities(4.36)) | dictation=dense(6)"
677,#677 WFD,"Unlike short sleep, excessive sleep increases the risk of illness.",1,0,0,1,"lex=0(rare_avg=4.27: excessive(4.12), illness(4.41)) | dictation=dense(8)"
678,#678 WFD,Unusual weather patterns are making farming more difficult today.,1,0,0,1,"lex=0(rare_avg=4.31: farming(4.21), patterns(4.41)) | dictation=dense(7)"
679,#679 WFD,We are achieving common prosperity throughout the department.,1,0,0,0,"lex=0(rare_avg=3.97: prosperity(3.91), achieving(4.03))"
680,#680 WFD,"Without doubt, this theory has a number of limitations.",1,0,0,0,"lex=0(rare_avg=4.46: limitations(4.05), theory(4.88))"
681,#681 WFD,The new chemistry professor will deliver his first lecture tomorrow.,1,0,0,1,"lex=0(rare_avg=4.24: lecture(4.14), chemistry(4.35)) | dictation=dense(7)"
682,#682 WFD,You must figure out the mathematical problems and apply what you've learned.,2,0,1,3,"lex=0(rare_avg=4.42: mathematical(4.04), apply(4.81)) | grammar=modal(must) | dictation=contraction; long(12); dense(6)"
683,#683 WFD,The ability to act on your own is called autonomy.,1,0,1,0,"lex=0(rare_avg=4.41: autonomy(3.86), ability(4.96)) | grammar=passive(is called)"
684,#684 WFD,The winter sun is lower but high enough to produce enough warmth.,2,0,0,2,"lex=0(rare_avg=4.29: warmth(3.80), produce(4.78)) | dictation=long(12); dense(8)"
685,#685 WFD,The course dates are available on the college website.,1,0,0,0,"lex=0(rare_avg=4.81: dates(4.54), website(5.09))"
686,#686 WFD,A library plays an important role in students' lives.,1,0,0,1,"lex=0(rare_avg=4.85: plays(4.84), library(4.86)) | dictation=dense(6)"
687,#687 WFD,There is a significant difference between theory and practice in education.,2,0,1,1,"lex=0(rare_avg=4.93: theory(4.88), significant(4.98)) | grammar=passive(is a significant) | dictation=long(11)"
688,#688 WFD,A group meeting will be held tomorrow in the library conference room.,2,0,1,2,"lex=0(rare_avg=4.94: library(4.86), conference(5.01)) | grammar=passive(be held) | dictation=long(12); dense(7)"
689,#689 WFD,The difficult teacher is always responsible for the contribution to student marks.,2,0,0,2,"lex=0(rare_avg=4.42: contribution(4.34), marks(4.49)) | dictation=long(12); dense(6)"
690,#690 WFD,The reception staff can give advice on renting private accommodation.,1,1,0,1,"lex=1(rare_avg=3.84: renting(3.62), accommodation(4.06)) | dictation=dense(7)"
692,#692 WFD,The essay will argue that the technology does more harm than good.,1,0,0,1,"lex=0(rare_avg=4.35: essay(4.23), argue(4.46)) | dictation=long(12)"
694,#694 WFD,Avoid confusing the cause and effect of these changes.,1,0,0,0,"lex=0(rare_avg=4.45: confusing(4.02), avoid(4.87))"
695,#695 WFD,The opening hours of the library are reduced during summer.,1,0,1,0,"lex=0(rare_avg=4.75: reduced(4.64), library(4.86)) | grammar=passive(are reduced)"
696,#696 WFD,I didn't understand the author's point of view on immigration.,1,0,0,2,"lex=0(rare_avg=3.95: author's(3.43), immigration(4.47)) | dictation=contraction; dense(6)"
697,#697 WFD,A laptop computer has been found in the biology lab.,1,0,1,0,"lex=0(rare_avg=4.22: biology(4.22), laptop(4.23)) | grammar=perfect(has been)"
698,#698 WFD,"Despite their differences, all forms of life share certain characteristics.",1,0,1,1,"lex=0(rare_avg=4.40: characteristics(4.28), differences(4.52)) | grammar=adv_sub(despite) | dictation=dense(7)"
699,#699 WFD,We hold the visiting days throughout this year for all undergraduate students.,2,0,0,2,"lex=0(rare_avg=4.15: undergraduate(3.85), visiting(4.44)) | dictation=long(12); dense(7)"
700,#700 WFD,Everyone must evacuate the premises during the fire drill.,1,1,1,0,"lex=1(rare_avg=3.77: evacuate(3.53), premises(4.02)) | grammar=modal(must)"
701,#701 WFD,Many vocational courses in the institution are funded by private enterprises.,2,1,1,2,"lex=1(rare_avg=3.83: vocational(3.65), enterprises(4.00)) | grammar=passive(are funded) | dictation=long(11); dense(7)"
702,#702 WFD,Strong lasers are used to measure distances and baselines.,2,2,0,1,"lex=2(rare_avg=2.91: baselines(2.28), lasers(3.54)) | dictation=dense(6)"
704,#704 WFD,"To get further extension, you need to call the education executive on four zero one.",2,0,0,2,"lex=0(rare_avg=4.54: extension(4.46), zero(4.63)) | dictation=long(15); dense(9)"
705,#705 WFD,Many graduates of journalism can get jobs in the communications field.,2,0,0,2,"lex=0(rare_avg=4.07: graduates(4.02), journalism(4.12)) | dictation=long(11); dense(7)"
706,#706 WFD,Students must know the technological aspects of the society.,1,0,1,0,"lex=0(rare_avg=4.28: technological(4.06), aspects(4.50)) | grammar=modal(must)"
707,#707 WFD,Human beings compete with other living things for resources and space.,2,0,0,2,"lex=0(rare_avg=4.29: beings(4.19), compete(4.39)) | dictation=long(11); dense(7)"
708,#708 WFD,"Major sports on campus include rugby, soccer and tennis.",1,0,0,2,"lex=0(rare_avg=4.38: tennis(4.35), rugby(4.40)) | dictation=list_enum; dense(7)"
709,#709 WFD,Increasing population results in an increasing demand for energy.,1,0,0,1,"lex=0(rare_avg=4.68: increasing(4.68), increasing(4.68)) | dictation=dense(6)"
710,#710 WFD,Listening is the key skill needed to succeed in this course.,2,0,0,2,"lex=0(rare_avg=4.36: succeed(4.29), skill(4.42)) | dictation=long(11); dense(6)"
711,#711 WFD,There are more jobs in services than manufacturing.,1,0,0,0,"lex=0(rare_avg=4.77: manufacturing(4.56), jobs(4.98))"
712,#712 WFD,Astronauts are using light years to measure the distance in space.,2,0,0,2,"lex=0(rare_avg=4.05: astronauts(3.46), measure(4.65)) | dictation=long(11); dense(7)"
713,#713 WFD,The speaker began by giving an outline of her presentation.,1,0,0,0,"lex=0(rare_avg=4.12: outline(3.92), presentation(4.31))"
714,#714 WFD,Native speakers are exempt from the language tests in their own languages.,2,0,0,2,"lex=0(rare_avg=4.01: exempt(3.78), speakers(4.24)) | dictation=long(12); dense(6)"
715,#715 WFD,The study is among the initial projects funded by the university.,2,0,0,2,"lex=0(rare_avg=4.50: funded(4.29), initial(4.72)) | dictation=long(11); dense(6)"
716,#716 WFD,Students need to submit both their assignments on the same day.,1,0,0,1,"lex=0(rare_avg=4.08: assignments(3.88), submit(4.28)) | dictation=long(11)"
717,#717 WFD,Please make sure you choose a course that provides good career opportunities.,2,0,0,2,"lex=0(rare_avg=4.71: opportunities(4.61), provides(4.80)) | dictation=long(12); dense(9)"
718,#718 WFD,Sports teams practice on weekdays and play games on weekends.,1,1,0,1,"lex=1(rare_avg=3.65: weekdays(3.25), weekends(4.05)) | dictation=dense(7)"
719,#719 WFD,Please visit the website for more information about the opening times.,2,0,0,2,"lex=0(rare_avg=4.99: opening(4.94), visit(5.04)) | dictation=long(11); dense(6)"
721,#721 WFD,Resources and materials are on hold at the library reference desk.,2,0,0,2,"lex=0(rare_avg=4.58: desk(4.43), reference(4.74)) | dictation=long(11); dense(6)"
722,#722 WFD,Courses are assessed by group work and individual assignments.,2,1,1,1,"lex=1(rare_avg=3.89: assignments(3.88), assessed(3.90)) | grammar=passive(are assessed) | dictation=dense(6)"
723,#723 WFD,Globalization has been an overwhelming urbanization phenomenon.,1,1,1,0,"lex=1(rare_avg=3.25: urbanization(3.04), globalization(3.46)) | grammar=perfect(has been)"
724,#724 WFD,Many inventors in the engineering sector are inspired by nature.,1,0,1,1,"lex=0(rare_avg=3.92: inventors(3.22), inspired(4.63)) | grammar=passive(are inspired) | dictation=dense(6)"
725,#725 WFD,Physics is a key subject for understanding the world and the universe.,2,0,0,2,"lex=0(rare_avg=4.49: physics(4.39), universe(4.59)) | dictation=long(12); dense(6)"
726,#726 WFD,Undergraduates have a wide range of cultural modules to choose from.,2,1,0,2,"lex=1(rare_avg=3.42: undergraduates(3.14), modules(3.70)) | dictation=long(11); dense(6)"
728,#728 WFD,It is necessary to dress formally for the graduation ceremony.,1,0,0,0,"lex=0(rare_avg=4.04: formally(4.01), graduation(4.07))"
729,#729 WFD,We can all meet at my office after the lecture.,1,0,0,0,"lex=0(rare_avg=4.71: lecture(4.14), meet(5.27))"
730,#730 WFD,Too much information may be avoided by good research design.,3,0,2,1,"lex=0(rare_avg=4.62: avoided(4.07), design(5.17)) | grammar=modal(may); passive(be avoided) | dictation=dense(6)"
731,#731 WFD,Graphs and charts allowed data to be more easily understood.,1,1,0,1,"lex=1(rare_avg=3.85: graphs(3.55), charts(4.16)) | dictation=dense(6)"
732,#732 WFD,Safety is most important in the biology lab.,1,0,1,0,"lex=0(rare_avg=4.32: biology(4.22), lab(4.42)) | grammar=passive(is most important)"
733,#733 WFD,Implementation figures are expected to improve over the next few years.,2,0,1,2,"lex=0(rare_avg=4.52: implementation(4.31), figures(4.73)) | grammar=passive(are expected) | dictation=long(11); dense(6)"
734,#734 WFD,The garden behind the university is open to the public in summer.,2,0,0,2,"lex=0(rare_avg=5.00: garden(4.77), summer(5.23)) | dictation=long(12); dense(6)"
735,#735 WFD,The history of the university is a long and interesting one.,1,0,0,1,"lex=0(rare_avg=5.20: interesting(5.00), history(5.39)) | dictation=long(11)"
736,#736 WFD,Food has become a political issue in the world today.,1,0,0,1,"lex=0(rare_avg=5.26: issue(5.23), political(5.29)) | dictation=dense(6)"
737,#737 WFD,Banks charge interest on the money they lend to customers.,1,0,0,1,"lex=0(rare_avg=4.30: lend(3.92), banks(4.69)) | dictation=dense(6)"
738,#738 WFD,The student shop sells a range of stationery.,1,1,0,0,"lex=1(rare_avg=3.69: stationery(3.29), sells(4.09))"
739,#739 WFD,The elephant is the largest animal living on land.,1,0,0,0,"lex=0(rare_avg=4.45: elephant(4.08), animal(4.81))"
740,#740 WFD,A series of observations was carried out in the classroom.,1,0,1,0,"lex=0(rare_avg=4.08: observations(4.02), classroom(4.15)) | grammar=passive(was carried)"
741,#741 WFD,The task tomorrow will require a higher level of skill.,1,0,0,1,"lex=0(rare_avg=4.54: skill(4.42), task(4.65)) | dictation=dense(6)"
742,#742 WFD,Globalization has been the most important phenomenon in the United Arab Emirates.,3,1,2,1,"lex=1(rare_avg=3.79: globalization(3.46), phenomenon(4.13)) | grammar=passive(been the most important); perfect(has been) | dictation=long(12)"
743,#743 WFD,Being bilingual does not necessarily mean having the ability to analyze languages.,2,1,0,2,"lex=1(rare_avg=3.68: bilingual(3.52), analyze(3.84)) | dictation=long(12); dense(7)"
744,#744 WFD,There is a lecture going on just in front of the room.,1,0,0,1,"lex=0(rare_avg=4.71: lecture(4.14), front(5.28)) | dictation=long(12)"
745,#745 WFD,Journalism faces a crisis in light of the digital revolution.,1,0,0,1,"lex=0(rare_avg=4.34: journalism(4.12), revolution(4.56)) | dictation=dense(6)"
746,#746 WFD,Gravity makes objects attracted to one another.,1,0,0,1,"lex=0(rare_avg=4.26: gravity(4.21), attracted(4.31)) | dictation=dense(6)"
747,#747 WFD,The academic tradition of the school ensures excellence.,1,1,0,0,"lex=1(rare_avg=3.83: ensures(3.60), excellence(4.07))"
748,#748 WFD,Money laundering has become a major issue nowadays in most parts of the world.,2,1,0,2,"lex=1(rare_avg=3.80: laundering(3.49), nowadays(4.11)) | dictation=long(14); dense(8)"
749,#749 WFD,"When parents talk to children, the tense is simplified.",1,1,1,0,"lex=1(rare_avg=3.82: simplified(3.69), tense(3.95)) | grammar=passive(is simplified)"
750,#750 WFD,"The college includes two branches, physical and social sciences.",1,0,0,2,"lex=0(rare_avg=4.30: branches(4.21), sciences(4.39)) | dictation=list_enum; dense(7)"
751,#751 WFD,A series of lectures showcasing economic research has been recorded.,3,1,2,1,"lex=1(rare_avg=3.65: showcasing(3.34), lectures(3.96)) | grammar=passive(been recorded); perfect(has been recorded) | dictation=dense(6)"
752,#752 WFD,The generous donation by alumni helps to fund the school.,1,0,0,1,"lex=0(rare_avg=3.95: alumni(3.89), donation(4.00)) | dictation=dense(6)"
754,#754 WFD,Leaving valuable possessions unattended in public places is risky.,1,1,0,1,"lex=1(rare_avg=3.50: unattended(3.18), possessions(3.81)) | dictation=dense(7)"
755,#755 WFD,This book can be borrowed for a maximum of one week.,2,0,1,1,"lex=0(rare_avg=4.25: borrowed(3.91), maximum(4.60)) | grammar=passive(be borrowed) | dictation=long(11)"
757,#757 WFD,Purity is one feature that makes gold expensive.,1,0,0,1,"lex=0(rare_avg=4.19: purity(3.69), expensive(4.69)) | dictation=dense(6)"
758,#758 WFD,Each faculty has a dedicated list of librarians available during teaching time each term.,2,1,1,2,"lex=1(rare_avg=3.79: librarians(3.26), faculty(4.32)) | grammar=perfect(has a dedicated) | dictation=long(14); dense(8)"
759,#759 WFD,There are many teachers to help students on campus.,1,0,0,0,"lex=0(rare_avg=4.62: campus(4.51), teachers(4.74))"
760,#760 WFD,You need to put these books on the table over there.,1,0,0,1,"lex=0(rare_avg=5.10: table(5.05), books(5.15)) | dictation=long(11)"
761,#761 WFD,Distance learning is providing multiple career opportunities for students.,1,0,1,1,"lex=0(rare_avg=4.67: opportunities(4.61), providing(4.72)) | grammar=adv_sub(providing) | dictation=dense(7)"
762,#762 WFD,The jury consisted of judges selected from all men and women.,2,0,0,2,"lex=0(rare_avg=4.17: consisted(3.91), judges(4.42)) | dictation=long(11); dense(6)"
763,#763 WFD,Some students find that true or false questions are harder than short answers.,2,0,0,2,"lex=0(rare_avg=4.58: harder(4.57), answers(4.60)) | dictation=long(13); dense(8)"
764,#764 WFD,I thought it was through the small meeting room.,1,0,0,0,"lex=0(rare_avg=5.27: meeting(5.15), room(5.39))"
766,#766 WFD,All candidates must leave the hall only after the exam.,1,0,1,0,"lex=0(rare_avg=4.41: exam(4.26), candidates(4.56)) | grammar=modal(must)"
767,#767 WFD,"Nowadays, accounting is far more important for businesses than ever before.",2,0,1,2,"lex=0(rare_avg=4.20: nowadays(4.11), accounting(4.29)) | grammar=passive(is far more important) | dictation=long(11); dense(6)"
768,#768 WFD,Typical mistakes are difficult to find.,1,0,0,0,"lex=0(rare_avg=4.52: mistakes(4.45), typical(4.59))"
769,#769 WFD,The new technician dropped the microscope in the biology lab.,1,1,0,1,"lex=1(rare_avg=3.60: microscope(3.50), technician(3.70)) | dictation=dense(6)"
770,#770 WFD,Candidates should remain seated until finishing their exams.,1,0,1,1,"lex=0(rare_avg=3.95: seated(3.89), exams(4.00)) | grammar=modal(should) | dictation=dense(6)"
771,#771 WFD,The reason for the decline of enrollment is unclear.,1,0,0,0,"lex=0(rare_avg=3.92: enrollment(3.92), unclear(3.93))"
772,#772 WFD,Certain organisms can reproduce using just one parent.,1,1,0,1,"lex=1(rare_avg=3.71: reproduce(3.63), organisms(3.80)) | dictation=dense(6)"
773,#773 WFD,Gravity is extraordinarily weak and nearly impossible to study directly at a quantum level.,2,1,0,2,"lex=1(rare_avg=3.75: extraordinarily(3.42), quantum(4.07)) | dictation=long(14); dense(9)"
774,#774 WFD,The biology department is respected in research activities.,1,0,1,0,"lex=0(rare_avg=4.17: respected(4.11), biology(4.22)) | grammar=passive(is respected)"
775,#775 WFD,You should allocate your time wisely when revising.,1,1,1,0,"lex=1(rare_avg=3.25: revising(3.18), allocate(3.31)) | grammar=modal(should)"
776,#776 WFD,Those events are not yet fully understood.,1,0,0,0,"lex=0(rare_avg=4.73: understood(4.58), fully(4.89))"
777,#777 WFD,This graph shows there is a minimum growth.,1,0,0,0,"lex=0(rare_avg=4.37: graph(4.05), minimum(4.69))"
778,#778 WFD,Theft happens to a thousand people every day.,1,0,0,0,"lex=0(rare_avg=4.38: theft(4.13), thousand(4.64))"
779,#779 WFD,The researchers are disappointed that the results of the research have been proven to be inconclusive.,3,1,2,2,"lex=1(rare_avg=3.73: inconclusive(3.13), proven(4.33)) | grammar=passive(are disappointed); perfect(have been proven) | dictation=long(16); dense(6)"
780,#780 WFD,I had a sandwich and milk with orange juice for my breakfast.,1,0,0,1,"lex=0(rare_avg=4.25: sandwich(4.13), juice(4.36)) | dictation=long(12)"
782,#782 WFD,Research shows that teachers contribute most to the students' achievements.,1,0,0,1,"lex=0(rare_avg=4.20: achievements(4.06), contribute(4.34)) | dictation=dense(6)"
783,#783 WFD,The burning of fossil fuels leads to pollution and global warming.,2,0,0,2,"lex=0(rare_avg=3.91: fuels(3.82), fossil(3.99)) | dictation=long(11); dense(7)"
784,#784 WFD,The scientists use the web to explore the problems.,1,0,0,0,"lex=0(rare_avg=4.40: explore(4.31), scientists(4.50))"
785,#785 WFD,You must hand in your essays by midday on Friday.,1,1,1,0,"lex=1(rare_avg=3.73: midday(3.37), essays(4.08)) | grammar=modal(must)"
786,#786 WFD,The same issue was researched with the same explanation of the problem.,2,0,1,1,"lex=0(rare_avg=4.00: researched(3.56), explanation(4.44)) | grammar=passive(was researched) | dictation=long(12)"
787,#787 WFD,It showed that people are struggling in their lives.,1,0,0,0,"lex=0(rare_avg=4.60: struggling(4.33), showed(4.86))"
788,#788 WFD,The quality of your statistical information depends on your raw data.,2,0,0,2,"lex=0(rare_avg=4.33: statistical(4.14), depends(4.53)) | dictation=long(11); dense(6)"
789,#789 WFD,Criminal charges will be brought against all of the men.,1,0,1,0,"lex=0(rare_avg=4.71: charges(4.68), criminal(4.75)) | grammar=passive(be brought)"
790,#790 WFD,The main concepts of these events were not yet fully understood.,1,0,0,1,"lex=0(rare_avg=4.42: concepts(4.26), understood(4.58)) | dictation=long(11)"
791,#791 WFD,The project is challenging and requires a lot of dedication.,1,0,0,0,"lex=0(rare_avg=4.12: dedication(3.96), challenging(4.27))"
792,#792 WFD,Atoms are the basic building blocks of matter.,1,0,0,0,"lex=0(rare_avg=4.09: atoms(3.75), blocks(4.43))"
793,#793 WFD,Being a vegan means not consuming any animal products.,1,0,0,0,"lex=0(rare_avg=3.92: consuming(3.89), vegan(3.95))"
794,#794 WFD,"The coffee house features sandwiches, salads, soup, chicken, and fish.",2,1,0,2,"lex=1(rare_avg=3.54: salads(3.31), sandwiches(3.77)) | dictation=list_enum; dense(8)"
795,#795 WFD,"Statistically speaking, the likelihood of this result is extremely low.",1,1,0,1,"lex=1(rare_avg=3.79: statistically(3.67), likelihood(3.91)) | dictation=dense(6)"
797,#797 WFD,Farmers do not accept the prices for their agricultural goods.,1,0,0,0,"lex=0(rare_avg=4.38: agricultural(4.34), farmers(4.43))"
798,#798 WFD,"Sugar is a compound including carbon, hydrogen and oxygen atoms.",2,1,0,2,"lex=1(rare_avg=3.87: atoms(3.75), hydrogen(3.98)) | dictation=list_enum; dense(7)"
799,#799 WFD,International exchange formed an important part of our study programs.,1,0,0,1,"lex=0(rare_avg=4.76: formed(4.68), exchange(4.85)) | dictation=dense(7)"
800,#800 WFD,Students must observe lab safety regulations at all times.,1,0,1,1,"lex=0(rare_avg=4.24: observe(4.06), lab(4.42)) | grammar=modal(must) | dictation=dense(6)"
801,#801 WFD,The lectures today were carried out in the field of global warming.,2,0,1,2,"lex=0(rare_avg=4.00: lectures(3.96), warming(4.05)) | grammar=passive(were carried) | dictation=long(12); dense(6)"
802,#802 WFD,One of the purposes of education is to encourage independent learning.,2,0,1,2,"lex=0(rare_avg=4.48: encourage(4.45), purposes(4.51)) | grammar=passive(is to encourage independent) | dictation=long(11); dense(6)"
803,#803 WFD,Law is beneficial to investors by protecting their rights and avoiding any improper actions in the market.,2,1,0,2,"lex=1(rare_avg=3.83: improper(3.58), avoiding(4.07)) | dictation=long(17); dense(9)"
804,#804 WFD,It is strictly required to submit the assignment by Friday.,1,0,1,0,"lex=0(rare_avg=4.17: strictly(4.16), assignment(4.18)) | grammar=passive(is strictly required)"
805,#805 WFD,Laundry facilities are available in each school unit free of charge.,2,0,0,2,"lex=0(rare_avg=4.36: laundry(4.06), facilities(4.66)) | dictation=long(11); dense(7)"
806,#806 WFD,Castles were designed to intimidate both local people and enemies.,2,1,1,1,"lex=1(rare_avg=3.38: intimidate(3.31), castles(3.46)) | grammar=passive(were designed) | dictation=dense(6)"
807,#807 WFD,"When studying, it is important to take a break.",1,0,1,0,"lex=0(rare_avg=4.80: studying(4.42), break(5.18)) | grammar=passive(is important)"
808,#808 WFD,Biology involves the study of life at all levels.,1,0,0,0,"lex=0(rare_avg=4.28: biology(4.22), involves(4.34))"
809,#809 WFD,The stock market crash had repercussions throughout the world.,1,0,0,1,"lex=0(rare_avg=3.97: repercussions(3.39), crash(4.55)) | dictation=dense(6)"
810,#810 WFD,Everyone in this room needs to follow the rules.,1,0,0,0,"lex=0(rare_avg=5.10: rules(5.06), follow(5.14))"
811,#811 WFD,You will be able to develop computational and logical skills here.,2,1,0,1,"lex=1(rare_avg=3.88: computational(3.62), logical(4.14)) | dictation=long(11)"
812,#812 WFD,These students will become the greatest scientists of all time.,1,0,0,0,"lex=0(rare_avg=4.64: scientists(4.50), greatest(4.79))"
813,#813 WFD,All medical staff will be available to help students.,1,0,0,0,"lex=0(rare_avg=5.12: staff(5.08), medical(5.16))"
814,#814 WFD,We are moving at a very fast pace.,1,0,0,0,"lex=0(rare_avg=4.70: pace(4.38), moving(5.02))"
815,#815 WFD,Tribes vied with each other to build up monolithic statues.,1,2,0,0,"lex=2(rare_avg=2.73: vied(2.45), monolithic(3.00))"
816,#816 WFD,All people enjoy music in everyday life.,1,0,0,0,"lex=0(rare_avg=4.78: everyday(4.47), enjoy(5.09))"
817,#817 WFD,There is not enough evidence to support these recommendations.,1,0,0,0,"lex=0(rare_avg=4.71: recommendations(4.29), evidence(5.14))"
818,#818 WFD,This new paper challenged many previously accepted theories.,1,0,0,1,"lex=0(rare_avg=4.15: challenged(4.09), theories(4.22)) | dictation=dense(7)"
819,#819 WFD,Plants are able to continue growing throughout their lives.,1,0,0,1,"lex=0(rare_avg=4.83: plants(4.71), growing(4.94)) | dictation=dense(6)"
820,#820 WFD,Literature class will be available for the students at midday on Friday.,1,0,0,1,"lex=0(rare_avg=4.00: midday(3.37), literature(4.62)) | dictation=long(12)"
821,#821 WFD,There is a list of dedicated librarians available during teaching time each term.,2,0,0,2,"lex=0(rare_avg=3.92: librarians(3.26), dedicated(4.58)) | dictation=long(13); dense(7)"
822,#822 WFD,All students are expected to participate in all class activities.,1,0,1,0,"lex=0(rare_avg=4.67: participate(4.42), activities(4.91)) | grammar=passive(are expected)"
823,#823 WFD,The advanced mathematics lab will be open again next semester.,1,0,0,1,"lex=0(rare_avg=4.09: semester(4.03), mathematics(4.15)) | dictation=dense(6)"
824,#824 WFD,Artists need to make their works both original and accessible.,1,0,0,1,"lex=0(rare_avg=4.42: accessible(4.18), artists(4.67)) | dictation=dense(6)"
825,#825 WFD,The hypothesis needs to be tested in a more rigorous way.,2,1,1,1,"lex=1(rare_avg=3.78: rigorous(3.68), hypothesis(3.87)) | grammar=passive(be tested) | dictation=long(11)"
826,#826 WFD,‌Computers are a great source of knowledge for students.,1,0,0,0,"lex=0(rare_avg=4.64: computers(4.33), knowledge(4.96))"
827,#827 WFD,There are a number of people who like to go to the countryside areas.,2,0,1,2,"lex=0(rare_avg=4.54: countryside(3.92), areas(5.15)) | grammar=relative(who) | dictation=long(14); dense(6)"
828,#828 WFD,All staff must leave from the fire hydrant exit.,1,1,1,0,"lex=1(rare_avg=3.53: hydrant(2.71), exit(4.35)) | grammar=modal(must)"
829,#829 WFD,The scientists now study a wide variety of atmospheric processes.,1,0,0,1,"lex=0(rare_avg=4.15: atmospheric(3.84), processes(4.46)) | dictation=dense(6)"
830,#830 WFD,"Since the problems we face are global ones, we need to find relative solutions.",2,0,0,2,"lex=0(rare_avg=4.49: relative(4.48), solutions(4.50)) | dictation=long(14); dense(9)"
831,#831 WFD,Evidence suggests that the human brain changes shape in response to the way it is used.,2,0,0,2,"lex=0(rare_avg=4.61: suggests(4.49), shape(4.72)) | dictation=long(16); dense(9)"
832,#832 WFD,Critical thinking is crucial for mathematics.,1,0,0,0,"lex=0(rare_avg=4.21: mathematics(4.15), crucial(4.28))"
833,#833 WFD,Speed is defined as how quickly an object or a person moves.,2,0,1,2,"lex=0(rare_avg=4.56: defined(4.56), object(4.56)) | grammar=passive(is defined) | dictation=long(12); dense(6)"
834,#834 WFD,Before attending the lecture you should contact your lecturer.,1,0,1,0,"lex=0(rare_avg=3.93: lecturer(3.72), lecture(4.14)) | grammar=modal(should)"
835,#835 WFD,We cannot consider an increase in our price at this stage.,1,0,0,1,"lex=0(rare_avg=5.04: consider(4.99), increase(5.08)) | dictation=long(11)"
837,#837 WFD,"If it helps to take notes in order to concentrate, please do so.",2,0,1,2,"lex=0(rare_avg=4.41: concentrate(4.07), helps(4.74)) | grammar=phrase(in order to) | dictation=long(13); dense(6)"
838,#838 WFD,You will work as part of a team for this project.,1,0,0,1,"lex=0(rare_avg=5.45: project(5.22), team(5.67)) | dictation=long(11)"
839,#839 WFD,She received the scholarship from the state university.,1,0,0,0,"lex=0(rare_avg=4.66: scholarship(4.15), received(5.16))"
840,#840 WFD,All funding requests must be submitted on the appropriate form.,3,0,2,0,"lex=0(rare_avg=4.30: requests(4.28), submitted(4.32)) | grammar=modal(must); passive(be submitted)"
841,#841 WFD,This survey will look at the greatest scientists of all time.,1,0,0,1,"lex=0(rare_avg=4.60: scientists(4.50), survey(4.69)) | dictation=long(11)"
842,#842 WFD,Social policy is a study of the government's social response to social issues.,2,0,0,3,"lex=0(rare_avg=4.50: government's(3.98), response(5.03)) | dictation=contraction; long(13); dense(8)"
843,#843 WFD,Your role was principally involved in the development of new chemical processes.,2,0,1,2,"lex=0(rare_avg=3.93: principally(3.40), processes(4.46)) | grammar=passive(was principally involved) | dictation=long(12); dense(7)"
844,#844 WFD,The toughest part of postgraduate education is funding.,1,1,0,0,"lex=1(rare_avg=3.44: postgraduate(3.28), toughest(3.61))"
845,#845 WFD,We can have a lecture on the morning of Thursday.,1,0,0,0,"lex=0(rare_avg=4.73: lecture(4.14), morning(5.33))"
846,#846 WFD,A gradual increase occurred between October and December.,1,0,0,0,"lex=0(rare_avg=4.12: gradual(3.67), occurred(4.57))"
847,#847 WFD,Americans have typically defined the processes of plant growth in quantitative terms.,2,0,1,2,"lex=0(rare_avg=4.09: quantitative(3.73), processes(4.46)) | grammar=perfect(have typically defined) | dictation=long(12); dense(8)"
848,#848 WFD,The career service provides suggestions on how to pass the job interview.,2,0,0,2,"lex=0(rare_avg=4.52: suggestions(4.24), provides(4.80)) | dictation=long(12); dense(7)"
849,#849 WFD,Further research should be carried out to establish whether this trend is significant.,3,0,2,2,"lex=0(rare_avg=4.48: establish(4.46), trend(4.51)) | grammar=modal(should); passive(be carried) | dictation=long(13); dense(6)"
850,#850 WFD,This class will look at the structure of the essay.,1,0,0,0,"lex=0(rare_avg=4.54: essay(4.23), structure(4.84))"
851,#851 WFD,"While conceiving ideas is desirable, basic issues must first be addressed.",3,1,2,2,"lex=1(rare_avg=3.29: conceiving(2.74), desirable(3.85)) | grammar=modal(must); passive(be addressed) | dictation=long(11); dense(8)"
853,#853 WFD,The study shows the sense of recent technologies.,1,0,0,0,"lex=0(rare_avg=4.68: technologies(4.32), recent(5.04))"
855,#855 WFD,Our study program equips students with essential skills for university.,1,1,0,1,"lex=1(rare_avg=3.52: equips(2.42), essential(4.61)) | dictation=dense(7)"
856,#856 WFD,The archeologists were astonished by the unexpected previously overlooked foundations.,3,2,1,1,"lex=2(rare_avg=2.88: archeologists(2.49), astonished(3.27)) | grammar=passive(were astonished) | dictation=dense(6)"
858,#858 WFD,The year when the ship of artifacts was wrecked interested historians.,2,1,1,2,"lex=1(rare_avg=3.67: wrecked(3.62), artifacts(3.72)) | grammar=passive(was wrecked interested) | dictation=long(11); dense(6)"
859,#859 WFD,Studying history can help you better understand the present.,1,0,0,1,"lex=0(rare_avg=4.80: studying(4.42), present(5.18)) | dictation=dense(6)"
860,#860 WFD,Neuroscience is a compound of completely separate parts.,1,1,0,0,"lex=1(rare_avg=3.81: neuroscience(3.45), compound(4.18))"
861,#861 WFD,All the materials are your resources.,1,0,0,0,"lex=0(rare_avg=4.85: materials(4.78), resources(4.91))"
862,#862 WFD,The bank is hoping to tap into a fast-growing market.,1,0,0,1,"lex=0(rare_avg=4.47: tap(4.28), hoping(4.67)) | dictation=dense(6)"
863,#863 WFD,Scholarship applications must be handed in by the end of the month.,3,0,2,1,"lex=0(rare_avg=4.29: scholarship(4.15), handed(4.42)) | grammar=modal(must); passive(be handed) | dictation=long(12)"
864,#864 WFD,Many universities' lectures can now be reviewed on the Internet.,1,0,1,0,"lex=0(rare_avg=4.10: lectures(3.96), reviewed(4.23)) | grammar=passive(be reviewed)"
866,#866 WFD,Air pollution is a serious problem all over the world.,1,0,0,0,"lex=0(rare_avg=4.65: pollution(4.20), serious(5.10))"
867,#867 WFD,Globalization in the modern world leads to economic growth.,1,0,0,1,"lex=0(rare_avg=4.05: globalization(3.46), leads(4.65)) | dictation=dense(6)"
868,#868 WFD,Half of the television output is given away for educational programs.,2,0,1,2,"lex=0(rare_avg=4.51: output(4.43), educational(4.60)) | grammar=passive(is given) | dictation=long(11); dense(7)"
869,#869 WFD,We are rethinking the solutions for society.,1,1,0,0,"lex=1(rare_avg=3.81: rethinking(3.12), solutions(4.50))"
871,#871 WFD,Plagiarism in a test is very severe.,1,1,0,0,"lex=1(rare_avg=3.89: plagiarism(3.23), severe(4.56))"
872,#872 WFD,Digital gadgets are an excellent addition to any outdoor venture.,1,0,1,1,"lex=0(rare_avg=3.91: gadgets(3.59), outdoor(4.23)) | grammar=passive(are an excellent) | dictation=dense(6)"
873,#873 WFD,Technology and industry are the drivers of the global economy.,1,0,0,0,"lex=0(rare_avg=4.71: drivers(4.56), economy(4.87))"
874,#874 WFD,Marine environments have been destroyed through pollution and unsustainable development.,3,1,2,1,"lex=1(rare_avg=3.58: unsustainable(3.15), environments(4.02)) | grammar=passive(been destroyed); perfect(have been destroyed) | dictation=dense(6)"
875,#875 WFD,The last date for submitting the application is one week from today.,2,0,0,2,"lex=0(rare_avg=4.21: submitting(3.56), application(4.86)) | dictation=long(12); dense(7)"
876,#876 WFD,She doesn't even care about anything but what is honest and true.,1,0,0,2,"lex=0(rare_avg=5.07: honest(4.73), true(5.40)) | dictation=contraction; long(12)"
877,#877 WFD,We should never underestimate the power of creative design.,1,0,1,0,"lex=0(rare_avg=4.14: underestimate(3.69), creative(4.60)) | grammar=modal(should)"
878,#878 WFD,Trees benefit the city by soaking up the rainwater that runs off its roads.,2,1,0,2,"lex=1(rare_avg=3.21: rainwater(3.00), soaking(3.43)) | dictation=long(14); dense(7)"
879,#879 WFD,His academic supervisor called in to see him last night.,1,0,0,1,"lex=0(rare_avg=4.26: supervisor(3.95), academic(4.57)) | dictation=dense(6)"
880,#880 WFD,This course aims to develop your knowledge of statistics.,1,0,0,0,"lex=0(rare_avg=4.40: aims(4.21), statistics(4.60))"
881,#881 WFD,There was little available evidence to contradict his viewpoint.,1,1,0,0,"lex=1(rare_avg=3.50: contradict(3.35), viewpoint(3.64))"
882,#882 WFD,Employment figures will decrease in the next few years.,1,0,0,0,"lex=0(rare_avg=4.37: decrease(4.17), employment(4.56))"
883,#883 WFD,Conceptual understanding of art history is a key to passing this exam.,2,0,0,2,"lex=0(rare_avg=3.94: conceptual(3.62), exam(4.26)) | dictation=long(12); dense(7)"
884,#884 WFD,Carbon dioxide is the main source of greenhouse gases that cause climate change due to human behaviors.,2,1,0,2,"lex=1(rare_avg=3.75: gases(3.73), greenhouse(3.78)) | dictation=long(17); dense(12)"
885,#885 WFD,New media have transcended traditional national boundaries.,2,1,1,1,"lex=1(rare_avg=3.50: transcended(2.74), boundaries(4.25)) | grammar=perfect(have transcended) | dictation=dense(6)"
886,#886 WFD,The new construction project includes gigantic gas terminals and pipelines.,1,1,0,1,"lex=1(rare_avg=3.52: pipelines(3.43), terminals(3.61)) | dictation=dense(8)"
887,#887 WFD,Three of the students were confused by the key hypothesis.,1,0,1,0,"lex=0(rare_avg=4.17: hypothesis(3.87), confused(4.47)) | grammar=passive(were confused)"
888,#888 WFD,This advanced course requires a basic knowledge of economic theory.,1,0,0,1,"lex=0(rare_avg=4.69: requires(4.67), advanced(4.71)) | dictation=dense(7)"
889,#889 WFD,"While some people regard it as reforming zeal, others regard it as recklessness.",2,1,0,2,"lex=1(rare_avg=3.02: recklessness(2.78), reforming(3.26)) | dictation=long(13); dense(8)"
890,#890 WFD,I think about half of South America uses voting technology.,1,0,0,0,"lex=0(rare_avg=4.75: voting(4.62), uses(4.88))"
891,#891 WFD,I went to the University of Bristol where I studied chemistry.,2,0,1,1,"lex=0(rare_avg=4.42: chemistry(4.35), studied(4.49)) | grammar=relative(where) | dictation=long(11)"
892,#892 WFD,You will each be given the chance to state your case.,2,0,1,1,"lex=0(rare_avg=5.33: chance(5.26), given(5.41)) | grammar=passive(be given) | dictation=long(11)"
893,#893 WFD,Eating fish twice a week is recommended for a healthy diet.,2,0,1,2,"lex=0(rare_avg=4.54: recommended(4.50), diet(4.57)) | grammar=passive(is recommended) | dictation=long(11); dense(7)"
894,#894 WFD,There are many different styles of business management.,1,0,1,0,"lex=0(rare_avg=4.75: styles(4.38), management(5.13)) | grammar=passive(are many different)"
895,#895 WFD,The course covers architecture planning and construction on an international scale.,2,0,0,2,"lex=0(rare_avg=4.46: architecture(4.42), covers(4.51)) | dictation=long(11); dense(7)"
896,#896 WFD,One of the promises is to decrease the contest.,1,0,0,0,"lex=0(rare_avg=4.21: decrease(4.17), promises(4.25))"
897,#897 WFD,You are advised to revise the project.,1,1,1,0,"lex=1(rare_avg=3.83: revise(3.48), advised(4.18)) | grammar=passive(are advised)"
898,#898 WFD,There is no criterion passed for qualified journalists.,1,1,1,0,"lex=1(rare_avg=3.88: criterion(3.46), journalists(4.29)) | grammar=passive(is no criterion passed)"
899,#899 WFD,Children start producing words before they are able to walk.,1,0,0,1,"lex=0(rare_avg=4.77: producing(4.45), walk(5.08)) | dictation=dense(6)"
900,#900 WFD,The rising of the sea level indicates climate change.,1,0,0,1,"lex=0(rare_avg=4.38: indicates(4.24), rising(4.52)) | dictation=dense(6)"
901,#901 WFD,This is what we would call a state of equilibrium.,1,0,1,0,"lex=0(rare_avg=4.55: equilibrium(3.60), call(5.51)) | grammar=modal(would)"
902,#902 WFD,The timetable for the next term will be available next week.,2,0,0,2,"lex=0(rare_avg=4.33: timetable(3.44), term(5.23)) | dictation=long(11); dense(6)"
903,#903 WFD,At university students can make friends for life.,1,0,0,0,"lex=0(rare_avg=5.32: students(5.25), university(5.39))"
904,#904 WFD,Academic libraries across the world are steadily incorporating social media.,1,1,0,1,"lex=1(rare_avg=3.76: incorporating(3.69), steadily(3.84)) | dictation=dense(8)"
905,#905 WFD,We are dealing with the most important challenges that we face today.,1,0,0,1,"lex=0(rare_avg=4.54: challenges(4.49), dealing(4.60)) | dictation=long(12)"
906,#906 WFD,Patients diagnosed with heart failure will often report being depressed.,1,0,1,1,"lex=0(rare_avg=4.09: diagnosed(4.05), depressed(4.14)) | grammar=passive(being depressed) | dictation=dense(7)"
907,#907 WFD,The garden behind the university is a long and interesting one.,2,0,0,2,"lex=0(rare_avg=4.88: garden(4.77), interesting(5.00)) | dictation=long(11); dense(6)"
908,#908 WFD,The group performance will be in the concert hall.,1,0,0,0,"lex=0(rare_avg=4.71: concert(4.55), hall(4.87))"
909,#909 WFD,The rationale of my research is to present the value of the urban ecosystem.,2,1,1,2,"lex=1(rare_avg=3.65: rationale(3.53), ecosystem(3.78)) | grammar=passive(is to present) | dictation=long(14); dense(6)"
910,#910 WFD,The goal of the government policy is to increase foreign investment.,2,0,0,2,"lex=0(rare_avg=4.95: investment(4.84), goal(5.06)) | dictation=long(11); dense(6)"
911,#911 WFD,A thorough bibliography is needed at the end of every assignment.,2,1,1,1,"lex=1(rare_avg=3.90: bibliography(3.82), thorough(3.97)) | grammar=passive(is needed) | dictation=long(11)"
912,#912 WFD,Our course topics range widely from social science to engineering.,1,0,0,1,"lex=0(rare_avg=4.40: topics(4.27), widely(4.54)) | dictation=dense(7)"
913,#913 WFD,Designers need to keep up with social trends.,1,0,0,0,"lex=0(rare_avg=4.19: designers(4.05), trends(4.32))"
915,#915 WFD,Professor Smith will be late for today's lecture.,1,0,0,1,"lex=0(rare_avg=4.33: lecture(4.14), today's(4.53)) | dictation=contraction"
916,#916 WFD,Most university clubs and societies meet in the Student Union Building.,1,0,0,1,"lex=0(rare_avg=4.29: societies(4.08), clubs(4.51)) | dictation=long(11)"
917,#917 WFD,My brother graduated with a first-class degree in history.,1,0,0,1,"lex=0(rare_avg=4.54: graduated(4.14), degree(4.94)) | dictation=dense(6)"
918,#918 WFD,There will be no sports matches during the exam period.,1,0,0,0,"lex=0(rare_avg=4.42: exam(4.26), matches(4.59))"
919,#919 WFD,The library holds a substantial collection of materials on economic history.,2,0,0,2,"lex=0(rare_avg=4.46: substantial(4.33), holds(4.60)) | dictation=long(11); dense(7)"
920,#920 WFD,All first-year students should attend the introductory lecture today.,2,1,1,1,"lex=1(rare_avg=3.82: introductory(3.51), lecture(4.14)) | grammar=modal(should) | dictation=dense(7)"
921,#921 WFD,You can access the lecture notes and an extensive bibliography online.,2,0,0,2,"lex=0(rare_avg=3.98: bibliography(3.82), lecture(4.14)) | dictation=long(11); dense(6)"
922,#922 WFD,Students intending to attend the conference must register first.,1,0,1,1,"lex=0(rare_avg=4.02: intending(3.49), attend(4.55)) | grammar=modal(must) | dictation=dense(6)"
923,#923 WFD,Tutors will arrange to meet all new students next week.,1,1,0,1,"lex=1(rare_avg=3.58: tutors(3.15), arrange(4.00)) | dictation=dense(7)"
924,#924 WFD,Remember to take all your belongings when you leave the lab.,1,0,0,1,"lex=0(rare_avg=3.99: belongings(3.56), lab(4.42)) | dictation=long(11)"
925,#925 WFD,The majority of our decisions are not rational.,1,0,0,0,"lex=0(rare_avg=4.39: rational(4.06), decisions(4.72))"
926,#926 WFD,Research shows that spending time outdoors has a range of benefits.,2,0,0,2,"lex=0(rare_avg=4.21: outdoors(3.71), spending(4.71)) | dictation=long(11); dense(7)"
927,#927 WFD,"Some people are motivated by competition, while others prefer to collaborate.",2,1,1,2,"lex=1(rare_avg=3.82: collaborate(3.51), motivated(4.14)) | grammar=passive(are motivated) | dictation=long(11); dense(7)"
928,#928 WFD,Weather patterns have changed significantly over the past two hundred years.,2,0,1,2,"lex=0(rare_avg=4.47: patterns(4.41), significantly(4.54)) | grammar=perfect(have changed) | dictation=long(11); dense(8)"
929,#929 WFD,It is clear that a national trading system is a good thing.,2,0,0,2,"lex=0(rare_avg=4.94: trading(4.63), clear(5.25)) | dictation=long(12); dense(6)"
930,#930 WFD,New developments in manufacturing are constantly changing the way we live.,2,0,0,2,"lex=0(rare_avg=4.38: developments(4.22), constantly(4.53)) | dictation=long(11); dense(7)"
931,#931 WFD,"Even if you have used cosmetics for years without problems, one or more ingredients can still trigger an allergic reaction.",2,1,0,3,"lex=1(rare_avg=3.72: cosmetics(3.67), allergic(3.78)) | dictation=list_enum; long(20); dense(10)"
932,#932 WFD,Take the first step by applying for the university scholarship now.,2,0,0,2,"lex=0(rare_avg=4.20: scholarship(4.15), applying(4.24)) | dictation=long(11); dense(6)"
933,#933 WFD,The course involves a combination of pure and applied mathematics.,1,0,0,1,"lex=0(rare_avg=4.25: mathematics(4.15), involves(4.34)) | dictation=dense(6)"
934,#934 WFD,Studying medicine allows for a wide range of career opportunities.,1,0,0,1,"lex=0(rare_avg=4.52: studying(4.42), opportunities(4.61)) | dictation=dense(7)"
935,#935 WFD,One function of body fat is to keep all internal organs warm.,2,0,0,2,"lex=0(rare_avg=4.33: organs(4.00), internal(4.66)) | dictation=long(12); dense(8)"
936,#936 WFD,Contemporary critics dismissed his idea as eccentric.,1,1,0,0,"lex=1(rare_avg=3.89: eccentric(3.58), dismissed(4.20))"
937,#937 WFD,Renovation work is currently being undertaken throughout the whole building.,2,1,1,1,"lex=1(rare_avg=3.79: renovation(3.74), undertaken(3.85)) | grammar=passive(is currently being undertaken) | dictation=dense(7)"
938,#938 WFD,Your application for a research grant has been received.,3,0,2,0,"lex=0(rare_avg=4.77: grant(4.67), application(4.86)) | grammar=passive(been received); perfect(has been received)"
939,#939 WFD,More muscles are used in swimming than in other sports.,1,0,0,0,"lex=0(rare_avg=4.29: muscles(4.14), swimming(4.43))"
940,#940 WFD,The curriculum is described in the course syllabus.,1,1,1,0,"lex=1(rare_avg=3.73: syllabus(3.34), curriculum(4.12)) | grammar=passive(is described)"
941,#941 WFD,They developed a unique approach to training their employees.,1,0,0,0,"lex=0(rare_avg=4.78: unique(4.75), employees(4.81))"
942,#942 WFD,The main problem is the increase in plagiarism exacerbated by the Internet.,2,1,0,1,"lex=1(rare_avg=3.23: exacerbated(3.22), plagiarism(3.23)) | dictation=long(12)"
943,#943 WFD,Farming methods across the world have greatly developed recently.,1,0,1,1,"lex=0(rare_avg=4.27: farming(4.21), greatly(4.33)) | grammar=perfect(have greatly developed) | dictation=dense(7)"
944,#944 WFD,There may be an announcement about this new course tomorrow.,3,0,2,0,"lex=0(rare_avg=4.66: announcement(4.31), tomorrow(5.02)) | grammar=modal(may); passive(be an announcement)"
945,#945 WFD,Psychologists say that what we expect to happen influences our behaviors.,2,1,0,2,"lex=1(rare_avg=3.73: psychologists(3.56), behaviors(3.89)) | dictation=long(11); dense(6)"
946,#946 WFD,The seminar provides an opportunity to exchange ideas with other students.,2,0,0,2,"lex=0(rare_avg=4.29: seminar(3.77), provides(4.80)) | dictation=long(11); dense(6)"
947,#947 WFD,There have been too many struggles in the mathematics department.,1,0,1,0,"lex=0(rare_avg=4.12: struggles(4.08), mathematics(4.15)) | grammar=perfect(have been)"
948,#948 WFD,Farms need to adapt to the changes in climate.,1,0,0,0,"lex=0(rare_avg=4.06: adapt(3.98), farms(4.14))"
949,#949 WFD,Babies can distinguish between what is language and what is not.,1,0,0,1,"lex=0(rare_avg=4.16: distinguish(3.87), babies(4.45)) | dictation=long(11)"
950,#950 WFD,"In consultation with your supervisor, your thesis is approved by the faculty committee.",2,0,1,2,"lex=0(rare_avg=3.98: supervisor(3.95), consultation(4.02)) | grammar=passive(is approved) | dictation=long(13); dense(6)"
951,#951 WFD,Honey can be used as food and a health product.,1,0,0,0,"lex=0(rare_avg=4.66: honey(4.37), product(4.95))"
952,#952 WFD,Nature is defined as specific chemical compounds.,1,0,1,0,"lex=0(rare_avg=4.28: compounds(3.99), defined(4.56)) | grammar=passive(is defined)"
953,#953 WFD,The two sides have disagreed on how to solve the problem.,2,0,1,1,"lex=0(rare_avg=3.96: disagreed(3.49), solve(4.42)) | grammar=perfect(have disagreed) | dictation=long(11)"
955,#955 WFD,International students come from all around the world.,1,0,0,0,"lex=0(rare_avg=5.30: students(5.25), international(5.36))"
956,#956 WFD,I looked into my closet for something to wear but couldn't find anything that was appropriate.,2,0,0,3,"lex=0(rare_avg=4.40: closet(4.13), appropriate(4.67)) | dictation=contraction; long(16); dense(8)"
957,#957 WFD,Much of the research is carried out in the laboratory.,1,0,1,0,"lex=0(rare_avg=4.54: laboratory(4.31), carried(4.77)) | grammar=passive(is carried)"
958,#958 WFD,The history lecture has been moved to the lecture theater.,3,0,2,0,"lex=0(rare_avg=4.14: lecture(4.14), lecture(4.14)) | grammar=passive(been moved); perfect(has been moved)"
959,#959 WFD,Key business partners are often involved in shared expense accounts.,1,0,1,1,"lex=0(rare_avg=4.39: expense(4.23), partners(4.56)) | grammar=passive(are often involved) | dictation=dense(8)"
960,#960 WFD,The library will stay open until midnight this week.,1,0,0,1,"lex=0(rare_avg=4.58: midnight(4.31), library(4.86)) | dictation=dense(6)"
961,#961 WFD,"In the top left corner is the grinding shop, where the tools were sharpened and polished.",3,1,2,2,"lex=1(rare_avg=3.42: sharpened(3.07), polished(3.76)) | grammar=passive(were sharpened and polished); relative(where) | dictation=long(16); dense(8)"
962,#962 WFD,"If you have any questions about the exam, please raise your hand.",1,0,0,1,"lex=0(rare_avg=4.50: exam(4.26), raise(4.75)) | dictation=long(12)"
963,#963 WFD,Speak to your tutor if you need further assistance.,1,0,0,0,"lex=0(rare_avg=4.13: tutor(3.67), assistance(4.59))"
964,#964 WFD,You should provide examples to support your ideas and arguments.,1,0,1,0,"lex=0(rare_avg=4.48: arguments(4.33), examples(4.63)) | grammar=modal(should)"
965,#965 WFD,You must answer security questions when you reset your password.,1,0,1,0,"lex=0(rare_avg=3.94: reset(3.83), password(4.06)) | grammar=modal(must)"
966,#966 WFD,I am glad that Professor Gordon just joined our faculty.,1,0,0,0,"lex=0(rare_avg=4.53: faculty(4.32), joined(4.73))"
967,#967 WFD,Assignments handed in after the due day will not be accepted.,2,0,1,1,"lex=0(rare_avg=4.15: assignments(3.88), handed(4.42)) | grammar=passive(be accepted) | dictation=long(11)"
968,#968 WFD,Please write down the name of the author and the year of publication.,2,0,0,2,"lex=0(rare_avg=4.70: publication(4.45), author(4.95)) | dictation=long(13); dense(6)"
969,#969 WFD,The meeting for first-year economics students is on Tuesday.,1,0,0,0,"lex=0(rare_avg=4.79: economics(4.42), meeting(5.15))"
970,#970 WFD,Many language learners should maintain a list of vocabulary.,2,1,1,1,"lex=1(rare_avg=3.65: learners(3.48), vocabulary(3.82)) | grammar=modal(should) | dictation=dense(6)"
971,#971 WFD,Dealing with the growing population is a challenge for many governments.,2,0,0,2,"lex=0(rare_avg=4.53: governments(4.45), dealing(4.60)) | dictation=long(11); dense(6)"
972,#972 WFD,"When you answer each question, you can click the next button.",1,0,0,1,"lex=0(rare_avg=4.69: button(4.56), click(4.82)) | dictation=long(11)"
973,#973 WFD,You must set a security question when resetting your password.,1,1,1,0,"lex=1(rare_avg=3.43: resetting(2.81), password(4.06)) | grammar=modal(must)"
974,#974 WFD,Archeologists discovered tools and other artifacts near the ancient tomb.,1,1,0,1,"lex=1(rare_avg=3.11: archeologists(2.49), artifacts(3.72)) | dictation=dense(7)"
975,#975 WFD,It is successfully acknowledged that there is a student graduation ceremony.,2,0,1,1,"lex=0(rare_avg=4.08: graduation(4.07), acknowledged(4.08)) | grammar=passive(is successfully acknowledged) | dictation=long(11)"
976,#976 WFD,Fruits containing too much sugar and calories have little or no nutritional value.,2,1,0,2,"lex=1(rare_avg=3.83: nutritional(3.64), calories(4.03)) | dictation=long(13); dense(8)"
977,#977 WFD,The printers automatically print two sides of each page.,1,0,0,1,"lex=0(rare_avg=4.07: printers(3.62), automatically(4.52)) | dictation=dense(6)"
978,#978 WFD,The bus to London will leave ten minutes later than planned.,2,0,0,2,"lex=0(rare_avg=4.76: planned(4.69), bus(4.83)) | dictation=long(11); dense(6)"
979,#979 WFD,The majority of academic publications are in English.,1,0,0,0,"lex=0(rare_avg=4.42: publications(4.27), academic(4.57))"
980,#980 WFD,Your ideas have been discussed and debated in seminars and tutorials.,3,1,2,1,"lex=1(rare_avg=3.48: tutorials(3.46), seminars(3.50)) | grammar=passive(been discussed and debated); perfect(have been discussed) | dictation=long(11)"
981,#981 WFD,All medical students must clean their hands before entering the room.,2,0,1,2,"lex=0(rare_avg=4.70: entering(4.42), clean(4.97)) | grammar=modal(must) | dictation=long(11); dense(6)"
982,#982 WFD,We are no longer responding to any material requests.,1,0,0,0,"lex=0(rare_avg=4.18: responding(4.07), requests(4.28))"
983,#983 WFD,The reception staff can give information on lending and printing.,1,0,0,1,"lex=0(rare_avg=4.05: lending(3.87), reception(4.23)) | dictation=dense(6)"
984,#984 WFD,The coffee machine located on the third floor is not working today.,2,0,0,2,"lex=0(rare_avg=4.86: coffee(4.86), located(4.86)) | dictation=long(12); dense(7)"
985,#985 WFD,Make sure you have saved all the files before turning off the computer.,2,0,1,2,"lex=0(rare_avg=4.56: files(4.46), saved(4.67)) | grammar=perfect(have saved) | dictation=long(13); dense(6)"
986,#986 WFD,The library will be closed for staff training tomorrow morning.,1,0,1,1,"lex=0(rare_avg=4.88: library(4.86), closed(4.90)) | grammar=passive(be closed) | dictation=dense(6)"
987,#987 WFD,The job for tomorrow will require higher level skills.,1,0,0,1,"lex=0(rare_avg=4.78: skills(4.77), require(4.78)) | dictation=dense(6)"
988,#988 WFD,Books in the reserved collection contribute significantly to students' achievements.,1,0,0,1,"lex=0(rare_avg=4.12: achievements(4.06), reserved(4.18)) | dictation=dense(7)"
989,#989 WFD,Children conquer their first language without any effort.,1,0,0,1,"lex=0(rare_avg=4.34: conquer(3.77), effort(4.92)) | dictation=dense(6)"
990,#990 WFD,Field trips are an essential part of most geography courses.,1,0,0,1,"lex=0(rare_avg=4.11: geography(3.98), trips(4.23)) | dictation=dense(6)"
991,#991 WFD,Sociology policies are the source for the government to solve social problems.,2,0,0,2,"lex=0(rare_avg=4.10: sociology(3.78), solve(4.42)) | dictation=long(12); dense(7)"
992,#992 WFD,Mathematics can be applied in various disciplines.,1,0,1,0,"lex=0(rare_avg=3.92: disciplines(3.69), mathematics(4.15)) | grammar=passive(be applied)"
993,#993 WFD,Sound waves are unable to travel through a vacuum.,1,0,0,0,"lex=0(rare_avg=4.23: vacuum(4.09), waves(4.37))"
994,#994 WFD,You can pay by cash or using a credit card.,1,0,0,0,"lex=0(rare_avg=4.96: cash(4.92), credit(5.00))"
995,#995 WFD,Firm conclusions can be established through rigorous experiments.,1,1,1,0,"lex=1(rare_avg=3.84: rigorous(3.68), conclusions(4.00)) | grammar=passive(be established)"
996,#996 WFD,Salt is produced from the seawater or extracted from the ground.,2,1,1,1,"lex=1(rare_avg=3.40: seawater(3.12), extracted(3.68)) | grammar=passive(is produced) | dictation=long(11)"
997,#997 WFD,Animal and plant cells have a number of structures in common.,2,0,0,2,"lex=0(rare_avg=4.62: structures(4.48), cells(4.75)) | dictation=long(11); dense(6)"
998,#998 WFD,We will hold a celebration for the graduate students.,1,0,0,0,"lex=0(rare_avg=4.39: celebration(4.29), graduate(4.50))"
999,#999 WFD,Photography can be really useful in geographical research.,1,0,0,0,"lex=0(rare_avg=4.15: geographical(3.85), photography(4.45))"
1000,#1000 WFD,The north campus car park could be closed on Sunday.,3,0,2,0,"lex=0(rare_avg=4.71: campus(4.51), closed(4.90)) | grammar=modal(could); passive(be closed)"
1001,#1001 WFD,"Most of the lectures begin promptly, so do not be late.",1,0,0,1,"lex=0(rare_avg=3.90: promptly(3.84), lectures(3.96)) | dictation=long(11)"
1002,#1002 WFD,Scientists recognize different ice types according to the water molecule content.,2,0,0,2,"lex=0(rare_avg=4.08: molecule(3.67), scientists(4.50)) | dictation=long(11); dense(9)"
1003,#1003 WFD,All the new students will be gathering at the canteen before the class starts.,2,1,0,2,"lex=1(rare_avg=3.71: canteen(3.17), gathering(4.25)) | dictation=long(14); dense(6)"
1004,#1004 WFD,Momentum is defined as the combination of mass and velocity.,1,0,1,0,"lex=0(rare_avg=4.00: velocity(3.92), momentum(4.07)) | grammar=passive(is defined)"
1005,#1005 WFD,The collapse of the housing market has triggered recessions throughout the world.,2,1,1,2,"lex=1(rare_avg=3.35: recessions(2.70), triggered(3.99)) | grammar=perfect(has triggered) | dictation=long(12); dense(7)"
1006,#1006 WFD,Even simple techniques need to be practiced to become perfect.,1,0,1,1,"lex=0(rare_avg=4.17: practiced(3.82), techniques(4.51)) | grammar=passive(be practiced) | dictation=dense(6)"
1007,#1007 WFD,Slides and handouts can be downloaded after the lecture.,1,1,1,0,"lex=1(rare_avg=3.45: handouts(3.12), slides(3.78)) | grammar=passive(be downloaded)"
1008,#1008 WFD,Students should leave their bags on the tables by the door.,2,0,1,1,"lex=0(rare_avg=4.36: tables(4.29), bags(4.43)) | grammar=modal(should) | dictation=long(11)"
1009,#1009 WFD,Females are better than males in academic results until 44 years of age.,2,0,0,3,"lex=0(rare_avg=4.29: males(4.21), females(4.38)) | dictation=number; long(13); dense(8)"
1010,#1010 WFD,Late applications are not accepted under any circumstances.,1,0,1,0,"lex=0(rare_avg=4.62: circumstances(4.59), applications(4.64)) | grammar=passive(are not accepted)"
1011,#1011 WFD,You will learn how to rationally assess your own arguments.,1,1,0,0,"lex=1(rare_avg=3.58: rationally(3.08), assess(4.07))"
1012,#1012 WFD,The article illustrates a very large number of very interesting experiments.,2,0,0,2,"lex=0(rare_avg=3.92: illustrates(3.63), experiments(4.20)) | dictation=long(11); dense(6)"
1013,#1013 WFD,Social media is criticized for causing internet addiction.,1,0,1,1,"lex=0(rare_avg=4.07: criticized(4.00), addiction(4.14)) | grammar=passive(is criticized) | dictation=dense(6)"
1014,#1014 WFD,The area has a number of underwater habitats and species.,1,1,0,0,"lex=1(rare_avg=3.71: habitats(3.49), underwater(3.92))"
1015,#1015 WFD,To take this course students should have basic subject knowledge.,3,0,2,1,"lex=0(rare_avg=4.92: basic(4.89), subject(4.96)) | grammar=modal(should); modal_perfect(should have basic subject) | dictation=dense(6)"
1016,#1016 WFD,The university has invested in the new technology designed for learning.,2,0,1,2,"lex=0(rare_avg=4.55: invested(4.19), learning(4.92)) | grammar=perfect(has invested) | dictation=long(11); dense(6)"
1017,#1017 WFD,There is not much interconnection between philosophy and psychology,1,1,0,0,"lex=1(rare_avg=3.57: interconnection(2.83), psychology(4.31))"
1018,#1018 WFD,The department is doing research on biology.,1,0,0,0,"lex=0(rare_avg=4.72: biology(4.22), department(5.23))"
1019,#1019 WFD,Physical health can be improved by regular training.,1,0,1,0,"lex=0(rare_avg=4.78: improved(4.61), physical(4.94)) | grammar=passive(be improved)"
1020,#1020 WFD,Some students prefer to learn by images and pictures.,1,0,0,0,"lex=0(rare_avg=4.66: prefer(4.57), images(4.75))"
1021,#1021 WFD,The English degree is especially valuable in the third year.,1,0,0,0,"lex=0(rare_avg=4.72: valuable(4.51), degree(4.94))"
1022,#1022 WFD,Mathematics provides a foundation for understanding and analyzing data.,1,0,0,1,"lex=0(rare_avg=3.93: analyzing(3.71), mathematics(4.15)) | dictation=dense(6)"
1023,#1023 WFD,A visit to the designed museum is of great value.,1,0,0,0,"lex=0(rare_avg=4.83: museum(4.71), designed(4.96))"
1024,#1024 WFD,This project is divided into four main sections.,1,0,1,0,"lex=0(rare_avg=4.42: sections(4.36), divided(4.47)) | grammar=passive(is divided)"
1025,#1025 WFD,Relying on natural ability will not get you far in science.,2,0,0,2,"lex=0(rare_avg=4.38: relying(3.81), ability(4.96)) | dictation=long(11); dense(6)"
1026,#1026 WFD,Football is played throughout all years at the university.,1,0,1,0,"lex=0(rare_avg=5.05: throughout(4.99), football(5.11)) | grammar=passive(is played)"
1027,#1027 WFD,Globalization often puts more pressure on national economic policies.,1,0,0,1,"lex=0(rare_avg=4.00: globalization(3.46), puts(4.53)) | dictation=dense(7)"
1028,#1028 WFD,The history course is assessed via three written assignments.,2,1,1,1,"lex=1(rare_avg=3.89: assignments(3.88), assessed(3.90)) | grammar=passive(is assessed) | dictation=dense(7)"
1029,#1029 WFD,The government is funding new research on the consequences of unemployment.,2,0,0,2,"lex=0(rare_avg=4.34: unemployment(4.22), consequences(4.47)) | dictation=long(11); dense(6)"
1030,#1030 WFD,The orchestra will be led by a visiting conductor.,1,0,1,0,"lex=0(rare_avg=3.90: conductor(3.80), orchestra(4.01)) | grammar=passive(be led)"
1031,#1031 WFD,The department works closely with its partners in the business community.,2,0,0,2,"lex=0(rare_avg=4.54: closely(4.53), partners(4.56)) | dictation=long(11); dense(6)"
1032,#1032 WFD,The digital camera has some advantages over traditional film.,1,0,0,0,"lex=0(rare_avg=4.46: advantages(4.10), digital(4.83))"
1033,#1033 WFD,Critical thinking is one part of a broad education.,1,0,0,1,"lex=0(rare_avg=4.68: broad(4.53), critical(4.83)) | dictation=dense(6)"
1034,#1034 WFD,The farmers need to adapt to the changes in the climate.,1,0,0,1,"lex=0(rare_avg=4.21: adapt(3.98), farmers(4.43)) | dictation=long(11)"
1035,#1035 WFD,Students must attend the safety course before entering the engineering workshop.,2,0,1,2,"lex=0(rare_avg=4.29: workshop(4.15), entering(4.42)) | grammar=modal(must) | dictation=long(11); dense(7)"
1036,#1036 WFD,The department is doing some crucial work on climate change.,1,0,0,1,"lex=0(rare_avg=4.50: crucial(4.28), climate(4.71)) | dictation=dense(6)"
1037,#1037 WFD,The English degree involves certain work placements in the third year.,2,1,0,2,"lex=1(rare_avg=3.80: placements(3.27), involves(4.34)) | dictation=long(11); dense(7)"
1038,#1038 WFD,You will need to read chapter one before the management class.,2,0,0,2,"lex=0(rare_avg=4.89: chapter(4.65), management(5.13)) | dictation=long(11); dense(6)"
1039,#1039 WFD,Auditions for the university choir will be held next week.,2,1,1,1,"lex=1(rare_avg=3.64: auditions(3.40), choir(3.88)) | grammar=passive(be held) | dictation=dense(6)"
1040,#1040 WFD,Extracurricular activities can help students to develop more talents.,1,1,0,1,"lex=1(rare_avg=3.48: extracurricular(2.99), talents(3.97)) | dictation=dense(6)"
1041,#1041 WFD,A good abstract highlights the key points of your paper.,1,0,0,1,"lex=0(rare_avg=4.21: abstract(4.14), highlights(4.28)) | dictation=dense(6)"
1042,#1042 WFD,Please return the reference book to the correct position on the shelf.,2,0,0,2,"lex=0(rare_avg=4.38: shelf(4.02), reference(4.74)) | dictation=long(12); dense(7)"
1044,#1044 WFD,I am convinced that mathematical thinking is crucial for statistics study.,2,0,0,2,"lex=0(rare_avg=4.16: mathematical(4.04), crucial(4.28)) | dictation=long(11); dense(7)"
1045,#1045 WFD,You will be tested via continuous assessment and examinations.,1,0,1,0,"lex=0(rare_avg=3.91: examinations(3.61), continuous(4.21)) | grammar=passive(be tested)"
1046,#1046 WFD,It is hard to anticipate all their actions.,1,0,0,0,"lex=0(rare_avg=4.28: anticipate(3.73), actions(4.82))"
1047,#1047 WFD,The study of ecology integrates both traditional sciences and life sciences.,2,1,0,2,"lex=1(rare_avg=3.39: integrates(3.04), ecology(3.74)) | dictation=long(11); dense(7)"
1048,#1048 WFD,The article extrapolates a number of very interesting experiments.,1,2,0,0,"lex=2(rare_avg=2.96: extrapolates(1.73), experiments(4.20))"
1049,#1049 WFD,They were struggling last year to make their service pay.,1,0,0,1,"lex=0(rare_avg=4.87: struggling(4.33), pay(5.40)) | dictation=dense(6)"
1051,#1051 WFD,Open days for undergraduates occur all year round for campus visits.,2,1,0,2,"lex=1(rare_avg=3.72: undergraduates(3.14), visits(4.30)) | dictation=long(11); dense(8)"
1052,#1052 WFD,The commissioner will apportion the funds among all the sovereignties.,1,2,0,0,"lex=2(rare_avg=1.79: sovereignties(1.38), apportion(2.20))"
1053,#1053 WFD,The university is seeking funding for a project focused on climate change mitigation.,2,0,0,2,"lex=0(rare_avg=4.02: mitigation(3.46), seeking(4.58)) | dictation=long(13); dense(8)"
1054,#1054 WFD,Many businesses near the campus offer students discounts.,1,0,0,1,"lex=0(rare_avg=4.15: discounts(3.79), campus(4.51)) | dictation=dense(7)"
1055,#1055 WFD,The history department is very active in research.,1,0,0,0,"lex=0(rare_avg=5.08: active(4.93), department(5.23))"
1056,#1056 WFD,Art and design is a competitive field to work in.,1,0,0,0,"lex=0(rare_avg=4.87: competitive(4.57), design(5.17))"
1057,#1057 WFD,All of your assignments should be submitted by next Tuesday.,3,0,2,0,"lex=0(rare_avg=4.10: assignments(3.88), submitted(4.32)) | grammar=modal(should); passive(be submitted)"
1058,#1058 WFD,The skills of great stage actors cannot be taught.,1,0,1,1,"lex=0(rare_avg=4.54: actors(4.40), taught(4.68)) | grammar=passive(be taught) | dictation=dense(6)"
1059,#1059 WFD,Philosophy uses logic and reason to analyze human experience.,1,0,0,1,"lex=0(rare_avg=4.10: analyze(3.84), logic(4.36)) | dictation=dense(7)"
1060,#1060 WFD,Linguistics is the scientific study and analysis of language.,1,0,0,0,"lex=0(rare_avg=4.05: linguistics(3.43), scientific(4.67))"
1061,#1061 WFD,It is argued that students can learn more by collaboration than as individuals.,2,0,1,1,"lex=0(rare_avg=4.32: collaboration(4.28), argued(4.36)) | grammar=passive(is argued) | dictation=long(13)"
1062,#1062 WFD,Imported default packages are likely to be used for most computers.,2,0,0,2,"lex=0(rare_avg=3.98: imported(3.95), packages(4.01)) | dictation=long(11); dense(6)"
1063,#1063 WFD,Professors with higher educational standards trained them extremely seriously.,1,0,0,1,"lex=0(rare_avg=4.25: professors(3.92), trained(4.58)) | dictation=dense(7)"
1065,#1065 WFD,An effective business manager is always open to new ideas.,1,0,0,1,"lex=0(rare_avg=4.87: ideas(4.84), effective(4.89)) | dictation=dense(6)"
1066,#1066 WFD,The university provides legislation for students and staff.,1,0,0,0,"lex=0(rare_avg=4.67: legislation(4.55), provides(4.80))"
1067,#1067 WFD,Excellent knowledge is needed for mathematics.,1,0,1,0,"lex=0(rare_avg=4.44: mathematics(4.15), excellent(4.73)) | grammar=passive(is needed)"
1068,#1068 WFD,There is no fixed career path for a qualified journalist.,1,0,1,0,"lex=0(rare_avg=4.42: journalist(4.38), qualified(4.46)) | grammar=passive(is no fixed)"
1069,#1069 WFD,Many diseases that were once serious have now been eradicated.,3,1,2,0,"lex=1(rare_avg=3.70: eradicated(3.03), diseases(4.36)) | grammar=passive(been eradicated); perfect(have now been eradicated)"
1070,#1070 WFD,Providers of higher education treat plagiarism extremely seriously.,1,1,0,1,"lex=1(rare_avg=3.68: plagiarism(3.23), providers(4.13)) | dictation=dense(7)"
1071,#1071 WFD,Calculators allow us to add numbers without making mistakes.,1,1,0,1,"lex=1(rare_avg=3.71: calculators(2.98), mistakes(4.45)) | dictation=dense(7)"
1072,#1072 WFD,Measures must be taken to prevent the unemployment rate from increasing.,3,0,2,2,"lex=0(rare_avg=4.45: unemployment(4.22), measures(4.67)) | grammar=modal(must); passive(be taken to prevent) | dictation=long(11); dense(6)"
1073,#1073 WFD,It takes a long time to walk to the university.,1,0,0,0,"lex=0(rare_avg=5.13: walk(5.08), takes(5.18))"
1075,#1075 WFD,We have to reduce the use of our plastic materials.,1,0,0,0,"lex=0(rare_avg=4.62: plastic(4.51), reduce(4.73))"
1076,#1076 WFD,The resources cited are not enough for this assessment.,1,0,0,0,"lex=0(rare_avg=4.38: cited(4.29), assessment(4.46))"
1077,#1077 WFD,The rest of the material was deposited partway down the catchment.,3,2,1,1,"lex=2(rare_avg=2.71: partway(2.40), catchment(3.02)) | grammar=passive(was deposited) | dictation=long(11)"
1078,#1078 WFD,Exam results will be published on the noticeboard.,1,1,1,0,"lex=1(rare_avg=3.02: noticeboard(1.78), exam(4.26)) | grammar=passive(be published)"
1079,#1079 WFD,The universities provide excellent leisure facilities for students and staff.,1,0,0,1,"lex=0(rare_avg=4.14: leisure(3.92), universities(4.36)) | dictation=dense(7)"
1080,#1080 WFD,The field of journalism has seen job decline for decades.,1,0,0,1,"lex=0(rare_avg=4.26: journalism(4.12), decline(4.40)) | dictation=dense(6)"
1081,#1081 WFD,A new collection of articles has just been published.,3,0,2,0,"lex=0(rare_avg=4.83: articles(4.71), collection(4.96)) | grammar=passive(been published); perfect(has just been published)"
1082,#1082 WFD,The history of economics is a tricky subject to study.,1,0,0,0,"lex=0(rare_avg=4.19: tricky(3.96), economics(4.42))"
1083,#1083 WFD,We are researching the most significant challenges facing our society today.,2,0,0,2,"lex=0(rare_avg=4.06: researching(3.63), challenges(4.49)) | dictation=long(11); dense(6)"
1084,#1084 WFD,The school canteen sells a large variety of water and food.,2,1,0,2,"lex=1(rare_avg=3.63: canteen(3.17), sells(4.09)) | dictation=long(11); dense(7)"
1085,#1085 WFD,New media has an impact on human communications.,1,0,0,0,"lex=0(rare_avg=4.75: communications(4.59), impact(4.92))"
1087,#1087 WFD,Students will develop confidence in their ability to think critically.,1,0,0,1,"lex=0(rare_avg=4.27: critically(3.88), confidence(4.65)) | dictation=dense(6)"
1088,#1088 WFD,Joining a society can help to meet new people.,1,0,0,1,"lex=0(rare_avg=4.82: joining(4.47), society(5.17)) | dictation=dense(6)"
1089,#1089 WFD,Experts from the financial department will give the guests a lecture.,2,0,0,2,"lex=0(rare_avg=4.28: lecture(4.14), guests(4.42)) | dictation=long(11); dense(6)"
1090,#1090 WFD,Urban planning emphasizes the efficiency and expansion of the community.,1,0,0,1,"lex=0(rare_avg=3.93: emphasizes(3.48), efficiency(4.38)) | dictation=dense(6)"
1091,#1091 WFD,These three separate resources are not enough for this assessment.,1,0,0,0,"lex=0(rare_avg=4.64: assessment(4.46), separate(4.83))"
1092,#1092 WFD,"When the root system of a plant fails, foliage suffers.",1,1,0,1,"lex=1(rare_avg=3.62: foliage(3.41), suffers(3.83)) | dictation=dense(6)"
1093,#1093 WFD,The renowned journalism will last for half a century.,1,0,0,0,"lex=0(rare_avg=4.04: renowned(3.96), journalism(4.12))"
1094,#1094 WFD,The use of mobile phones is not permitted in the library.,2,0,1,1,"lex=0(rare_avg=4.29: permitted(4.13), phones(4.45)) | grammar=passive(is not permitted) | dictation=long(11)"
1095,#1095 WFD,It is interesting to observe the development of the language skills of toddlers.,2,1,0,2,"lex=1(rare_avg=3.72: toddlers(3.38), observe(4.06)) | dictation=long(13); dense(6)"
1096,#1096 WFD,Online courses enable people to improve their skills while employed.,1,0,0,1,"lex=0(rare_avg=4.36: enable(4.30), employed(4.42)) | dictation=dense(8)"
1097,#1097 WFD,The night sky has always involved mystery and wonder.,1,0,1,0,"lex=0(rare_avg=4.58: mystery(4.45), sky(4.72)) | grammar=perfect(has always involved)"
1098,#1098 WFD,Career management is a very important subject.,1,0,1,0,"lex=0(rare_avg=5.02: subject(4.96), career(5.07)) | grammar=passive(is a very important)"
1099,#1099 WFD,The university sent exchange students to other countries.,1,0,0,0,"lex=0(rare_avg=4.99: exchange(4.85), countries(5.13))"
1100,#1100 WFD,Sugar is a solid carbohydrate which is used to sweeten food.,3,2,2,2,"lex=2(rare_avg=2.97: sweeten(2.77), carbohydrate(3.17)) | grammar=passive(is used to sweeten); relative(which) | dictation=long(11); dense(6)"
1101,#1101 WFD,Nutrition plays a key role in athletic performance.,1,0,0,1,"lex=0(rare_avg=4.11: nutrition(4.10), athletic(4.12)) | dictation=dense(6)"
1102,#1102 WFD,Technological developments have changed the way we live.,1,0,1,0,"lex=0(rare_avg=4.14: technological(4.06), developments(4.22)) | grammar=perfect(have changed)"
1104,#1104 WFD,Every living thing begins as a single cell.,1,0,0,0,"lex=0(rare_avg=4.75: begins(4.62), cell(4.87))"
1105,#1105 WFD,Many university lectures can now be viewed on the Internet.,1,0,1,0,"lex=0(rare_avg=4.13: lectures(3.96), viewed(4.31)) | grammar=passive(be viewed)"
1106,#1106 WFD,The library catalog is located on the first floor.,1,0,1,0,"lex=0(rare_avg=4.38: catalog(3.91), library(4.86)) | grammar=passive(is located)"
1107,#1107 WFD,That means they have a number of structural overlaps.,1,1,0,0,"lex=1(rare_avg=3.56: overlaps(2.95), structural(4.18))"
1108,#1108 WFD,Humans use symbolic languages to communicate plans and intentions.,1,0,0,1,"lex=0(rare_avg=3.99: symbolic(3.86), intentions(4.11)) | dictation=dense(7)"
1110,#1110 WFD,The course will start with the history of architecture.,1,0,0,0,"lex=0(rare_avg=4.90: architecture(4.42), history(5.39))"
1111,#1111 WFD,Many universities provide exchange programs to other countries.,1,0,0,1,"lex=0(rare_avg=4.61: universities(4.36), exchange(4.85)) | dictation=dense(6)"
1112,#1112 WFD,Technologies have rapidly transformed the lifestyle of the majority.,1,0,1,0,"lex=0(rare_avg=4.19: transformed(4.08), lifestyle(4.29)) | grammar=perfect(have rapidly transformed)"
1113,#1113 WFD,Career mobility is very important for new graduates.,1,0,1,0,"lex=0(rare_avg=4.04: graduates(4.02), mobility(4.05)) | grammar=passive(is very important)"
1114,#1114 WFD,Creativity is more important for undergraduates.,1,1,1,0,"lex=1(rare_avg=3.58: undergraduates(3.14), creativity(4.01)) | grammar=passive(is more important)"
1115,#1115 WFD,All students have their own styles of learning.,1,0,0,0,"lex=0(rare_avg=4.65: styles(4.38), learning(4.92))"
1116,#1116 WFD,Art helps us to deepen the appreciation of our world.,1,1,0,0,"lex=1(rare_avg=3.66: deepen(3.19), appreciation(4.12))"
1117,#1117 WFD,You have the freedom to study what interests you most.,1,0,0,0,"lex=0(rare_avg=4.76: interests(4.66), freedom(4.86))"
1118,#1118 WFD,Reading histories involves a process of careful selection.,1,0,0,1,"lex=0(rare_avg=4.02: histories(3.70), involves(4.34)) | dictation=dense(6)"
1119,#1119 WFD,Education is not just about learning skills for employment.,1,0,0,0,"lex=0(rare_avg=4.66: employment(4.56), skills(4.77))"
1120,#1120 WFD,Experts say learning and listening to music can reduce the stress.,2,0,0,2,"lex=0(rare_avg=4.59: experts(4.52), listening(4.66)) | dictation=long(11); dense(7)"
1122,#1122 WFD,The research shows that spending time outdoors has a range of benefits.,2,0,0,2,"lex=0(rare_avg=4.21: outdoors(3.71), spending(4.71)) | dictation=long(12); dense(7)"
1123,#1123 WFD,"When sentencing, the court will decide whether the defendant regrets his actions.",2,1,0,2,"lex=1(rare_avg=3.70: sentencing(3.62), regrets(3.78)) | dictation=long(12); dense(7)"
1124,#1124 WFD,Teaching assistance plays a vital role in the learning process.,1,0,0,1,"lex=0(rare_avg=4.48: vital(4.38), assistance(4.59)) | dictation=dense(7)"
1125,#1125 WFD,Scholarships are available for both local and international students.,1,0,0,0,"lex=0(rare_avg=4.50: scholarships(3.76), students(5.25))"
1126,#1126 WFD,Our company is intended to hire more than ten thousand people worldwide.,2,0,1,2,"lex=0(rare_avg=4.47: hire(4.40), worldwide(4.54)) | grammar=passive(is intended) | dictation=long(12); dense(7)"
1127,#1127 WFD,A university degree is a requirement to enter many professions.,2,1,1,1,"lex=1(rare_avg=3.89: professions(3.53), requirement(4.26)) | grammar=passive(is a requirement) | dictation=dense(6)"
1128,#1128 WFD,British students must study mathematics at secondary schools.,1,0,1,1,"lex=0(rare_avg=4.34: mathematics(4.15), secondary(4.53)) | grammar=modal(must) | dictation=dense(6)"
1129,#1129 WFD,Family life is difficult for parents who have shift work.,1,0,1,1,"lex=0(rare_avg=4.82: shift(4.57), difficult(5.07)) | grammar=relative(who) | dictation=dense(6)"
1130,#1130 WFD,The effect of advertising is open to much debate.,1,0,0,0,"lex=0(rare_avg=4.59: advertising(4.54), debate(4.64))"
1131,#1131 WFD,The internet has transformed the nature of publishing.,1,0,1,0,"lex=0(rare_avg=4.22: transformed(4.08), publishing(4.37)) | grammar=perfect(has transformed)"
1132,#1132 WFD,Many important policies need to be made.,1,0,0,0,"lex=0(rare_avg=5.08: policies(4.71), important(5.44))"
1133,#1133 WFD,These researches' data and collections should be analyzed.,3,1,2,0,"lex=1(rare_avg=3.55: researches'(3.20), analyzed(3.90)) | grammar=modal(should); passive(be analyzed)"
1134,#1134 WFD,Having strong motivation is vital for achieving your goal.,1,0,0,1,"lex=0(rare_avg=4.12: achieving(4.03), motivation(4.22)) | dictation=dense(6)"
1135,#1135 WFD,The lecture will take place in the main hall.,1,0,0,0,"lex=0(rare_avg=4.50: lecture(4.14), hall(4.87))"
1136,#1136 WFD,I'm going to transfer my mathematics skills to the classroom.,1,0,0,2,"lex=0(rare_avg=4.15: mathematics(4.15), classroom(4.15)) | dictation=contraction; dense(6)"
1138,#1138 WFD,What surprised me is the number of students in this course.,1,0,0,1,"lex=0(rare_avg=4.96: surprised(4.68), students(5.25)) | dictation=long(11)"
1139,#1139 WFD,The deadline for the marketing and scientific assignment will be extended.,2,0,1,1,"lex=0(rare_avg=4.15: deadline(4.12), assignment(4.18)) | grammar=passive(be extended) | dictation=long(11)"
1140,#1140 WFD,She left the lights turned on.,1,0,0,0,"lex=0(rare_avg=4.87: lights(4.64), turned(5.09))"
1141,#1141 WFD,The deadline for the submission of this assignment is tomorrow.,1,0,0,0,"lex=0(rare_avg=4.10: submission(4.07), deadline(4.12))"
1142,#1142 WFD,City planners recognize the need for accessible public transport options.,1,1,0,1,"lex=1(rare_avg=3.86: planners(3.55), accessible(4.18)) | dictation=dense(8)"
1143,#1143 WFD,There are a variety of different ways to present statistical information.,2,0,0,2,"lex=0(rare_avg=4.45: statistical(4.14), variety(4.75)) | dictation=long(11); dense(6)"
1144,#1144 WFD,"Accommodation on campus is limited, but there are more options nearby.",2,0,1,1,"lex=0(rare_avg=4.29: accommodation(4.06), campus(4.51)) | grammar=passive(is limited) | dictation=long(11)"
1145,#1145 WFD,Leave the building immediately if the fire alarm goes off.,1,0,0,1,"lex=0(rare_avg=4.63: alarm(4.28), immediately(4.98)) | dictation=dense(6)"
1146,#1146 WFD,The student magazine is looking for a new editor.,1,0,0,0,"lex=0(rare_avg=4.68: editor(4.62), magazine(4.74))"
1147,#1147 WFD,Libraries in many areas were closed due to the lack of funding.,2,0,1,2,"lex=0(rare_avg=4.38: libraries(4.14), funding(4.63)) | grammar=passive(were closed) | dictation=long(12); dense(7)"
1148,#1148 WFD,Understanding visual media has never been more challenging.,1,0,1,0,"lex=0(rare_avg=4.38: challenging(4.27), visual(4.50)) | grammar=perfect(has never been)"
1149,#1149 WFD,Technological advancements are responsible for businesses' having to constantly change.,1,1,0,1,"lex=1(rare_avg=3.59: advancements(3.12), technological(4.06)) | dictation=dense(7)"
1150,#1150 WFD,Campus tours begin at the library this afternoon.,1,0,0,0,"lex=0(rare_avg=4.32: tours(4.14), campus(4.51))"
1151,#1151 WFD,There is no economic reason why public borrowing is necessarily bad.,2,0,0,2,"lex=0(rare_avg=4.12: borrowing(3.75), necessarily(4.48)) | dictation=long(11); dense(6)"
1152,#1152 WFD,Academic journals are usually edited by subject specialists.,1,0,1,1,"lex=0(rare_avg=3.91: specialists(3.90), journals(3.92)) | grammar=passive(are usually edited) | dictation=dense(6)"
1153,#1153 WFD,Gold is a metal that appears naturally in a pure state.,2,0,0,2,"lex=0(rare_avg=4.56: naturally(4.48), pure(4.64)) | dictation=long(11); dense(6)"
1154,#1154 WFD,There are places on campus where you can get milk.,1,0,1,0,"lex=0(rare_avg=4.58: campus(4.51), milk(4.66)) | grammar=relative(where)"
1155,#1155 WFD,"For small businesses, making a profit is the main priority.",1,0,0,1,"lex=0(rare_avg=4.54: priority(4.41), businesses(4.66)) | dictation=dense(6)"
1156,#1156 WFD,Chemical reactions occur when substances combine or change.,1,0,0,1,"lex=0(rare_avg=4.03: substances(3.93), combine(4.13)) | dictation=dense(6)"
1157,#1157 WFD,Medical books and journals have been moved to the second floor.,3,0,2,2,"lex=0(rare_avg=4.43: journals(3.92), floor(4.94)) | grammar=passive(been moved); perfect(have been moved) | dictation=long(11); dense(6)"
1158,#1158 WFD,It is an integrated course with several main elements.,1,0,1,0,"lex=0(rare_avg=4.50: integrated(4.29), elements(4.70)) | grammar=passive(is an integrated)"
1159,#1159 WFD,The illnesses and the diseases are coming.,1,0,0,0,"lex=0(rare_avg=4.02: illnesses(3.67), diseases(4.36))"
1160,#1160 WFD,Literature can be classified in various ways.,1,0,1,0,"lex=0(rare_avg=4.44: classified(4.26), literature(4.62)) | grammar=passive(be classified)"
1161,#1161 WFD,Businesses must adapt to the general data protection regulations.,1,0,1,1,"lex=0(rare_avg=4.24: adapt(3.98), regulations(4.50)) | grammar=modal(must) | dictation=dense(6)"
1162,#1162 WFD,Every experiment should be repeated to validate it.,3,1,2,0,"lex=1(rare_avg=3.84: validate(3.40), repeated(4.28)) | grammar=modal(should); passive(be repeated)"
1163,#1163 WFD,Please make sure your application follows the guidelines provided.,1,0,1,1,"lex=0(rare_avg=4.53: guidelines(4.25), follows(4.81)) | grammar=adv_sub(provided) | dictation=dense(7)"
1164,#1164 WFD,A wide range of courses covers different aspects of this subject.,2,0,0,2,"lex=0(rare_avg=4.48: courses(4.46), aspects(4.50)) | dictation=long(11); dense(7)"
1165,#1165 WFD,The amount of time spent on configuration varies considerably.,1,0,0,1,"lex=0(rare_avg=3.96: varies(3.94), configuration(3.97)) | dictation=dense(6)"
1166,#1166 WFD,Our company must have regular independent financial audits.,3,0,2,0,"lex=0(rare_avg=4.11: audits(3.29), independent(4.93)) | grammar=modal(must); modal_perfect(must have regular independent)"
1167,#1167 WFD,A surprisingly large number of students applied for that course.,1,0,0,1,"lex=0(rare_avg=4.38: surprisingly(4.09), applied(4.67)) | dictation=dense(6)"
1168,#1168 WFD,An academic essay should use evidence from both primary and secondary sources.,2,0,1,2,"lex=0(rare_avg=4.38: essay(4.23), secondary(4.53)) | grammar=modal(should) | dictation=long(12); dense(7)"
1169,#1169 WFD,He was regarded as the foremost economist at that time.,1,1,1,0,"lex=1(rare_avg=3.83: foremost(3.78), economist(3.87)) | grammar=passive(was regarded)"
1171,#1171 WFD,Our workshops are open for all students on campus.,1,0,0,0,"lex=0(rare_avg=4.20: workshops(3.88), campus(4.51))"
1172,#1172 WFD,The shipwreck of this year ruined some artifacts which were interested by historians.,3,1,2,2,"lex=1(rare_avg=3.42: shipwreck(3.11), artifacts(3.72)) | grammar=passive(were interested); relative(which) | dictation=long(13); dense(6)"
1173,#1173 WFD,Students have the freedom to choose the subjects they are interested in.,2,0,1,1,"lex=0(rare_avg=4.62: subjects(4.38), freedom(4.86)) | grammar=passive(are interested) | dictation=long(12)"
1174,#1174 WFD,The degree is typically taught by using a mixture of lectures and seminars.,2,1,1,2,"lex=1(rare_avg=3.73: seminars(3.50), lectures(3.96)) | grammar=passive(is typically taught) | dictation=long(13); dense(7)"
1175,#1175 WFD,Students will get their marks from the combination of both assessments and examinations.,2,1,0,2,"lex=1(rare_avg=3.70: examinations(3.61), assessments(3.79)) | dictation=long(13); dense(6)"
1176,#1176 WFD,The university library holds a number of collections of geological maps.,2,0,0,2,"lex=0(rare_avg=4.01: geological(3.82), collections(4.21)) | dictation=long(11); dense(7)"
1177,#1177 WFD,This course can help to deepen your appreciation of art.,1,1,0,0,"lex=1(rare_avg=3.66: deepen(3.19), appreciation(4.12))"
1178,#1178 WFD,We help students to develop their individualities and follow their interests.,2,2,0,2,"lex=2(rare_avg=2.99: individualities(1.32), interests(4.66)) | dictation=long(11); dense(6)"
1179,#1179 WFD,You shall be studying the economies of several developing countries.,1,0,0,0,"lex=0(rare_avg=4.16: economies(3.89), studying(4.42))"
1181,#1181 WFD,It is clear that the human population impacts the environment.,1,0,0,0,"lex=0(rare_avg=4.45: impacts(4.03), environment(4.87))"
1182,#1182 WFD,You need to pass the written exam for the driver's license.,2,0,0,3,"lex=0(rare_avg=4.02: driver's(3.78), exam(4.26)) | dictation=contraction; long(11); dense(6)"
1183,#1183 WFD,Rising inflation leads to increasing goods prices and decreasing demand for products.,2,0,0,2,"lex=0(rare_avg=3.91: decreasing(3.68), inflation(4.14)) | dictation=long(12); dense(9)"
1184,#1184 WFD,You should complete the job application form in order to get called for the manager's position.,3,0,2,3,"lex=0(rare_avg=3.99: manager's(3.11), application(4.86)) | grammar=phrase(in order to); modal(should) | dictation=contraction; long(16); dense(9)"
1185,#1185 WFD,Your tutor will provide the guidance on how to structure the essays.,2,1,0,1,"lex=1(rare_avg=3.88: tutor(3.67), essays(4.08)) | dictation=long(12)"
1186,#1186 WFD,The public is often misled by the biased coverage.,1,1,1,0,"lex=1(rare_avg=3.52: misled(3.28), biased(3.76)) | grammar=passive(is often misled)"
1187,#1187 WFD,Rising sea temperature is a sign of climate change.,1,0,0,1,"lex=0(rare_avg=4.58: rising(4.52), temperature(4.64)) | dictation=dense(6)"
1188,#1188 WFD,You will present your plan and sign off on your paper.,1,0,0,1,"lex=0(rare_avg=5.08: paper(5.07), sign(5.08)) | dictation=long(11)"
1189,#1189 WFD,Members can contribute to the association of an operating firm.,1,0,0,0,"lex=0(rare_avg=4.54: contribute(4.34), operating(4.75))"
1190,#1190 WFD,These words recognize the excellence of the undergraduates' research projects.,1,1,0,1,"lex=1(rare_avg=3.61: undergraduates'(3.14), excellence(4.07)) | dictation=dense(6)"
1191,#1191 WFD,Students may only park their cars in authorized university parking spaces.,2,0,1,2,"lex=0(rare_avg=4.20: authorized(4.12), spaces(4.28)) | grammar=modal(may) | dictation=long(11); dense(7)"
1192,#1192 WFD,Technology is no longer a simple tool that we can control.,1,0,0,1,"lex=0(rare_avg=4.82: tool(4.56), simple(5.08)) | dictation=long(11)"
1194,#1194 WFD,The students are to submit their research on time.,1,0,0,0,"lex=0(rare_avg=4.77: submit(4.28), students(5.25))"
1195,#1195 WFD,Keep your audience in mind when writing an essay.,1,0,0,0,"lex=0(rare_avg=4.48: essay(4.23), audience(4.73))"
1196,#1196 WFD,Business practices must obey contemporary general regulations.,1,0,1,1,"lex=0(rare_avg=4.16: obey(3.83), contemporary(4.49)) | grammar=modal(must) | dictation=dense(6)"
1197,#1197 WFD,Media can influence humans' opinions.,1,0,0,0,"lex=0(rare_avg=4.51: opinions(4.41), humans'(4.61))"
1198,#1198 WFD,Scientists can develop new elements in the laboratory.,1,0,0,0,"lex=0(rare_avg=4.40: laboratory(4.31), scientists(4.50))"
1199,#1199 WFD,Students are permitted to park in campus parking spaces.,1,0,1,1,"lex=0(rare_avg=4.21: permitted(4.13), spaces(4.28)) | grammar=passive(are permitted) | dictation=dense(6)"
1200,#1200 WFD,We are phasing out the disposable cups on campus.,1,1,0,0,"lex=1(rare_avg=3.27: phasing(2.98), disposable(3.57))"
1201,#1201 WFD,The urban geography degree includes the study of demography.,1,1,0,1,"lex=1(rare_avg=3.41: demography(2.84), geography(3.98)) | dictation=dense(6)"
1202,#1202 WFD,The teaching staff are actively engaged in the original research.,1,0,1,1,"lex=0(rare_avg=4.38: actively(4.23), engaged(4.52)) | grammar=passive(are actively engaged) | dictation=dense(6)"
1203,#1203 WFD,Please refer to the guidelines for more information on setting the goals.,2,0,0,2,"lex=0(rare_avg=4.35: guidelines(4.25), refer(4.45)) | dictation=long(12); dense(6)"
1204,#1204 WFD,The terms illness and disease are confusing despite clear differences.,1,0,1,1,"lex=0(rare_avg=4.21: confusing(4.02), illness(4.41)) | grammar=adv_sub(despite) | dictation=dense(7)"
1205,#1205 WFD,The media play a significant role in shaping public opinion.,1,0,0,1,"lex=0(rare_avg=4.33: shaping(3.72), opinion(4.94)) | dictation=dense(7)"
1206,#1206 WFD,Many universities are continuously expanding the postgraduate education's online learning resources.,2,2,0,3,"lex=2(rare_avg=2.91: education's(2.54), postgraduate(3.28)) | dictation=contraction; long(11); dense(9)"
1207,#1207 WFD,The study of utilizing projects is funded by the university.,1,0,1,0,"lex=0(rare_avg=3.96: utilizing(3.63), funded(4.29)) | grammar=passive(is funded)"
1208,#1208 WFD,The new classrooms will be put into use next month.,1,0,0,1,"lex=0(rare_avg=4.46: classrooms(3.67), month(5.25)) | dictation=dense(6)"
1209,#1209 WFD,Most known oil reserves will only last for half a century.,2,0,0,2,"lex=0(rare_avg=4.62: reserves(4.22), century(5.02)) | dictation=long(11); dense(6)"
1210,#1210 WFD,Online courses allow students to work at their own pace.,1,0,0,1,"lex=0(rare_avg=4.42: pace(4.38), courses(4.46)) | dictation=dense(6)"
1211,#1211 WFD,Companies' projects must adapt to the general data protection regulations.,1,0,1,1,"lex=0(rare_avg=4.24: adapt(3.98), regulations(4.50)) | grammar=modal(must) | dictation=dense(7)"
1212,#1212 WFD,The research paper examined the economies of three countries.,1,0,0,1,"lex=0(rare_avg=4.00: economies(3.89), examined(4.10)) | dictation=dense(6)"
1213,#1213 WFD,Our aim is to transform classical teaching in the classroom.,1,0,0,0,"lex=0(rare_avg=4.10: transform(4.04), classroom(4.15))"
1214,#1214 WFD,The team has been successful in achieving challenging objectives.,1,0,1,0,"lex=0(rare_avg=4.05: achieving(4.03), objectives(4.08)) | grammar=perfect(has been)"
1215,#1215 WFD,Participating in the class is the center of the course.,1,0,0,0,"lex=0(rare_avg=4.69: participating(4.19), center(5.19))"
1216,#1216 WFD,"The finding shows that cocoa in chocolate can improve memory, immunity and mood.",2,1,0,3,"lex=1(rare_avg=3.78: cocoa(3.64), immunity(3.91)) | dictation=list_enum; long(13); dense(8)"
1217,#1217 WFD,New developments in technology are influencing current research.,2,1,1,1,"lex=1(rare_avg=3.86: influencing(3.50), developments(4.22)) | grammar=passive(are influencing current) | dictation=dense(6)"
1218,#1218 WFD,Mental health professionals are talking about the topic of vulnerability.,1,0,0,1,"lex=0(rare_avg=3.97: vulnerability(3.70), professionals(4.24)) | dictation=dense(6)"
1219,#1219 WFD,They demanded a refund on unsatisfactory goods.,1,1,0,0,"lex=1(rare_avg=3.50: unsatisfactory(3.05), refund(3.94))"
1220,#1220 WFD,We are now able to accommodate more postgraduate students than before.,2,1,0,1,"lex=1(rare_avg=3.65: postgraduate(3.28), accommodate(4.02)) | dictation=long(11)"
1221,#1221 WFD,It is possible to keep the energy of an atom in two ways.,2,0,0,2,"lex=0(rare_avg=4.39: atom(3.72), ways(5.06)) | dictation=long(13); dense(6)"
1222,#1222 WFD,Scientific experiments should be repeated to verify the results.,3,0,2,0,"lex=0(rare_avg=4.04: verify(3.88), experiments(4.20)) | grammar=modal(should); passive(be repeated)"
1223,#1223 WFD,The key witnesses of the event are factors of your conviction.,1,0,0,1,"lex=0(rare_avg=4.21: conviction(4.14), witnesses(4.29)) | dictation=long(11)"
1224,#1224 WFD,The motive power of trains is usually steam or electricity.,1,0,0,1,"lex=0(rare_avg=4.10: motive(3.94), trains(4.27)) | dictation=dense(6)"
1225,#1225 WFD,There was a lot of traffic this morning.,1,0,0,0,"lex=0(rare_avg=5.09: traffic(4.85), morning(5.33))"
1226,#1226 WFD,Sympathy is a feeling of sorrow for someone who is not happy.,2,1,1,1,"lex=1(rare_avg=3.87: sorrow(3.73), sympathy(4.01)) | grammar=relative(who) | dictation=long(12)"
1227,#1227 WFD,Marketing techniques are now becoming increasingly sophisticated.,1,0,0,0,"lex=0(rare_avg=4.21: sophisticated(4.05), increasingly(4.38))"
1228,#1228 WFD,The lack of facilities in the town may discourage potential visitors.,2,0,1,2,"lex=0(rare_avg=4.03: discourage(3.57), visitors(4.49)) | grammar=modal(may) | dictation=long(11); dense(6)"
1229,#1229 WFD,Journalism has undergone many changes in recent years.,1,1,0,1,"lex=1(rare_avg=3.85: undergone(3.58), journalism(4.12)) | dictation=dense(6)"
1230,#1230 WFD,Having clean water for human consumption is vital for health.,1,0,0,1,"lex=0(rare_avg=4.37: consumption(4.35), vital(4.38)) | dictation=dense(7)"
1231,#1231 WFD,The economic predictions turned out to be incorrect.,1,0,0,0,"lex=0(rare_avg=3.94: predictions(3.94), incorrect(3.94))"
1232,#1232 WFD,All mobile devices must be switched off during the examination.,3,0,2,0,"lex=0(rare_avg=4.20: switched(4.14), examination(4.26)) | grammar=modal(must); passive(be switched)"
1233,#1233 WFD,Students should take the training course to use the gym.,1,0,1,1,"lex=0(rare_avg=4.80: gym(4.43), training(5.18)) | grammar=modal(should) | dictation=dense(6)"
1234,#1234 WFD,Cells are the basic building blocks of all animals and plants.,2,0,0,2,"lex=0(rare_avg=4.57: blocks(4.43), plants(4.71)) | dictation=long(11); dense(6)"
1235,#1235 WFD,Fast food has become very popular among many students.,1,0,0,1,"lex=0(rare_avg=5.10: popular(5.07), fast(5.13)) | dictation=dense(7)"
1236,#1236 WFD,Modern computer memory is extended every year.,1,0,1,0,"lex=0(rare_avg=4.72: extended(4.64), memory(4.81)) | grammar=passive(is extended)"
1237,#1237 WFD,Acceptance by their peer group is important to most youngsters.,1,1,1,0,"lex=1(rare_avg=3.85: youngsters(3.57), peer(4.14)) | grammar=passive(is important)"
1238,#1238 WFD,He wrote poetry and plays as well as scientific papers.,1,0,0,1,"lex=0(rare_avg=4.51: poetry(4.40), papers(4.61)) | dictation=dense(6)"
1239,#1239 WFD,Heavy snow means no flight can take off or land.,1,0,0,1,"lex=0(rare_avg=4.76: snow(4.66), flight(4.86)) | dictation=dense(6)"
1240,#1240 WFD,Many companies use personality tests in the interview process.,1,0,0,1,"lex=0(rare_avg=4.61: personality(4.55), tests(4.67)) | dictation=dense(7)"
1241,#1241 WFD,Reading widely is an important part of undergraduate study.,1,0,1,1,"lex=0(rare_avg=4.20: undergraduate(3.85), widely(4.54)) | grammar=passive(is an important) | dictation=dense(6)"
1242,#1242 WFD,There is a point between chemistry and other sides of subjects.,2,0,1,1,"lex=0(rare_avg=4.37: chemistry(4.35), subjects(4.38)) | grammar=passive(is a point between) | dictation=long(11)"
1243,#1243 WFD,Good educators can recognize different kinds of learning styles.,1,0,0,1,"lex=0(rare_avg=4.10: educators(3.82), styles(4.38)) | dictation=dense(7)"
1244,#1244 WFD,Mechanical engineering first became prominent during the Industrial Revolution.,1,0,0,0,"lex=0(rare_avg=4.33: mechanical(4.33), prominent(4.33))"
1245,#1245 WFD,The digital revolution has changed the way we read.,1,0,1,0,"lex=0(rare_avg=4.70: revolution(4.56), digital(4.83)) | grammar=perfect(has changed)"
1246,#1246 WFD,Many cities are actively working on ways to reduce air pollution.,2,0,0,2,"lex=0(rare_avg=4.21: pollution(4.20), actively(4.23)) | dictation=long(11); dense(8)"
1247,#1247 WFD,The sociology exam will take place in week thirteen.,1,1,0,1,"lex=1(rare_avg=3.83: sociology(3.78), thirteen(3.89)) | dictation=dense(6)"
1248,#1248 WFD,The study of history can provide unique insight.,1,0,0,0,"lex=0(rare_avg=4.47: insight(4.19), unique(4.75))"
1249,#1249 WFD,"At that time, few people moved from the town to the village.",1,0,0,1,"lex=0(rare_avg=4.92: village(4.82), moved(5.01)) | dictation=long(12)"
1250,#1250 WFD,International aid programs have been reduced by the new government.,3,0,2,1,"lex=0(rare_avg=4.70: reduced(4.64), aid(4.75)) | grammar=passive(been reduced); perfect(have been reduced) | dictation=dense(6)"
1251,#1251 WFD,You can buy a ticket for the lecture from the school secretary.,1,0,0,1,"lex=0(rare_avg=4.38: lecture(4.14), ticket(4.61)) | dictation=long(12)"
1252,#1252 WFD,The present system does little to deter corporate crime.,1,0,0,1,"lex=0(rare_avg=4.06: deter(3.48), corporate(4.64)) | dictation=dense(6)"
1253,#1253 WFD,There is an overlap between chemistry and other subjects.,1,0,1,0,"lex=0(rare_avg=4.03: overlap(3.70), chemistry(4.35)) | grammar=passive(is an overlap between)"
1254,#1254 WFD,The post office will be closed on Monday and Friday afternoons.,2,0,1,1,"lex=0(rare_avg=4.08: afternoons(3.27), closed(4.90)) | grammar=passive(be closed) | dictation=long(11)"
1255,#1255 WFD,"If you need a parking ticket, see me after the lecture.",1,0,0,1,"lex=0(rare_avg=4.30: lecture(4.14), parking(4.47)) | dictation=long(11)"
1256,#1256 WFD,"According to the law of gravity, all objects attract each other.",1,0,0,1,"lex=0(rare_avg=4.21: attract(4.20), gravity(4.21)) | dictation=long(11)"
1257,#1257 WFD,There is a wide variety of disciplines in the field of engineering.,1,0,0,1,"lex=0(rare_avg=4.22: disciplines(3.69), variety(4.75)) | dictation=long(12)"
1258,#1258 WFD,The content is to define the combination of math and philosophy.,1,0,0,1,"lex=0(rare_avg=4.38: define(4.31), math(4.45)) | dictation=long(11)"
1259,#1259 WFD,These regions were both areas of economic development.,1,0,0,0,"lex=0(rare_avg=4.81: regions(4.53), economic(5.10))"
1260,#1260 WFD,Electronic devices can help students to complete their assignments faster than ever before.,2,0,0,2,"lex=0(rare_avg=4.21: assignments(3.88), electronic(4.55)) | dictation=long(13); dense(8)"
1261,#1261 WFD,There are many exciting developments occurring in the industry.,1,0,0,0,"lex=0(rare_avg=4.09: occurring(3.97), developments(4.22))"
1262,#1262 WFD,The new biology course will be starting in February.,1,0,0,0,"lex=0(rare_avg=4.64: biology(4.22), starting(5.07))"
1263,#1263 WFD,Rivers provide habitats and migration pathways for numerous aquatic species.,1,1,0,1,"lex=1(rare_avg=3.56: habitats(3.49), aquatic(3.62)) | dictation=dense(8)"
1264,#1264 WFD,All the equipment must be returned to the laboratory by Wednesday.,3,0,2,1,"lex=0(rare_avg=4.56: laboratory(4.31), returned(4.82)) | grammar=modal(must); passive(be returned) | dictation=long(11)"
1265,#1265 WFD,There have been long streams of extreme weather since human history.,2,0,1,2,"lex=0(rare_avg=4.36: streams(4.12), extreme(4.60)) | grammar=perfect(have been) | dictation=long(11); dense(7)"
1266,#1266 WFD,Democracy is constantly offering a stable form of government.,1,0,0,1,"lex=0(rare_avg=4.50: stable(4.48), democracy(4.51)) | dictation=dense(6)"
1267,#1267 WFD,The cafeteria will only serve cold milk on Friday this week.,1,0,0,1,"lex=0(rare_avg=4.05: cafeteria(3.44), milk(4.66)) | dictation=long(11)"
1268,#1268 WFD,Politicians need to be more practical when they are addressing the issues.,1,0,0,1,"lex=0(rare_avg=4.27: addressing(4.06), practical(4.48)) | dictation=long(12)"
1269,#1269 WFD,There are so many fast food outlets on campus nowadays.,1,0,0,1,"lex=0(rare_avg=4.05: outlets(4.00), nowadays(4.11)) | dictation=dense(6)"
1270,#1270 WFD,He still feels insecure about his ability to complete the work.,1,0,0,1,"lex=0(rare_avg=4.31: insecure(3.72), feels(4.90)) | dictation=long(11)"
1271,#1271 WFD,Rail transport is becoming more and more popular.,1,0,0,0,"lex=0(rare_avg=4.54: rail(4.41), transport(4.68))"
1272,#1272 WFD,Mechanical evolution became a predominant phenomenon during the Industrial Revolution.,1,1,0,0,"lex=1(rare_avg=3.71: predominant(3.28), phenomenon(4.13))"
1273,#1273 WFD,He was in an argument with his landlord downstairs.,1,1,1,0,"lex=1(rare_avg=3.81: downstairs(3.72), landlord(3.89)) | grammar=passive(was in an argument)"
1274,#1274 WFD,Participation rate in the study of language learning exceeded the expectations.,2,0,0,2,"lex=0(rare_avg=4.04: exceeded(3.76), participation(4.33)) | dictation=long(11); dense(7)"
1275,#1275 WFD,"There are many concerns about the research, for example, financial considerations.",2,0,0,3,"lex=0(rare_avg=4.17: considerations(3.74), concerns(4.59)) | dictation=list_enum; long(11); dense(6)"
1276,#1276 WFD,Changing your interest is a natural part of the learning process.,2,0,0,2,"lex=0(rare_avg=4.84: changing(4.76), learning(4.92)) | dictation=long(11); dense(6)"
1277,#1277 WFD,"Before architecture was invented, humans lived in underground houses.",1,0,1,1,"lex=0(rare_avg=4.25: invented(4.17), underground(4.32)) | grammar=passive(was invented) | dictation=dense(6)"
1278,#1278 WFD,The key witnesses to the event have conflicting recollections.,1,1,0,0,"lex=1(rare_avg=3.33: recollections(3.04), conflicting(3.63))"
1279,#1279 WFD,Mobile devices are not allowed during the examination.,1,0,1,0,"lex=0(rare_avg=4.42: examination(4.26), devices(4.59)) | grammar=passive(are not allowed)"
1280,#1280 WFD,Industry experts will discuss the job opportunities in an automated workforce.,2,0,0,2,"lex=0(rare_avg=3.92: automated(3.91), workforce(3.94)) | dictation=long(11); dense(7)"
1281,#1281 WFD,The needs of the nation determine a person's achievements.,1,0,0,1,"lex=0(rare_avg=4.05: person's(4.04), achievements(4.06)) | dictation=contraction"
1282,#1282 WFD,"For any written assignment, a detailed literature review must be performed.",3,0,2,2,"lex=0(rare_avg=4.34: assignment(4.18), detailed(4.51)) | grammar=modal(must); passive(be performed) | dictation=long(11); dense(6)"
1283,#1283 WFD,There are some laboratories that are closed due to the lack of funding.,2,0,1,1,"lex=0(rare_avg=4.17: laboratories(3.72), funding(4.63)) | grammar=passive(are closed) | dictation=long(13)"
1284,#1284 WFD,Teachers are trained to stimulate the children's cognitive development.,2,1,1,2,"lex=1(rare_avg=3.89: stimulate(3.67), cognitive(4.11)) | grammar=passive(are trained) | dictation=contraction; dense(6)"
1285,#1285 WFD,The library has an extensive collection of statistical references.,1,0,0,0,"lex=0(rare_avg=4.28: statistical(4.14), references(4.42))"
1286,#1286 WFD,The falling birth rate means the number of students drops.,1,0,0,1,"lex=0(rare_avg=4.50: drops(4.33), falling(4.66)) | dictation=dense(7)"
1287,#1287 WFD,Beans are an inexpensive source of protein.,1,1,0,0,"lex=1(rare_avg=3.85: inexpensive(3.57), beans(4.14))"
1288,#1288 WFD,Medical researchers have focused on the causes of diseases and treatments.,2,0,1,2,"lex=0(rare_avg=4.22: treatments(4.09), diseases(4.36)) | grammar=perfect(have focused) | dictation=long(11); dense(6)"
1289,#1289 WFD,Artificial intelligence has made significant progress in the last few years.,2,0,1,2,"lex=0(rare_avg=4.47: artificial(4.24), intelligence(4.70)) | grammar=perfect(has made significant) | dictation=long(11); dense(7)"
1290,#1290 WFD,One of the key conclusions is that the development needs were met.,2,0,1,2,"lex=0(rare_avg=4.54: conclusions(4.00), met(5.09)) | grammar=passive(is that the development) | dictation=long(12); dense(6)"
1291,#1291 WFD,People will never learn that life exists on the other planets.,1,0,0,1,"lex=0(rare_avg=4.27: planets(4.05), exists(4.48)) | dictation=long(11)"
1292,#1292 WFD,Coastal communities are particularly vulnerable to rising sea levels.,1,0,0,1,"lex=0(rare_avg=4.20: coastal(4.19), vulnerable(4.21)) | dictation=dense(7)"
1293,#1293 WFD,"At that time, few people moved from towns to villages.",1,0,0,0,"lex=0(rare_avg=4.28: villages(4.17), towns(4.39))"
1294,#1294 WFD,"In some countries, people live in homes made from shipping containers.",2,0,0,2,"lex=0(rare_avg=4.19: containers(3.86), shipping(4.52)) | dictation=long(11); dense(7)"
1295,#1295 WFD,The magazine is trying hard to get more readers to subscribe.,2,0,0,2,"lex=0(rare_avg=4.21: subscribe(4.02), readers(4.41)) | dictation=long(11); dense(6)"
1296,#1296 WFD,Social policies describe the ways societies meet human needs.,1,0,0,1,"lex=0(rare_avg=4.32: societies(4.08), describe(4.56)) | dictation=dense(8)"
1297,#1297 WFD,Plants are the living things that can grow on land or in water.,2,0,0,2,"lex=0(rare_avg=4.80: plants(4.71), grow(4.90)) | dictation=long(13); dense(6)"
1298,#1298 WFD,Infringement of the regulation is punishable by a fine.,1,1,0,0,"lex=1(rare_avg=3.46: punishable(3.30), infringement(3.61))"
1299,#1299 WFD,We are more able to accommodate postgraduate students than previously possible.,2,1,0,2,"lex=1(rare_avg=3.65: postgraduate(3.28), accommodate(4.02)) | dictation=long(11); dense(6)"
1300,#1300 WFD,"So far, the computer has proved very efficient at processing information.",2,0,1,2,"lex=0(rare_avg=4.44: efficient(4.42), processing(4.46)) | grammar=perfect(has proved very efficient) | dictation=long(11); dense(6)"
1301,#1301 WFD,The workshop will show you how to search the library catalogues.,2,1,0,1,"lex=1(rare_avg=3.60: catalogues(3.05), workshop(4.15)) | dictation=long(11)"
1302,#1302 WFD,Many experts think that the world climate is changing.,1,0,0,1,"lex=0(rare_avg=4.62: experts(4.52), climate(4.71)) | dictation=dense(6)"
1303,#1303 WFD,Members should make concentrated contributions to associated operating funds.,1,0,1,1,"lex=0(rare_avg=4.15: concentrated(3.96), contributions(4.34)) | grammar=modal(should) | dictation=dense(7)"
1304,#1304 WFD,New media is to find new areas to study in.,1,0,0,1,"lex=0(rare_avg=5.21: areas(5.15), study(5.26)) | dictation=dense(6)"
1305,#1305 WFD,The president is backtracking on his promise to increase healthcare spending.,2,1,0,2,"lex=1(rare_avg=3.51: backtracking(2.55), healthcare(4.47)) | dictation=long(11); dense(6)"
1306,#1306 WFD,"When the court announces the sentence, the judge will see if she regrets it.",2,1,0,2,"lex=1(rare_avg=3.86: regrets(3.78), announces(3.94)) | dictation=long(14); dense(6)"
1307,#1307 WFD,It is difficult for him to adjust to student life.,1,0,0,0,"lex=0(rare_avg=4.54: adjust(4.07), student(5.02))"
1308,#1308 WFD,The university's main library will be open till midnight next Saturday.,2,0,0,3,"lex=0(rare_avg=4.04: university's(3.78), midnight(4.31)) | dictation=contraction; long(11); dense(7)"
1309,#1309 WFD,The prevailing wind ensures the temperature extremes are not unwell.,1,1,0,1,"lex=1(rare_avg=3.31: unwell(3.14), extremes(3.47)) | dictation=dense(6)"
1310,#1310 WFD,All new medical school students must attend the talk about optional courses.,2,0,1,2,"lex=0(rare_avg=4.19: optional(3.91), courses(4.46)) | grammar=modal(must) | dictation=long(12); dense(8)"
1311,#1311 WFD,Democracy has continuously ensured more stable resources from the government.,2,1,1,1,"lex=1(rare_avg=3.75: ensured(3.54), continuously(3.97)) | grammar=perfect(has continuously ensured) | dictation=dense(6)"
1312,#1312 WFD,Water is heated to boil in the flask and added to the mixture.,2,1,1,2,"lex=1(rare_avg=3.52: flask(3.20), boil(3.83)) | grammar=passive(is heated) | dictation=long(13); dense(6)"
1313,#1313 WFD,Parents today are involved in the education of their children.,1,0,1,0,"lex=0(rare_avg=5.15: involved(5.10), parents(5.21)) | grammar=passive(are involved)"
1314,#1314 WFD,The world is now getting warmer at a fast rate.,1,0,0,0,"lex=0(rare_avg=4.45: warmer(3.76), fast(5.13))"
1315,#1315 WFD,The chemical experiment has confirmed my theory.,1,0,1,0,"lex=0(rare_avg=4.47: experiment(4.38), chemical(4.57)) | grammar=perfect(has confirmed)"
1316,#1316 WFD,The purpose of the program is primarily educational.,1,0,0,0,"lex=0(rare_avg=4.54: primarily(4.48), educational(4.60))"
1317,#1317 WFD,Many people travel to work each day by railway.,1,0,0,1,"lex=0(rare_avg=4.73: railway(4.46), travel(5.00)) | dictation=dense(6)"
1318,#1318 WFD,They will transfer those books into the new library.,1,0,0,0,"lex=0(rare_avg=4.79: transfer(4.72), library(4.86))"
1319,#1319 WFD,The feedback from the students was extremely positive.,1,0,0,0,"lex=0(rare_avg=4.55: feedback(4.32), extremely(4.79))"
1320,#1320 WFD,His humorous remark made everyone in the room laugh.,1,1,0,1,"lex=1(rare_avg=3.63: humorous(3.60), remark(3.66)) | dictation=dense(6)"
1321,#1321 WFD,The town provides a wide choice of entertainment.,1,0,0,0,"lex=0(rare_avg=4.70: entertainment(4.60), provides(4.80))"
1322,#1322 WFD,I recommend that you should get some professional advice.,1,0,1,0,"lex=0(rare_avg=4.75: recommend(4.61), advice(4.88)) | grammar=modal(should)"
1323,#1323 WFD,New media journalism is an exciting area of study.,1,0,0,1,"lex=0(rare_avg=4.33: journalism(4.12), exciting(4.54)) | dictation=dense(6)"
1324,#1324 WFD,Our lecture today will discuss the American War of Independence.,1,0,0,0,"lex=0(rare_avg=4.40: lecture(4.14), discuss(4.66))"
1325,#1325 WFD,This dictionary tries to simplify the meanings of words.,1,1,0,0,"lex=1(rare_avg=3.56: simplify(3.46), meanings(3.66))"
1326,#1326 WFD,The tutorial timetable can be found on the course website.,1,1,0,0,"lex=1(rare_avg=3.62: timetable(3.44), tutorial(3.80))"
1327,#1327 WFD,The paper has the potential to transform life science.,1,0,0,0,"lex=0(rare_avg=4.53: transform(4.04), potential(5.01))"
1328,#1328 WFD,The capacity of programming computers is expanding enormously every year.,1,1,0,1,"lex=1(rare_avg=3.78: enormously(3.39), expanding(4.17)) | dictation=dense(6)"
1329,#1329 WFD,Scientists were unsure when early man left Africa.,1,0,0,0,"lex=0(rare_avg=4.12: unsure(3.75), scientists(4.50))"
1330,#1330 WFD,He picked up his bags and hurried across the courtyard.,1,1,0,0,"lex=1(rare_avg=3.40: hurried(3.14), courtyard(3.65))"
1331,#1331 WFD,The cafeteria was sold out of coffee on Friday this week.,2,0,1,1,"lex=0(rare_avg=4.15: cafeteria(3.44), coffee(4.86)) | grammar=passive(was sold) | dictation=long(11)"
1332,#1332 WFD,During the war children suffered from a deficiency of food.,1,0,0,0,"lex=0(rare_avg=4.08: deficiency(3.64), suffered(4.52))"
1333,#1333 WFD,You should submit your essay by midnight tomorrow.,1,0,1,0,"lex=0(rare_avg=4.26: essay(4.23), submit(4.28)) | grammar=modal(should)"
1334,#1334 WFD,The library has a number of collections of historical and social statistical publications.,2,0,0,2,"lex=0(rare_avg=4.17: statistical(4.14), collections(4.21)) | dictation=long(13); dense(7)"
1335,#1335 WFD,We are confident that the profits will be higher next year.,2,0,1,1,"lex=0(rare_avg=4.39: profits(4.36), confident(4.43)) | grammar=passive(are confident) | dictation=long(11)"
1336,#1336 WFD,She has been in the library for a long time.,1,0,1,0,"lex=0(rare_avg=5.33: library(4.86), long(5.81)) | grammar=perfect(has been)"
1337,#1337 WFD,The chemistry building is actually being built.,1,0,1,0,"lex=0(rare_avg=4.71: chemistry(4.35), built(5.07)) | grammar=passive(is actually being built)"
1338,#1338 WFD,The employment opportunities available in engineering are increasing rapidly.,1,0,0,1,"lex=0(rare_avg=4.45: rapidly(4.34), employment(4.56)) | dictation=dense(6)"
1339,#1339 WFD,Some teachers prefer to teach by using images and pictures.,1,0,0,1,"lex=0(rare_avg=4.62: prefer(4.57), teach(4.67)) | dictation=dense(6)"
1340,#1340 WFD,There is a separate reading list for each course.,1,0,0,0,"lex=0(rare_avg=4.98: separate(4.83), reading(5.14))"
1341,#1341 WFD,Undergraduate students can select what interests them most in the science program.,2,0,0,2,"lex=0(rare_avg=4.15: undergraduate(3.85), select(4.45)) | dictation=long(12); dense(6)"
1342,#1342 WFD,The use of dictionaries is not allowed during the examination.,1,1,1,0,"lex=1(rare_avg=3.72: dictionaries(3.18), examination(4.26)) | grammar=passive(is not allowed)"
1343,#1343 WFD,You must inform your professor if you are absent from the class.,3,0,2,1,"lex=0(rare_avg=4.07: absent(3.98), inform(4.15)) | grammar=modal(must); passive(are absent) | dictation=long(12)"
1344,#1344 WFD,Libraries provide lots of useful services for students.,1,0,0,1,"lex=0(rare_avg=4.43: libraries(4.14), useful(4.72)) | dictation=dense(6)"
1345,#1345 WFD,Class participation is an important part of your final grade.,1,0,1,1,"lex=0(rare_avg=4.56: participation(4.33), grade(4.80)) | grammar=passive(is an important) | dictation=dense(6)"
1346,#1346 WFD,The closing date of the application for the travel scholarship is next Monday.,2,0,0,2,"lex=0(rare_avg=4.30: scholarship(4.15), closing(4.46)) | dictation=long(13); dense(6)"
1347,#1347 WFD,The untapped potential of using the sun's rays is phenomenal.,2,1,0,2,"lex=1(rare_avg=3.19: untapped(2.94), sun's(3.43)) | dictation=contraction; dense(6)"
1348,#1348 WFD,You can find the campaign spot on the website.,1,0,0,0,"lex=0(rare_avg=4.95: spot(4.89), campaign(5.00))"
1350,#1350 WFD,Teachers must keep a record of students' attendance.,1,0,1,0,"lex=0(rare_avg=4.46: attendance(4.17), teachers(4.74)) | grammar=modal(must)"
1351,#1351 WFD,More time will be needed to process the topic of the project.,2,0,1,1,"lex=0(rare_avg=4.83: topic(4.49), needed(5.18)) | grammar=passive(be needed) | dictation=long(12)"
1352,#1352 WFD,Time is needed to complete the lecture.,1,0,1,0,"lex=0(rare_avg=4.62: lecture(4.14), complete(5.10)) | grammar=passive(is needed)"
1353,#1353 WFD,You must sign in for attendance in this class.,1,0,1,0,"lex=0(rare_avg=4.62: attendance(4.17), sign(5.08)) | grammar=modal(must)"
1354,#1354 WFD,The balance of diet and exercise makes good health.,1,0,0,1,"lex=0(rare_avg=4.62: diet(4.57), exercise(4.68)) | dictation=dense(6)"
1355,#1355 WFD,She will take her professional exam later this year.,1,0,0,0,"lex=0(rare_avg=4.65: exam(4.26), professional(5.05))"
1356,#1356 WFD,The university canteen is now offering many healthy meal options.,1,1,0,1,"lex=1(rare_avg=3.83: canteen(3.17), meal(4.48)) | dictation=dense(7)"
1357,#1357 WFD,She developed a passionate interest in wild flowers.,1,0,0,0,"lex=0(rare_avg=4.37: passionate(4.09), flowers(4.64))"
1358,#1358 WFD,Communication skills have become more important in recent years.,1,0,1,1,"lex=0(rare_avg=4.72: communication(4.68), skills(4.77)) | grammar=perfect(have become more important) | dictation=dense(6)"
1359,#1359 WFD,"All industries consist of systems of inputs, processes, outputs and feedback.",2,1,0,3,"lex=1(rare_avg=3.51: outputs(3.39), inputs(3.63)) | dictation=list_enum; long(11); dense(7)"
1360,#1360 WFD,Diet and exercise are the foundation of good health.,1,0,0,0,"lex=0(rare_avg=4.62: diet(4.57), exercise(4.68))"
1361,#1361 WFD,Thousands of people turned out to be at the presidential address.,1,0,0,1,"lex=0(rare_avg=4.64: presidential(4.52), thousands(4.77)) | dictation=long(11)"
1362,#1362 WFD,Protective goggles must be worn in all the university's laboratories.,3,1,2,1,"lex=1(rare_avg=3.54: goggles(3.35), laboratories(3.72)) | grammar=modal(must); passive(be worn) | dictation=contraction"
1363,#1363 WFD,Doing research could be very dangerous for coastal regions.,1,0,1,0,"lex=0(rare_avg=4.36: coastal(4.19), regions(4.53)) | grammar=modal(could)"
1364,#1364 WFD,The factory has achieved a steady growth in output.,1,0,1,0,"lex=0(rare_avg=4.37: steady(4.31), output(4.43)) | grammar=perfect(has achieved)"
1365,#1365 WFD,A national collection center for students is currently being built.,1,0,1,1,"lex=0(rare_avg=5.02: collection(4.96), built(5.07)) | grammar=passive(is currently being built) | dictation=dense(6)"
1366,#1366 WFD,There is no proof that the document is authentic.,1,0,0,0,"lex=0(rare_avg=4.27: authentic(4.04), document(4.50))"
1367,#1367 WFD,Politicians need to be more proactive when addressing a given issue.,2,1,0,2,"lex=1(rare_avg=3.73: proactive(3.41), addressing(4.06)) | dictation=long(11); dense(6)"
1368,#1368 WFD,"There may be financial concerns in the research, for example, funding considerations.",2,0,1,3,"lex=0(rare_avg=4.17: considerations(3.74), concerns(4.59)) | grammar=modal(may) | dictation=list_enum; long(12); dense(6)"
1369,#1369 WFD,Assignments should be submitted to the department office before the deadline.,3,0,2,1,"lex=0(rare_avg=4.00: assignments(3.88), deadline(4.12)) | grammar=modal(should); passive(be submitted) | dictation=long(11)"
1370,#1370 WFD,Physics students will take an additional module if their grades are low.,2,0,0,2,"lex=0(rare_avg=4.08: module(3.89), grades(4.28)) | dictation=long(12); dense(7)"
1371,#1371 WFD,It is doubtful whether projects can be finished this week.,1,0,1,0,"lex=0(rare_avg=4.17: doubtful(3.52), projects(4.81)) | grammar=passive(be finished)"
1372,#1372 WFD,"Before the invention of the refrigerator, people stored food in underground ice houses.",2,1,0,2,"lex=1(rare_avg=3.83: refrigerator(3.61), invention(4.04)) | dictation=long(13); dense(8)"
1373,#1373 WFD,The research will investigate the great impact of gender on social attitudes.,2,0,0,2,"lex=0(rare_avg=4.16: attitudes(4.01), investigate(4.31)) | dictation=long(12); dense(7)"
1374,#1374 WFD,We must decide how to utilize the resources we have.,1,0,1,0,"lex=0(rare_avg=4.27: utilize(3.75), decide(4.78)) | grammar=modal(must)"
1375,#1375 WFD,Parents have the authority to discipline their children.,1,0,0,0,"lex=0(rare_avg=4.52: discipline(4.23), authority(4.81))"
1376,#1376 WFD,The country's trade extended from China to Sweden.,1,0,0,1,"lex=0(rare_avg=4.40: country's(4.17), extended(4.64)) | dictation=contraction"
1377,#1377 WFD,Financial help for undergraduate study is available on application.,1,0,0,1,"lex=0(rare_avg=4.36: undergraduate(3.85), application(4.86)) | dictation=dense(6)"
1378,#1378 WFD,"Global connections thrive in academic communities, thanks to social media.",1,0,0,1,"lex=0(rare_avg=4.03: thrive(3.73), connections(4.32)) | dictation=dense(8)"
1379,#1379 WFD,There's some doubt about his suitability for the job.,1,0,0,1,"lex=0(rare_avg=4.05: suitability(3.21), doubt(4.90)) | dictation=contraction"
1380,#1380 WFD,The disease occurs most frequently in rural areas.,1,0,0,0,"lex=0(rare_avg=4.45: occurs(4.34), frequently(4.56))"
1381,#1381 WFD,The prices for food are subject to variation.,1,0,0,0,"lex=0(rare_avg=4.48: variation(4.08), prices(4.88))"
1382,#1382 WFD,Time was needed to process the complex topics covered in the lectures.,2,0,1,2,"lex=0(rare_avg=4.12: lectures(3.96), topics(4.27)) | grammar=passive(was needed) | dictation=long(12); dense(7)"
1383,#1383 WFD,The program has been successful since its inception.,1,0,1,0,"lex=0(rare_avg=4.29: inception(3.65), successful(4.94)) | grammar=perfect(has been)"
1384,#1384 WFD,The first commercial airport was built on the island relatively recently.,2,0,1,2,"lex=0(rare_avg=4.75: relatively(4.66), airport(4.84)) | grammar=passive(was built) | dictation=long(11); dense(7)"
1385,#1385 WFD,University departments carefully monitor articles and other publications by faculty.,1,0,0,1,"lex=0(rare_avg=4.23: departments(4.20), publications(4.27)) | dictation=dense(7)"
1386,#1386 WFD,At this time experts are not able to analyze the effects of the new policy.,2,0,0,2,"lex=0(rare_avg=4.18: analyze(3.84), experts(4.52)) | dictation=long(15); dense(7)"
1387,#1387 WFD,The literature lesson will be divided into four units.,1,0,1,0,"lex=0(rare_avg=4.47: lesson(4.47), divided(4.47)) | grammar=passive(be divided)"
1389,#1389 WFD,Anatomy is the study of internal and external body structures.,1,0,0,1,"lex=0(rare_avg=4.21: anatomy(3.94), structures(4.48)) | dictation=dense(6)"
1390,#1390 WFD,We have done everything we can to standardize the procedure.,1,1,0,0,"lex=1(rare_avg=3.58: standardize(2.72), procedure(4.44))"
1391,#1391 WFD,"Currently, computer literacy has become essential in many workplaces.",1,1,0,1,"lex=1(rare_avg=3.54: workplaces(3.19), literacy(3.90)) | dictation=dense(7)"
1392,#1392 WFD,Her property was assigned to her grandchildren.,1,0,1,0,"lex=0(rare_avg=4.09: grandchildren(3.79), assigned(4.39)) | grammar=passive(was assigned)"
1393,#1393 WFD,University graduates will work for a year in industries.,1,0,0,0,"lex=0(rare_avg=4.22: graduates(4.02), industries(4.42))"
1394,#1394 WFD,This guidebook offers information on local customs and policies.,1,1,0,1,"lex=1(rare_avg=3.57: guidebook(2.95), customs(4.19)) | dictation=dense(6)"
1395,#1395 WFD,She was sitting outside a cafe in the sunshine.,1,0,0,0,"lex=0(rare_avg=4.12: cafe(4.09), sunshine(4.16))"
1396,#1396 WFD,The restrooms are down the entrance and to the right.,1,1,0,0,"lex=1(rare_avg=3.71: restrooms(3.03), entrance(4.39))"
1397,#1397 WFD,We should have a meeting to discuss and report.,1,0,1,0,"lex=0(rare_avg=4.91: discuss(4.66), meeting(5.15)) | grammar=modal(should)"
1398,#1398 WFD,Calculators may not be used in the examination.,1,1,1,0,"lex=1(rare_avg=3.62: calculators(2.98), examination(4.26)) | grammar=modal(may)"
1399,#1399 WFD,New credit cards will soon use fingerprint technology.,1,0,0,1,"lex=0(rare_avg=4.12: fingerprint(3.49), cards(4.76)) | dictation=dense(7)"
1400,#1400 WFD,Essays and assignments spread out across the academic year.,1,0,0,1,"lex=0(rare_avg=3.98: assignments(3.88), essays(4.08)) | dictation=dense(6)"
1401,#1401 WFD,You can keep your bags in the back room.,1,0,0,0,"lex=0(rare_avg=4.91: bags(4.43), room(5.39))"
1402,#1402 WFD,Please turn off the light to save energy.,1,0,0,0,"lex=0(rare_avg=5.19: save(5.14), energy(5.23))"
1403,#1403 WFD,Make sure to wash your hands before preparing food.,1,0,0,1,"lex=0(rare_avg=4.39: preparing(4.33), wash(4.46)) | dictation=dense(6)"
1404,#1404 WFD,The rising inflation rate indicates a decrease in demand for consumer products.,2,0,0,2,"lex=0(rare_avg=4.15: inflation(4.14), decrease(4.17)) | dictation=long(12); dense(8)"
1405,#1405 WFD,The media played an important role in the last election.,1,0,0,1,"lex=0(rare_avg=5.12: election(5.08), role(5.16)) | dictation=dense(6)"
1406,#1406 WFD,Music has the ability to shape our emotions.,1,0,0,0,"lex=0(rare_avg=4.54: emotions(4.37), shape(4.72))"
1407,#1407 WFD,Please move us to the meeting room for the next hour.,2,0,0,2,"lex=0(rare_avg=5.17: meeting(5.15), hour(5.18)) | dictation=long(11); dense(6)"
1408,#1408 WFD,The students will meet their new teachers after the summer vacation.,2,0,0,2,"lex=0(rare_avg=4.57: vacation(4.40), teachers(4.74)) | dictation=long(11); dense(6)"
1409,#1409 WFD,You will get your uniform on the first day.,1,0,0,0,"lex=0(rare_avg=5.14: uniform(4.33), day(5.95))"
1410,#1410 WFD,We are going to demolish the old building next week.,1,0,0,1,"lex=0(rare_avg=4.24: demolish(3.18), building(5.29)) | dictation=dense(6)"
1411,#1411 WFD,Food containing ample calories provides little or no nutritional value.,1,1,0,1,"lex=1(rare_avg=3.67: nutritional(3.64), ample(3.71)) | dictation=dense(8)"
1412,#1412 WFD,Agricultural development plays a vital role in poor and rural areas.,2,0,0,2,"lex=0(rare_avg=4.36: agricultural(4.34), vital(4.38)) | dictation=long(11); dense(8)"
1413,#1413 WFD,Please close the door behind you when you leave the room.,2,0,0,2,"lex=0(rare_avg=5.19: door(5.08), behind(5.29)) | dictation=long(11); dense(6)"
1414,#1414 WFD,The department is organizing a trip to London in July.,1,0,0,0,"lex=0(rare_avg=4.44: organizing(3.97), trip(4.90))"
1415,#1415 WFD,You must call your doctor to make an appointment.,1,0,1,0,"lex=0(rare_avg=4.70: appointment(4.49), doctor(4.90)) | grammar=modal(must)"
1416,#1416 WFD,Each new product would have a relatively long life cycle.,1,0,1,1,"lex=0(rare_avg=4.63: cycle(4.60), relatively(4.66)) | grammar=modal(would) | dictation=dense(6)"
1417,#1417 WFD,There is an accounting assignment for finance students.,1,0,1,0,"lex=0(rare_avg=4.23: assignment(4.18), accounting(4.29)) | grammar=passive(is an accounting assignment)"
1418,#1418 WFD,Stock predictions can be very capricious even for professionals.,1,1,0,0,"lex=1(rare_avg=3.37: capricious(2.79), predictions(3.94))"
1419,#1419 WFD,The output should be proportional to the input.,1,0,1,0,"lex=0(rare_avg=3.97: proportional(3.60), input(4.35)) | grammar=modal(should)"
1420,#1420 WFD,The stairs are to the left of the elevator.,1,0,1,0,"lex=0(rare_avg=4.04: elevator(3.95), stairs(4.14)) | grammar=passive(are to the left)"
1421,#1421 WFD,There has been a sharp slowdown in economic growth.,3,1,2,0,"lex=1(rare_avg=3.79: slowdown(3.10), sharp(4.48)) | grammar=passive(been a sharp slowdown); perfect(has been)"
1422,#1422 WFD,We are looking for new ways to engage learners.,1,0,0,0,"lex=0(rare_avg=3.92: learners(3.48), engage(4.36))"
1423,#1423 WFD,Physics is a detailed study of matter and energy.,1,0,1,0,"lex=0(rare_avg=4.45: physics(4.39), detailed(4.51)) | grammar=passive(is a detailed)"
1424,#1424 WFD,"The large, wide table is not for sale.",1,0,0,0,"lex=0(rare_avg=4.97: wide(4.96), sale(4.99))"
1425,#1425 WFD,Practical experiments are a central part of the chemistry course.,1,0,0,1,"lex=0(rare_avg=4.28: experiments(4.20), chemistry(4.35)) | dictation=dense(6)"
1426,#1426 WFD,The restaurants are down the hall and to the right.,1,0,0,0,"lex=0(rare_avg=4.61: restaurants(4.34), hall(4.87))"
1427,#1427 WFD,I want to make an appointment with the manager.,1,0,0,0,"lex=0(rare_avg=4.73: appointment(4.49), manager(4.97))"
1428,#1428 WFD,The tree began to decay as soon as it was cut down.,1,0,0,1,"lex=0(rare_avg=4.34: decay(3.83), tree(4.85)) | dictation=long(12)"
1429,#1429 WFD,"When you attend a job interview, punctuality is the key.",1,1,0,0,"lex=1(rare_avg=3.64: punctuality(2.73), attend(4.55))"
1430,#1430 WFD,I went down into the cellar for more wine.,1,0,0,0,"lex=0(rare_avg=4.17: cellar(3.60), wine(4.74))"
1431,#1431 WFD,You can get your coffee and tea in the lounge.,1,0,0,0,"lex=0(rare_avg=4.33: lounge(3.92), tea(4.73))"
1432,#1432 WFD,More physical activity is beneficial to your health.,1,0,0,0,"lex=0(rare_avg=4.47: beneficial(4.08), activity(4.86))"
1433,#1433 WFD,Advanced technology will create growth in the economy.,1,0,0,0,"lex=0(rare_avg=4.79: advanced(4.71), economy(4.87))"
1434,#1434 WFD,The weather used to be lovely for this time of year.,1,0,0,1,"lex=0(rare_avg=4.80: lovely(4.74), weather(4.87)) | dictation=long(11)"
1435,#1435 WFD,The laundry table is not for sale.,1,0,0,0,"lex=0(rare_avg=4.53: laundry(4.06), sale(4.99))"
1436,#1436 WFD,The teacher explained the homework to the class.,1,0,0,0,"lex=0(rare_avg=4.36: homework(4.13), explained(4.59))"
1438,#1438 WFD,Students are advised that all the lectures today have been canceled.,3,0,2,1,"lex=0(rare_avg=3.93: canceled(3.90), lectures(3.96)) | grammar=passive(are advised); perfect(have been canceled) | dictation=long(11)"
1439,#1439 WFD,The fiction books are just past the counter.,1,0,0,0,"lex=0(rare_avg=4.50: fiction(4.44), counter(4.56))"
1440,#1440 WFD,You have to send me your essay in two core and three optional modules.,2,1,0,2,"lex=1(rare_avg=3.81: modules(3.70), optional(3.91)) | dictation=long(14); dense(7)"
1441,#1441 WFD,He had always obeyed his parents without question.,1,0,1,0,"lex=0(rare_avg=4.12: obeyed(3.02), parents(5.21)) | grammar=perfect(had always obeyed)"
1442,#1442 WFD,A world-renowned expert on financial management will give a guest lecture.,2,0,0,2,"lex=0(rare_avg=4.05: renowned(3.96), lecture(4.14)) | dictation=long(11); dense(8)"
1443,#1443 WFD,He was made president of the football club.,1,0,1,0,"lex=0(rare_avg=5.16: football(5.11), club(5.20)) | grammar=passive(was made president)"
1444,#1444 WFD,Information technology has changed the way people study today.,1,0,1,1,"lex=0(rare_avg=5.08: changed(5.07), technology(5.09)) | grammar=perfect(has changed) | dictation=dense(7)"
1445,#1445 WFD,You will study two core and three optional modules.,1,1,0,1,"lex=1(rare_avg=3.81: modules(3.70), optional(3.91)) | dictation=dense(6)"
1446,#1446 WFD,The governor has denied making improper use of the state money.,2,0,1,2,"lex=0(rare_avg=4.00: improper(3.58), denied(4.43)) | grammar=perfect(has denied) | dictation=long(11); dense(7)"
1447,#1447 WFD,You do not need to have specialist knowledge to enjoy this book.,1,0,0,1,"lex=0(rare_avg=4.62: specialist(4.28), knowledge(4.96)) | dictation=long(12)"
1448,#1448 WFD,The book on the shelf is a carefully documented biography.,1,0,1,0,"lex=0(rare_avg=3.95: biography(3.89), documented(4.00)) | grammar=passive(is a carefully documented)"
1449,#1449 WFD,Many food crops require a large amount of water and fertilizer.,2,1,0,2,"lex=1(rare_avg=3.73: fertilizer(3.42), crops(4.05)) | dictation=long(11); dense(8)"
1450,#1450 WFD,Farmers used to hire themselves out to whoever needed them.,1,0,0,1,"lex=0(rare_avg=4.41: hire(4.40), whoever(4.42)) | dictation=dense(6)"
1451,#1451 WFD,The old lady was an industrious and willing worker.,1,1,0,0,"lex=1(rare_avg=3.61: industrious(2.79), worker(4.43))"
1452,#1452 WFD,The library has a wide range of collection of images and films.,2,0,0,2,"lex=0(rare_avg=4.70: films(4.64), images(4.75)) | dictation=long(12); dense(6)"
1453,#1453 WFD,In ancient times the sheltered harbor attracted travelers to this location.,2,1,0,2,"lex=1(rare_avg=3.66: sheltered(3.48), travelers(3.84)) | dictation=long(11); dense(7)"
1454,#1454 WFD,The government's financial plan has threatened the social services.,2,0,1,2,"lex=0(rare_avg=4.17: government's(3.98), threatened(4.36)) | grammar=perfect(has threatened) | dictation=contraction; dense(6)"
1455,#1455 WFD,You must wear a hard hat on the construction site.,1,0,1,0,"lex=0(rare_avg=4.72: hat(4.53), wear(4.92)) | grammar=modal(must)"
1456,#1456 WFD,All our results are published in scientific journals.,1,0,1,0,"lex=0(rare_avg=4.29: journals(3.92), scientific(4.67)) | grammar=passive(are published)"
1457,#1457 WFD,The new drug will be generally available from January.,1,0,0,0,"lex=0(rare_avg=4.91: drug(4.87), generally(4.95))"
1458,#1458 WFD,Each student needs to meet his or her tutors.,1,0,0,0,"lex=0(rare_avg=4.08: tutors(3.15), student(5.02))"
1459,#1459 WFD,All experiments and procedures have been outlined in the laboratory manual.,3,0,2,1,"lex=0(rare_avg=4.04: outlined(3.87), experiments(4.20)) | grammar=passive(been outlined); perfect(have been outlined) | dictation=long(11)"
1461,#1461 WFD,My sister runs a business about small toys.,1,0,0,0,"lex=0(rare_avg=4.54: toys(4.25), runs(4.84))"
1462,#1462 WFD,The ship was helpless against the power of the storm.,1,0,0,0,"lex=0(rare_avg=4.17: helpless(3.69), storm(4.66))"
1463,#1463 WFD,Scientists were unsure when early man first left Africa.,1,0,0,1,"lex=0(rare_avg=4.12: unsure(3.75), scientists(4.50)) | dictation=dense(6)"
1464,#1464 WFD,The arrival of armed police made the students disperse.,1,1,0,1,"lex=1(rare_avg=3.87: disperse(3.30), arrival(4.44)) | dictation=dense(6)"
1465,#1465 WFD,You can find the complaint form on the website.,1,0,0,0,"lex=0(rare_avg=4.71: complaint(4.32), website(5.09))"
1466,#1466 WFD,We aim to develop a partnership with the government and financial institutions.,2,0,0,2,"lex=0(rare_avg=4.50: partnership(4.48), aim(4.51)) | dictation=long(12); dense(6)"
1467,#1467 WFD,Historical cities are financially dependent on tourism as an income.,1,0,1,1,"lex=0(rare_avg=4.13: financially(3.98), dependent(4.28)) | grammar=passive(are financially dependent) | dictation=dense(6)"
1468,#1468 WFD,You need to dress gorgeously to attend the ceremony.,1,1,0,0,"lex=1(rare_avg=3.43: gorgeously(2.44), ceremony(4.42))"
1469,#1469 WFD,"In my opinion, this car should be repaired soon.",3,0,2,0,"lex=0(rare_avg=4.36: repaired(3.77), opinion(4.94)) | grammar=modal(should); passive(be repaired)"
1470,#1470 WFD,The college admits students anytime during the year.,1,0,0,0,"lex=0(rare_avg=4.07: admits(3.94), anytime(4.19))"
1471,#1471 WFD,"In Europe, the political pressure related to globalization is similar.",1,0,0,0,"lex=0(rare_avg=4.23: globalization(3.46), pressure(5.01))"
1472,#1472 WFD,The local government has adopted a plan for infrastructure development.,1,0,1,1,"lex=0(rare_avg=4.48: infrastructure(4.46), adopted(4.51)) | grammar=perfect(has adopted) | dictation=dense(6)"
1473,#1473 WFD,"This is a compulsory course, so make sure you attend.",1,0,0,0,"lex=0(rare_avg=4.12: compulsory(3.70), attend(4.55))"
1474,#1474 WFD,Students and staff will automatically become members of their library.,1,0,0,1,"lex=0(rare_avg=4.69: automatically(4.52), library(4.86)) | dictation=dense(6)"
1475,#1475 WFD,Please read chapter one of the history textbook.,1,0,0,1,"lex=0(rare_avg=4.21: textbook(3.77), chapter(4.65)) | dictation=dense(6)"
1477,#1477 WFD,Archeologists discover tools and fossils from ancient times.,1,1,0,1,"lex=1(rare_avg=3.02: archeologists(2.49), fossils(3.54)) | dictation=dense(6)"
1478,#1478 WFD,People have been dependent on using phones in their everyday lives.,3,0,2,2,"lex=0(rare_avg=4.37: dependent(4.28), phones(4.45)) | grammar=passive(been dependent); perfect(have been dependent) | dictation=long(11); dense(6)"
1479,#1479 WFD,The teacher required students to attend a ceremony held on the playground during the summer vacation.,2,0,0,2,"lex=0(rare_avg=4.10: playground(3.79), vacation(4.40)) | dictation=long(16); dense(9)"
1480,#1480 WFD,I would like all the engineering students to raise their hands.,2,0,1,1,"lex=0(rare_avg=4.78: raise(4.75), engineering(4.80)) | grammar=modal(would) | dictation=long(11)"
1481,#1481 WFD,Lecture outlines are available on the faculty board and the internal website.,2,1,0,2,"lex=1(rare_avg=3.87: outlines(3.60), lecture(4.14)) | dictation=long(12); dense(7)"
1482,#1482 WFD,The education department has now made these courses obligatory.,1,0,0,0,"lex=0(rare_avg=3.92: obligatory(3.39), courses(4.46))"
1484,#1484 WFD,New materials and techniques are changing the style of modern architecture.,2,0,0,2,"lex=0(rare_avg=4.46: architecture(4.42), techniques(4.51)) | dictation=long(11); dense(7)"
1485,#1485 WFD,Course work gives students the chances to thoroughly explore the subject.,2,0,0,2,"lex=0(rare_avg=4.20: thoroughly(4.09), explore(4.31)) | dictation=long(11); dense(8)"
1486,#1486 WFD,Most of the scientists disagreed to discuss the size and levels of society.,2,0,0,2,"lex=0(rare_avg=4.00: disagreed(3.49), scientists(4.50)) | dictation=long(13); dense(6)"
1487,#1487 WFD,The library contains a wide collection of images and photographs.,1,0,0,1,"lex=0(rare_avg=4.51: photographs(4.34), contains(4.68)) | dictation=dense(6)"
1488,#1488 WFD,Science degrees are now offering different levels of specialization.,1,0,1,1,"lex=0(rare_avg=3.92: specialization(3.29), degrees(4.54)) | grammar=passive(are now offering different) | dictation=dense(6)"
1489,#1489 WFD,Recycling systems are complex but they are becoming simpler.,1,1,0,0,"lex=1(rare_avg=3.79: recycling(3.76), simpler(3.83))"
1490,#1490 WFD,Our cultural values are dependent on the choices we make.,1,0,1,0,"lex=0(rare_avg=4.37: dependent(4.28), choices(4.46)) | grammar=passive(are dependent)"
1491,#1491 WFD,University teachers are required to supervise students' examinations.,2,1,1,1,"lex=1(rare_avg=3.46: supervise(3.32), examinations(3.61)) | grammar=passive(are required) | dictation=dense(6)"
1492,#1492 WFD,Participating in the work placement is beneficial to all students.,1,0,0,0,"lex=0(rare_avg=4.06: placement(4.04), beneficial(4.08))"
1493,#1493 WFD,"In addition to lecture programs, you will be offered tutorials.",1,1,1,0,"lex=1(rare_avg=3.80: tutorials(3.46), lecture(4.14)) | grammar=passive(be offered)"
1495,#1495 WFD,Students with work experience may be successful in job applications.,1,0,1,1,"lex=0(rare_avg=4.79: applications(4.64), successful(4.94)) | grammar=modal(may) | dictation=dense(6)"
1496,#1496 WFD,Our culture influences the choices we make.,1,0,0,0,"lex=0(rare_avg=4.25: influences(4.05), choices(4.46))"
1497,#1497 WFD,The government is focusing on the economic growth of developing countries.,2,0,0,2,"lex=0(rare_avg=4.46: focusing(4.25), developing(4.66)) | dictation=long(11); dense(6)"
1498,#1498 WFD,Annual reports can give important information on company finances.,1,0,0,1,"lex=0(rare_avg=4.40: finances(3.90), reports(4.90)) | dictation=dense(7)"
1499,#1499 WFD,There must be planets in the universe that can support life.,2,0,1,1,"lex=0(rare_avg=4.32: planets(4.05), universe(4.59)) | grammar=modal(must) | dictation=long(11)"
1500,#1500 WFD,It is generally accepted that language is a part of culture.,2,0,1,1,"lex=0(rare_avg=4.81: accepted(4.67), generally(4.95)) | grammar=passive(is generally accepted) | dictation=long(11)"
1501,#1501 WFD,Students are expected to be quiet and polite in the classroom.,2,0,1,1,"lex=0(rare_avg=4.04: polite(3.92), classroom(4.15)) | grammar=passive(are expected) | dictation=long(11)"
1502,#1502 WFD,The professor adapted his lecture to his audience.,1,0,0,0,"lex=0(rare_avg=4.15: lecture(4.14), adapted(4.17))"
1503,#1503 WFD,Meteorology is the detailed study of the Earth's atmosphere.,2,1,1,1,"lex=1(rare_avg=3.84: meteorology(3.22), atmosphere(4.46)) | grammar=passive(is the detailed) | dictation=contraction"
1504,#1504 WFD,There is an agreed consensus that leadership skills can be taught.,2,0,1,1,"lex=0(rare_avg=4.39: consensus(4.10), taught(4.68)) | grammar=passive(is an agreed) | dictation=long(11)"
1507,#1507 WFD,The study of history can help us to learn about ancient lives.,2,0,0,2,"lex=0(rare_avg=4.91: ancient(4.68), lives(5.14)) | dictation=long(12); dense(6)"
1508,#1508 WFD,"When writing an essay, consider different views of the subject.",1,0,0,1,"lex=0(rare_avg=4.53: essay(4.23), views(4.83)) | dictation=dense(6)"
1510,#1510 WFD,The shops in central London keep open late on Thursday evenings.,2,0,0,2,"lex=0(rare_avg=3.98: evenings(3.63), shops(4.34)) | dictation=long(11); dense(6)"
1511,#1511 WFD,The study center in the library has all the latest technologies.,1,0,0,1,"lex=0(rare_avg=4.59: technologies(4.32), library(4.86)) | dictation=long(11)"
1512,#1512 WFD,The new king was crowned at the beginning of June.,1,0,1,0,"lex=0(rare_avg=4.33: crowned(3.65), beginning(5.00)) | grammar=passive(was crowned)"
1513,#1513 WFD,Music students will have great opportunities to work with musical professionals.,2,0,0,2,"lex=0(rare_avg=4.38: professionals(4.24), musical(4.51)) | dictation=long(11); dense(7)"
1514,#1514 WFD,The history of Asia is thoroughly studied in these regions.,1,0,1,0,"lex=0(rare_avg=4.29: thoroughly(4.09), studied(4.49)) | grammar=passive(is thoroughly studied)"
1515,#1515 WFD,The lecture is about the reasons for the financial crisis.,1,0,0,0,"lex=0(rare_avg=4.38: lecture(4.14), crisis(4.62))"
1516,#1516 WFD,There are a lot of competitions for places in the history classes.,1,0,0,1,"lex=0(rare_avg=4.30: competitions(3.83), classes(4.77)) | dictation=long(12)"
1519,#1519 WFD,This course is based on experimentation and practice.,1,0,1,0,"lex=0(rare_avg=4.26: experimentation(3.47), practice(5.06)) | grammar=passive(is based)"
1520,#1520 WFD,Social psychology is a new area of study.,1,0,0,0,"lex=0(rare_avg=4.79: psychology(4.31), study(5.26))"
1521,#1521 WFD,"Before submitting the paper, your thesis must be approved by your tutor.",3,1,2,1,"lex=1(rare_avg=3.62: submitting(3.56), tutor(3.67)) | grammar=modal(must); passive(be approved) | dictation=long(12)"
1522,#1522 WFD,Students in science will have to choose a major between chemistry and biology.,2,0,0,2,"lex=0(rare_avg=4.29: biology(4.22), chemistry(4.35)) | dictation=long(13); dense(6)"
1523,#1523 WFD,There is a widely believed perception that engineering is for boys.,2,0,1,1,"lex=0(rare_avg=4.36: perception(4.18), widely(4.54)) | grammar=passive(is a widely believed) | dictation=long(11)"
1524,#1524 WFD,Storms can be dangerous in some regions.,1,0,0,0,"lex=0(rare_avg=4.24: storms(3.94), regions(4.53))"
1525,#1525 WFD,Legumes and vegetables are major sources of vitamins and minerals.,1,1,0,1,"lex=1(rare_avg=3.22: legumes(2.86), vitamins(3.59)) | dictation=dense(6)"
1526,#1526 WFD,Technology and international trade are the key drivers of the global economy.,2,0,0,2,"lex=0(rare_avg=4.71: drivers(4.56), economy(4.87)) | dictation=long(12); dense(7)"
1527,#1527 WFD,Everyone in the class seemed eager to learn.,1,0,0,0,"lex=0(rare_avg=4.43: eager(4.03), seemed(4.82))"
1528,#1528 WFD,We are looking at introducing new methods that are both practical and engaging.,2,0,0,2,"lex=0(rare_avg=4.14: engaging(4.13), introducing(4.16)) | dictation=long(13); dense(6)"
1529,#1529 WFD,He taught physics to the students at a college ten years ago.,2,0,0,2,"lex=0(rare_avg=4.54: physics(4.39), taught(4.68)) | dictation=long(12); dense(7)"
1530,#1530 WFD,The children's reading club meets every Monday afternoon.,1,0,0,1,"lex=0(rare_avg=4.42: meets(4.36), children's(4.47)) | dictation=contraction"
1531,#1531 WFD,The arrangements are all in place for the concert next month.,1,0,0,1,"lex=0(rare_avg=4.39: arrangements(4.23), concert(4.55)) | dictation=long(11)"
1532,#1532 WFD,The company has adopted a firm policy on shoplifting.,1,1,1,0,"lex=1(rare_avg=3.75: shoplifting(2.98), adopted(4.51)) | grammar=perfect(has adopted)"
1533,#1533 WFD,He was invited to the lecture on American literature at our school.,2,0,1,1,"lex=0(rare_avg=4.33: lecture(4.14), invited(4.53)) | grammar=passive(was invited) | dictation=long(12)"
1534,#1534 WFD,A commercial college teaches things that would be useful in business.,2,0,1,2,"lex=0(rare_avg=4.33: teaches(3.95), useful(4.72)) | grammar=modal(would) | dictation=long(11); dense(6)"
1535,#1535 WFD,At university she developed a special interest in ecology.,1,0,0,0,"lex=0(rare_avg=4.35: ecology(3.74), developed(4.95))"
1536,#1536 WFD,Lack of motivation resulted in his failure of the project.,1,0,0,0,"lex=0(rare_avg=4.29: motivation(4.22), resulted(4.37))"
1537,#1537 WFD,They trust the information received from the girl.,1,0,0,0,"lex=0(rare_avg=5.14: trust(5.13), received(5.16))"
1538,#1538 WFD,The chairman of the committee is expected to be back tomorrow.,2,0,1,1,"lex=0(rare_avg=4.88: chairman(4.80), expected(4.96)) | grammar=passive(is expected) | dictation=long(11)"
1539,#1539 WFD,The doctors are discussing how to cure this patient.,1,0,0,0,"lex=0(rare_avg=4.28: discussing(4.23), cure(4.32))"
1540,#1540 WFD,Every week we have a seminar on modern political theory.,1,0,0,0,"lex=0(rare_avg=4.33: seminar(3.77), theory(4.88))"
1541,#1541 WFD,The government will maintain its strictly neutral policy.,1,0,0,0,"lex=0(rare_avg=4.20: strictly(4.16), neutral(4.24))"
1542,#1542 WFD,A scientist must produce evidence in support of a theory.,1,0,1,0,"lex=0(rare_avg=4.50: scientist(4.21), produce(4.78)) | grammar=modal(must)"
1543,#1543 WFD,She collected a vast body of information on the subject.,1,0,0,0,"lex=0(rare_avg=4.56: vast(4.49), collected(4.63))"
1544,#1544 WFD,Mathematical physics is difficult for the new students.,1,0,0,0,"lex=0(rare_avg=4.21: mathematical(4.04), physics(4.39))"
1545,#1545 WFD,Her statement was a clear expression of her views on this program.,1,0,0,1,"lex=0(rare_avg=4.69: expression(4.55), views(4.83)) | dictation=long(12)"
1546,#1546 WFD,Sociological studies emphasize the importance of the family.,1,1,0,0,"lex=1(rare_avg=3.47: sociological(3.26), emphasize(3.69))"
1547,#1547 WFD,The findings are similar to those reported in previous research.,1,0,0,0,"lex=0(rare_avg=4.69: findings(4.38), reported(5.00))"
1548,#1548 WFD,The online handbook gives details of all courses.,1,0,0,0,"lex=0(rare_avg=4.16: handbook(3.86), courses(4.46))"
1549,#1549 WFD,The university provides free accommodation for its students.,1,0,0,0,"lex=0(rare_avg=4.43: accommodation(4.06), provides(4.80))"
1550,#1550 WFD,The company was sued for breach of copyright.,1,0,0,0,"lex=0(rare_avg=4.01: sued(3.90), breach(4.13))"
1551,#1551 WFD,Many small businesses have gone bankrupt in recent years.,1,0,0,1,"lex=0(rare_avg=4.20: bankrupt(3.73), businesses(4.66)) | dictation=dense(7)"
1552,#1552 WFD,He made an announcement of further cuts in government expenditure.,1,0,0,0,"lex=0(rare_avg=4.03: expenditure(3.74), announcement(4.31))"
1553,#1553 WFD,Fish can take in oxygen when they are underwater.,1,0,0,0,"lex=0(rare_avg=4.08: underwater(3.92), oxygen(4.25))"
1554,#1554 WFD,Every student in this class is capable of passing the exam.,1,0,0,1,"lex=0(rare_avg=4.44: exam(4.26), capable(4.61)) | dictation=long(11)"
1555,#1555 WFD,The communities are demanding equal rights and justice.,1,0,0,0,"lex=0(rare_avg=4.39: demanding(4.13), equal(4.65))"
1556,#1556 WFD,The education system must satisfy the needs of all children.,1,0,1,0,"lex=0(rare_avg=4.63: satisfy(3.98), education(5.28)) | grammar=modal(must)"
1557,#1557 WFD,We have been unsuccessful in finding a new manager.,1,0,1,0,"lex=0(rare_avg=4.29: unsuccessful(3.73), finding(4.85)) | grammar=perfect(have been)"
1558,#1558 WFD,He's the president of a large international organization.,1,0,0,1,"lex=0(rare_avg=5.14: organization(4.92), international(5.36)) | dictation=contraction"
1559,#1559 WFD,The secretary of state is presently considering the proposal.,1,0,0,0,"lex=0(rare_avg=4.09: presently(3.72), proposal(4.47))"
1560,#1560 WFD,The student was puzzled about what to do next.,1,0,1,0,"lex=0(rare_avg=4.15: puzzled(3.28), student(5.02)) | grammar=passive(was puzzled)"
1561,#1561 WFD,The school rewarded him with a prize for excellence in his studies.,1,0,0,1,"lex=0(rare_avg=3.94: rewarded(3.81), excellence(4.07)) | dictation=long(12)"
1562,#1562 WFD,The government has to do more to promote agriculture.,1,0,0,0,"lex=0(rare_avg=4.46: agriculture(4.37), promote(4.56))"
1563,#1563 WFD,University volunteers work together to help students who suffer from hunger.,2,0,1,2,"lex=0(rare_avg=4.20: hunger(4.10), volunteers(4.29)) | grammar=relative(who) | dictation=long(11); dense(8)"
1564,#1564 WFD,He became a poet after dropping out of high school.,1,0,0,0,"lex=0(rare_avg=4.27: poet(4.21), dropping(4.33))"
1565,#1565 WFD,The art course has been canceled due to the new policy.,3,0,2,2,"lex=0(rare_avg=4.54: canceled(3.90), policy(5.17)) | grammar=passive(been canceled); perfect(has been canceled) | dictation=long(11); dense(6)"
1566,#1566 WFD,The history exam tomorrow afternoon concerns him a lot.,1,0,0,1,"lex=0(rare_avg=4.42: exam(4.26), concerns(4.59)) | dictation=dense(6)"
1567,#1567 WFD,Watching television can be very educational for children.,1,0,0,0,"lex=0(rare_avg=4.70: educational(4.60), television(4.79))"
1568,#1568 WFD,The university has decided to introduce new subjects.,1,0,1,0,"lex=0(rare_avg=4.38: introduce(4.37), subjects(4.38)) | grammar=perfect(has decided)"
1569,#1569 WFD,The professor took the students to the chemistry lab.,1,0,0,0,"lex=0(rare_avg=4.38: chemistry(4.35), lab(4.42))"
1570,#1570 WFD,The factory will compensate its workers if they are hurt at work.,1,0,0,1,"lex=0(rare_avg=4.17: compensate(3.78), factory(4.55)) | dictation=long(12)"
1571,#1571 WFD,At last she passed the exam with a friend's help.,1,0,0,1,"lex=0(rare_avg=4.11: friend's(3.95), exam(4.26)) | dictation=contraction"
1572,#1572 WFD,Water will freeze when the temperature is below zero.,1,0,0,0,"lex=0(rare_avg=4.37: freeze(4.11), zero(4.63))"
1573,#1573 WFD,Both runners had pushed themselves to finish the race.,1,0,1,0,"lex=0(rare_avg=4.20: runners(3.97), pushed(4.43)) | grammar=perfect(had pushed)"
1574,#1574 WFD,The party was to celebrate the couple's engagement.,1,1,0,1,"lex=1(rare_avg=3.77: couple's(3.23), engagement(4.31)) | dictation=contraction"
1575,#1575 WFD,The organization has been staffed by unpaid volunteers.,3,1,2,0,"lex=1(rare_avg=3.54: staffed(3.35), unpaid(3.73)) | grammar=passive(been staffed); perfect(has been staffed)"
1576,#1576 WFD,The complicated problem is beyond my comprehension.,1,0,0,0,"lex=0(rare_avg=4.02: comprehension(3.57), complicated(4.47))"
1577,#1577 WFD,Students cannot leave the campus during the break time.,1,0,0,1,"lex=0(rare_avg=4.81: campus(4.51), cannot(5.11)) | dictation=dense(6)"
1578,#1578 WFD,The girl skipped lunch in order to go shopping.,1,0,1,1,"lex=0(rare_avg=4.16: skipped(3.66), lunch(4.66)) | grammar=phrase(in order to) | dictation=dense(6)"
1579,#1579 WFD,He finally chose mathematics instead of physics.,1,0,0,0,"lex=0(rare_avg=4.27: mathematics(4.15), physics(4.39))"
1580,#1580 WFD,Mankind is warned to stop spoiling the environment.,1,1,1,0,"lex=1(rare_avg=3.56: spoiling(3.25), mankind(3.88)) | grammar=passive(is warned)"
1581,#1581 WFD,The company's profits have soared dramatically in recent months.,2,1,1,2,"lex=1(rare_avg=3.50: soared(3.06), dramatically(3.95)) | grammar=perfect(have soared) | dictation=contraction; dense(6)"
1582,#1582 WFD,The students expected their headmaster to participate in the ceremony.,1,1,0,0,"lex=1(rare_avg=3.83: headmaster(3.25), participate(4.42))"
1583,#1583 WFD,Fee is the key factor for university students to choose courses.,2,0,0,2,"lex=0(rare_avg=4.48: courses(4.46), fee(4.51)) | dictation=long(11); dense(7)"
1584,#1584 WFD,You should return books to the library before ending your term.,2,0,1,1,"lex=0(rare_avg=4.77: ending(4.68), library(4.86)) | grammar=modal(should) | dictation=long(11)"
1585,#1585 WFD,It is important to develop good study skills.,1,0,1,0,"lex=0(rare_avg=4.76: develop(4.75), skills(4.77)) | grammar=passive(is important)"
1586,#1586 WFD,The research showed that many doctors were improperly trained.,1,0,1,1,"lex=0(rare_avg=3.95: improperly(3.35), doctors(4.55)) | grammar=passive(were improperly trained) | dictation=dense(6)"
1587,#1587 WFD,His paper focuses on the way that birds communicate with others.,2,0,0,2,"lex=0(rare_avg=4.14: focuses(4.08), communicate(4.20)) | dictation=long(11); dense(6)"
1588,#1588 WFD,The program is an attempt to get a better idea of poverty.,2,0,0,2,"lex=0(rare_avg=4.65: poverty(4.46), attempt(4.85)) | dictation=long(12); dense(6)"
1589,#1589 WFD,He is determined to go abroad to pursue his further study.,2,0,1,1,"lex=0(rare_avg=4.32: pursue(4.26), abroad(4.39)) | grammar=passive(is determined) | dictation=long(11)"
1590,#1590 WFD,The professor set out to analyze the habits of the natives.,2,1,0,1,"lex=1(rare_avg=3.78: natives(3.72), analyze(3.84)) | dictation=long(11)"
1591,#1591 WFD,We aim to help disabled students to live and study independently.,2,0,0,2,"lex=0(rare_avg=4.17: independently(4.06), disabled(4.29)) | dictation=long(11); dense(7)"
1592,#1592 WFD,The report showed improved survival of patients using the drug.,1,0,0,1,"lex=0(rare_avg=4.49: survival(4.37), improved(4.61)) | dictation=dense(7)"
1593,#1593 WFD,Next term we will research how plants grow.,1,0,0,0,"lex=0(rare_avg=4.80: plants(4.71), grow(4.90))"
1594,#1594 WFD,The telegram was delivered early this morning.,1,0,1,0,"lex=0(rare_avg=4.08: telegram(3.55), delivered(4.62)) | grammar=passive(was delivered)"
1595,#1595 WFD,The firm has close ties with an American corporation.,1,0,0,0,"lex=0(rare_avg=4.47: ties(4.35), corporation(4.59))"
1596,#1596 WFD,He wants to study medicine but needs more qualifications.,1,0,0,0,"lex=0(rare_avg=4.30: qualifications(3.88), medicine(4.73))"
1597,#1597 WFD,The application of this new technology was supported by the board.,2,0,1,1,"lex=0(rare_avg=4.77: supported(4.68), application(4.86)) | grammar=passive(was supported) | dictation=long(11)"
1598,#1598 WFD,They walked along the road in the moonlight.,1,0,0,0,"lex=0(rare_avg=4.14: moonlight(3.61), walked(4.67))"
1599,#1599 WFD,There's a new scheme in our town for recycling plastic bottles.,2,0,0,3,"lex=0(rare_avg=3.98: recycling(3.76), bottles(4.19)) | dictation=contraction; long(11); dense(7)"
1600,#1600 WFD,The seeds need to be completely immersed in water.,1,1,1,0,"lex=1(rare_avg=3.85: immersed(3.41), seeds(4.28)) | grammar=passive(be completely immersed)"
1601,#1601 WFD,The tuition fees are charged each year and are payable at enrollment.,2,1,1,2,"lex=1(rare_avg=3.71: payable(3.50), enrollment(3.92)) | grammar=passive(are charged) | dictation=long(12); dense(6)"
1602,#1602 WFD,Heavy drinking can cause permanent damage to the brain.,1,0,0,1,"lex=0(rare_avg=4.64: permanent(4.57), drinking(4.71)) | dictation=dense(6)"
1603,#1603 WFD,Musicians see music as a way to entertain people.,1,0,0,1,"lex=0(rare_avg=3.96: entertain(3.83), musicians(4.09)) | dictation=dense(6)"
1604,#1604 WFD,The once great industry is now in terminal decline.,1,0,0,0,"lex=0(rare_avg=4.36: terminal(4.31), decline(4.40))"
1605,#1605 WFD,She asked them to donate a collection of drawings.,1,0,0,0,"lex=0(rare_avg=4.04: donate(4.04), drawings(4.04))"
1606,#1606 WFD,Physiology is the study of how living things work.,1,0,0,0,"lex=0(rare_avg=4.43: physiology(3.61), study(5.26))"
1607,#1607 WFD,The student support will be upgraded shortly.,1,0,1,0,"lex=0(rare_avg=4.20: upgraded(3.93), shortly(4.47)) | grammar=passive(be upgraded)"
1608,#1608 WFD,We're still waiting for our exam results to come through.,1,0,0,1,"lex=0(rare_avg=4.66: exam(4.26), waiting(5.06)) | dictation=contraction"
1609,#1609 WFD,The children have not yet learned to spell correctly.,1,0,1,0,"lex=0(rare_avg=4.29: correctly(4.21), spell(4.37)) | grammar=perfect(have not yet learned)"
1610,#1610 WFD,The enquiry investigated whether officers had behaved properly.,2,1,1,1,"lex=1(rare_avg=3.86: behaved(3.59), investigated(4.14)) | grammar=perfect(had behaved) | dictation=dense(6)"
1611,#1611 WFD,Writing a history book entails a lot of work.,1,0,0,1,"lex=0(rare_avg=4.22: entails(3.37), writing(5.07)) | dictation=dense(6)"
1612,#1612 WFD,The new trade agreement should facilitate economic growth.,1,0,1,1,"lex=0(rare_avg=4.44: facilitate(3.99), agreement(4.88)) | grammar=modal(should) | dictation=dense(6)"
1613,#1613 WFD,These push buttons can activate the elevator.,1,1,0,0,"lex=1(rare_avg=3.85: activate(3.76), elevator(3.95))"
1614,#1614 WFD,We should help them to understand things when educating children.,1,0,1,0,"lex=0(rare_avg=4.47: educating(3.58), understand(5.37)) | grammar=modal(should)"
1615,#1615 WFD,The cost of training this group of workers will be enormous.,1,0,0,1,"lex=0(rare_avg=4.60: enormous(4.25), workers(4.95)) | dictation=long(11)"
1616,#1616 WFD,The teacher's comment includes recommendations for future study.,2,1,0,2,"lex=1(rare_avg=3.85: teacher's(3.42), recommendations(4.29)) | dictation=contraction; dense(6)"
1617,#1617 WFD,He had failed to prepare adequately for the task.,1,0,1,0,"lex=0(rare_avg=4.09: adequately(3.64), prepare(4.55)) | grammar=perfect(had failed)"
1618,#1618 WFD,The later chapters discuss the effects on the environment.,1,0,0,0,"lex=0(rare_avg=4.38: chapters(4.10), discuss(4.66))"
1619,#1619 WFD,He refused to admit his departure from the government.,1,0,0,0,"lex=0(rare_avg=4.38: departure(4.22), refused(4.54))"
1620,#1620 WFD,The mountain is the boundary between the two countries.,1,0,1,0,"lex=0(rare_avg=4.43: boundary(4.13), mountain(4.73)) | grammar=passive(is the boundary between)"
1621,#1621 WFD,Education is the best way for people to invest in the future.,2,0,0,2,"lex=0(rare_avg=4.80: invest(4.32), education(5.28)) | dictation=long(12); dense(6)"
1622,#1622 WFD,Reading and writing are two completely different skills.,1,0,1,1,"lex=0(rare_avg=4.88: skills(4.77), completely(5.00)) | grammar=passive(are two completely different) | dictation=dense(6)"
1623,#1623 WFD,Modern inventions have greatly facilitated housework.,1,1,1,0,"lex=1(rare_avg=3.28: housework(3.08), facilitated(3.48)) | grammar=perfect(have greatly facilitated)"
1624,#1624 WFD,"Hot beverages include tea, coffee and hot chocolate.",1,0,0,2,"lex=0(rare_avg=4.04: beverages(3.60), chocolate(4.49)) | dictation=list_enum; dense(7)"
1625,#1625 WFD,The weather report advised us to prepare for a big freeze.,2,0,0,2,"lex=0(rare_avg=4.14: freeze(4.11), advised(4.18)) | dictation=long(11); dense(6)"
1626,#1626 WFD,Pupils are encouraged to discuss the book with their classmates.,1,0,1,0,"lex=0(rare_avg=3.91: classmates(3.64), pupils(4.18)) | grammar=passive(are encouraged)"
1627,#1627 WFD,Our factory has a strict rule against smoking.,1,0,0,0,"lex=0(rare_avg=4.38: strict(4.23), smoking(4.52))"
1628,#1628 WFD,The government has accused the media of bias.,1,0,1,0,"lex=0(rare_avg=4.32: bias(4.18), accused(4.46)) | grammar=perfect(has accused)"
1629,#1629 WFD,More people are concerned about social inequality recently.,1,0,1,0,"lex=0(rare_avg=4.33: inequality(3.92), concerned(4.75)) | grammar=passive(are concerned)"
1630,#1630 WFD,She tried to lighten up her speech with a few jokes.,2,1,0,1,"lex=1(rare_avg=3.84: lighten(3.35), jokes(4.33)) | dictation=long(11)"
1631,#1631 WFD,They try to widen the discussion to include environmental issues.,1,0,0,1,"lex=0(rare_avg=3.98: widen(3.25), environmental(4.70)) | dictation=dense(6)"
1632,#1632 WFD,A lack of formal education will limit your job opportunities.,1,0,0,1,"lex=0(rare_avg=4.53: formal(4.45), opportunities(4.61)) | dictation=dense(6)"
1633,#1633 WFD,She gave up her job and started writing poetry.,1,0,0,0,"lex=0(rare_avg=4.74: poetry(4.40), writing(5.07))"
1634,#1634 WFD,The king ordered his people to prepare for the war.,1,0,0,0,"lex=0(rare_avg=4.64: prepare(4.55), ordered(4.74))"
1635,#1635 WFD,There's a meeting to discuss the siting of the new school.,2,1,0,3,"lex=1(rare_avg=3.67: siting(2.68), discuss(4.66)) | dictation=contraction; long(11); dense(6)"
1636,#1636 WFD,Vitamin has been popularly believed to prevent colds.,3,1,2,0,"lex=1(rare_avg=3.08: colds(2.97), popularly(3.18)) | grammar=passive(been popularly believed); perfect(has been popularly believed)"
1637,#1637 WFD,Officers from the education department visit the schools regularly.,1,0,0,1,"lex=0(rare_avg=4.70: regularly(4.52), officers(4.87)) | dictation=dense(6)"
1638,#1638 WFD,We meet once a month to discuss community problems.,1,0,0,0,"lex=0(rare_avg=4.93: discuss(4.66), problems(5.19))"
1639,#1639 WFD,Their most valuable belongings were locked in a safe.,1,0,1,0,"lex=0(rare_avg=4.00: belongings(3.56), locked(4.43)) | grammar=passive(were locked)"
1640,#1640 WFD,Many companies did not manage to survive the recession.,1,0,0,0,"lex=0(rare_avg=4.18: recession(3.85), survive(4.52))"
1641,#1641 WFD,The child has become skillful in reading Italian books.,1,0,0,0,"lex=0(rare_avg=4.13: skillful(3.13), reading(5.14))"
1642,#1642 WFD,We must ensure that education is not used as a political tool.,2,0,1,1,"lex=0(rare_avg=4.63: tool(4.56), ensure(4.70)) | grammar=modal(must) | dictation=long(12)"
1643,#1643 WFD,Her illness compelled her to give up her job.,1,0,0,0,"lex=0(rare_avg=4.07: compelled(3.72), illness(4.41))"
1644,#1644 WFD,We still have to discuss some details about this campaign.,1,0,0,0,"lex=0(rare_avg=4.79: discuss(4.66), details(4.91))"
1645,#1645 WFD,The course is designed to prepare graduates for business careers.,1,0,1,1,"lex=0(rare_avg=4.05: graduates(4.02), careers(4.08)) | grammar=passive(is designed) | dictation=dense(6)"
1646,#1646 WFD,This magazine is running a special feature on science.,1,0,0,0,"lex=0(rare_avg=4.78: magazine(4.74), feature(4.82))"
1647,#1647 WFD,The handbook gives helpful guidance on writing articles.,1,0,0,1,"lex=0(rare_avg=4.09: handbook(3.86), guidance(4.33)) | dictation=dense(6)"
1648,#1648 WFD,The team discussed their tactics during the break.,1,0,0,0,"lex=0(rare_avg=4.31: tactics(4.17), discussed(4.45))"
1649,#1649 WFD,He was exempted from military service for illness.,1,1,1,0,"lex=1(rare_avg=3.75: exempted(3.09), illness(4.41)) | grammar=passive(was exempted)"
1650,#1650 WFD,Students are asked to prepare materials in advance of the seminar.,2,0,1,2,"lex=0(rare_avg=4.16: seminar(3.77), prepare(4.55)) | grammar=passive(are asked) | dictation=long(11); dense(6)"
1651,#1651 WFD,Her assets include shares in the company and a house in France.,1,0,0,1,"lex=0(rare_avg=4.58: assets(4.56), shares(4.60)) | dictation=long(12)"
1652,#1652 WFD,People need basic education if they want to become employable.,1,1,0,1,"lex=1(rare_avg=3.65: employable(2.42), basic(4.89)) | dictation=dense(7)"
1653,#1653 WFD,He's writing a history of the town for a local publisher.,2,0,0,3,"lex=0(rare_avg=4.60: publisher(4.13), writing(5.07)) | dictation=contraction; long(11); dense(6)"
1654,#1654 WFD,Your accountant will tell you how to complete these forms.,1,0,0,0,"lex=0(rare_avg=4.25: accountant(3.76), forms(4.73))"
1655,#1655 WFD,They will hold a conference to discuss the proposal.,1,0,0,0,"lex=0(rare_avg=4.56: proposal(4.47), discuss(4.66))"
1656,#1656 WFD,We were asked to estimate the costs for the scheme.,1,0,1,0,"lex=0(rare_avg=4.43: estimate(4.29), scheme(4.57)) | grammar=passive(were asked)"
1657,#1657 WFD,The committee is meeting to find a solution to this problem.,1,0,0,1,"lex=0(rare_avg=4.92: solution(4.84), committee(5.01)) | dictation=long(11)"
1658,#1658 WFD,Universities should help students to prepare for their future careers.,1,0,1,1,"lex=0(rare_avg=4.22: careers(4.08), universities(4.36)) | grammar=modal(should) | dictation=dense(6)"
1659,#1659 WFD,This sheet includes all payments made in cash within this week.,2,0,0,2,"lex=0(rare_avg=4.44: sheet(4.40), payments(4.48)) | dictation=long(11); dense(7)"
1660,#1660 WFD,Governments have promised to free up more resources for education.,1,0,1,0,"lex=0(rare_avg=4.47: governments(4.45), promised(4.49)) | grammar=perfect(have promised)"
1661,#1661 WFD,He supplements his ordinary income by writing books.,1,0,0,0,"lex=0(rare_avg=4.09: supplements(3.77), ordinary(4.42))"
1662,#1662 WFD,He is always nervous about the final exam.,1,0,0,0,"lex=0(rare_avg=4.34: exam(4.26), nervous(4.42))"
1663,#1663 WFD,Background music can help students concentrate on their studies.,1,0,0,1,"lex=0(rare_avg=4.42: concentrate(4.07), background(4.77)) | dictation=dense(6)"
1664,#1664 WFD,Most penguins live in the southern Atlantic sea.,1,0,0,0,"lex=0(rare_avg=4.25: penguins(3.67), southern(4.84))"
1665,#1665 WFD,Experience would be an advantage for this managerial role.,1,0,1,0,"lex=0(rare_avg=4.17: managerial(3.56), advantage(4.78)) | grammar=modal(would)"
1666,#1666 WFD,The subject is complex and difficult to explain.,1,0,0,0,"lex=0(rare_avg=4.88: complex(4.86), explain(4.89))"
1667,#1667 WFD,Different factors affect the freezing time of water.,1,0,0,1,"lex=0(rare_avg=4.32: freezing(4.05), affect(4.59)) | dictation=dense(6)"
1668,#1668 WFD,He is almost never in his office.,1,0,0,0,"lex=0(rare_avg=5.39: almost(5.39), office(5.40))"
1669,#1669 WFD,Today's lecture is canceled because the lecturer is ill.,2,1,1,2,"lex=1(rare_avg=3.81: lecturer(3.72), canceled(3.90)) | grammar=passive(is canceled) | dictation=contraction; dense(6)"
1670,#1670 WFD,The lecture is intended to promote serious thoughts and discussions.,1,0,1,1,"lex=0(rare_avg=4.21: lecture(4.14), discussions(4.28)) | grammar=passive(is intended) | dictation=dense(6)"
1671,#1671 WFD,The report proposed bilingual education in schools.,1,0,0,0,"lex=0(rare_avg=4.12: bilingual(3.52), proposed(4.71))"
1672,#1672 WFD,The topic must be opened up for general discussion.,3,0,2,0,"lex=0(rare_avg=4.60: topic(4.49), discussion(4.71)) | grammar=modal(must); passive(be opened)"
1673,#1673 WFD,Candidates must have a good knowledge of chemistry.,1,0,1,0,"lex=0(rare_avg=4.46: chemistry(4.35), candidates(4.56)) | grammar=modal(must)"
1674,#1674 WFD,The study of science has enriched all our lives.,1,0,1,0,"lex=0(rare_avg=4.31: enriched(3.50), science(5.12)) | grammar=perfect(has enriched)"
1675,#1675 WFD,Smoking is strictly prohibited in the university.,1,0,1,0,"lex=0(rare_avg=4.08: prohibited(3.99), strictly(4.16)) | grammar=passive(is strictly prohibited)"
1676,#1676 WFD,He was a professor of business law who retired last year.,2,0,1,2,"lex=0(rare_avg=4.67: retired(4.44), professor(4.90)) | grammar=relative(who) | dictation=long(11); dense(6)"
1677,#1677 WFD,He gave a negative answer without any explanation.,1,0,0,0,"lex=0(rare_avg=4.62: explanation(4.44), negative(4.79))"
1678,#1678 WFD,The librarian replaced the books correctly on the shelves.,1,1,0,0,"lex=1(rare_avg=3.67: librarian(3.59), shelves(3.76))"
1679,#1679 WFD,Many people lost their jobs in the great depression.,1,0,0,1,"lex=0(rare_avg=4.77: depression(4.56), jobs(4.98)) | dictation=dense(6)"
1680,#1680 WFD,Earthquakes are extremely difficult for experts to predict.,1,1,0,0,"lex=1(rare_avg=3.85: earthquakes(3.62), predict(4.08))"
1681,#1681 WFD,The exact number of people carrying the virus is unknown.,1,0,1,1,"lex=0(rare_avg=4.46: virus(4.42), exact(4.51)) | grammar=passive(is unknown) | dictation=dense(6)"
1682,#1682 WFD,The students have spent two days in a computer lab.,1,0,1,1,"lex=0(rare_avg=4.70: lab(4.42), computer(4.97)) | grammar=perfect(have spent) | dictation=dense(6)"
1683,#1683 WFD,Some of the children have specific learning difficulties.,1,0,0,0,"lex=0(rare_avg=4.56: difficulties(4.21), learning(4.92))"
1684,#1684 WFD,He made an announcement in a speech on television.,1,0,0,0,"lex=0(rare_avg=4.55: announcement(4.31), television(4.79))"
1685,#1685 WFD,He translated the speech from Spanish into Indian.,1,0,0,0,"lex=0(rare_avg=4.50: translated(4.15), speech(4.85))"
1686,#1686 WFD,Her work is showing some signs of slight improvement.,1,0,0,0,"lex=0(rare_avg=4.36: slight(4.22), improvement(4.49))"
1687,#1687 WFD,Many of these exchanges followed a predictable pattern.,1,1,0,0,"lex=1(rare_avg=3.85: predictable(3.76), exchanges(3.95))"
1688,#1688 WFD,She has managed to obtain a temporary residence permit.,1,0,1,0,"lex=0(rare_avg=4.29: permit(4.22), residence(4.36)) | grammar=perfect(has managed)"
1689,#1689 WFD,The tour included a visit to the science museum.,1,0,0,0,"lex=0(rare_avg=4.85: museum(4.71), tour(4.99))"
1690,#1690 WFD,There will be a prize for the most innovative design.,1,0,0,0,"lex=0(rare_avg=4.34: innovative(4.10), prize(4.59))"
1691,#1691 WFD,The economy of this area depends on the mining industry.,1,0,0,0,"lex=0(rare_avg=4.54: depends(4.53), mining(4.56))"
1692,#1692 WFD,The library was completely rebuilt in the last century.,1,0,0,0,"lex=0(rare_avg=4.24: rebuilt(3.62), library(4.86))"
1693,#1693 WFD,The professor has devised a new method of teaching science.,1,0,1,1,"lex=0(rare_avg=4.15: devised(3.59), teaching(4.72)) | grammar=perfect(has devised) | dictation=dense(6)"
1694,#1694 WFD,There are too many spelling mistakes in this essay.,1,0,0,0,"lex=0(rare_avg=4.12: spelling(4.00), essay(4.23))"
1695,#1695 WFD,She finally settled down in her new house.,1,0,0,0,"lex=0(rare_avg=4.80: settled(4.44), finally(5.17))"
1696,#1696 WFD,The university is a major center for scientific research.,1,0,0,0,"lex=0(rare_avg=4.93: scientific(4.67), center(5.19))"
1697,#1697 WFD,People made a protest about the rise in prices.,1,0,0,0,"lex=0(rare_avg=4.63: protest(4.45), rise(4.81))"
1698,#1698 WFD,The development of this industry will take several years.,1,0,0,0,"lex=0(rare_avg=5.25: industry(5.19), development(5.31))"
1699,#1699 WFD,Those students have saved some money during the gap year.,1,0,1,0,"lex=0(rare_avg=4.57: gap(4.47), saved(4.67)) | grammar=perfect(have saved)"
1700,#1700 WFD,Vaccination doesn't make you completely immune.,1,1,0,1,"lex=1(rare_avg=3.86: vaccination(3.59), immune(4.14)) | dictation=contraction"
1701,#1701 WFD,We need to raise public awareness of the issue.,1,0,0,0,"lex=0(rare_avg=4.60: awareness(4.44), raise(4.75))"
1702,#1702 WFD,Fewer students are choosing science courses nowadays.,1,0,0,1,"lex=0(rare_avg=4.19: nowadays(4.11), choosing(4.26)) | dictation=dense(6)"
1703,#1703 WFD,The professor improvised a poem in the class.,1,1,0,0,"lex=1(rare_avg=3.81: improvised(3.37), poem(4.25))"
1704,#1704 WFD,The final exam will be scheduled in November.,1,0,1,0,"lex=0(rare_avg=4.36: exam(4.26), scheduled(4.45)) | grammar=passive(be scheduled)"
1705,#1705 WFD,Her new book will appear in the shops next month.,1,0,0,1,"lex=0(rare_avg=4.59: shops(4.34), appear(4.85)) | dictation=dense(6)"
1706,#1706 WFD,Air can circulate freely through the tunnels.,1,1,0,0,"lex=1(rare_avg=3.50: circulate(3.17), tunnels(3.82))"
1707,#1707 WFD,Major restoration work on this site will begin in May.,1,0,1,0,"lex=0(rare_avg=4.47: restoration(4.11), begin(4.84)) | grammar=modal(may)"
1708,#1708 WFD,The village obtains all its energy from renewable sources.,1,1,0,0,"lex=1(rare_avg=3.48: obtains(3.04), renewable(3.91))"
1709,#1709 WFD,Education has become a burning issue in this election.,1,0,0,0,"lex=0(rare_avg=4.79: burning(4.50), election(5.08))"
1710,#1710 WFD,She's the chief executive of the country's largest charity.,1,0,0,2,"lex=0(rare_avg=4.31: country's(4.17), charity(4.45)) | dictation=contraction; dense(6)"
1711,#1711 WFD,She rides a bike to go to school every day.,1,0,0,0,"lex=0(rare_avg=4.29: rides(4.06), bike(4.53))"
1712,#1712 WFD,He studied tropical medicine at the university.,1,0,0,0,"lex=0(rare_avg=4.33: tropical(4.18), studied(4.49))"
1713,#1713 WFD,Schools regularly bring children to the museum for history lessons.,1,0,0,1,"lex=0(rare_avg=4.45: lessons(4.38), regularly(4.52)) | dictation=dense(7)"
1714,#1714 WFD,She has direct responsibility for all new trainees.,1,0,0,0,"lex=0(rare_avg=4.01: trainees(3.27), responsibility(4.75))"
1715,#1715 WFD,The teacher tested the children on their homework.,1,0,0,0,"lex=0(rare_avg=4.30: homework(4.13), tested(4.48))"
1716,#1716 WFD,An innovative scheme has been proposed by the students.,3,0,2,0,"lex=0(rare_avg=4.33: innovative(4.10), scheme(4.57)) | grammar=passive(been proposed); perfect(has been proposed)"
1717,#1717 WFD,The issue of population growth has caused public concern.,1,0,1,1,"lex=0(rare_avg=4.77: concern(4.66), caused(4.88)) | grammar=perfect(has caused) | dictation=dense(6)"
1718,#1718 WFD,You must satisfy the qualifications to get a work permit.,1,0,1,0,"lex=0(rare_avg=3.93: qualifications(3.88), satisfy(3.98)) | grammar=modal(must)"
1719,#1719 WFD,He tried to make his speech more entertaining.,1,0,0,0,"lex=0(rare_avg=4.48: entertaining(4.11), speech(4.85))"
1720,#1720 WFD,Computers can be used to facilitate language learning.,1,0,0,0,"lex=0(rare_avg=4.16: facilitate(3.99), computers(4.33))"
1721,#1721 WFD,Science fiction stories often mention robots that can talk.,1,0,0,1,"lex=0(rare_avg=4.21: robots(3.99), fiction(4.44)) | dictation=dense(7)"
1722,#1722 WFD,The trip has been extended to include a few other events.,3,0,2,1,"lex=0(rare_avg=4.77: extended(4.64), trip(4.90)) | grammar=passive(been extended); perfect(has been extended) | dictation=long(11)"
1723,#1723 WFD,Pupils in our schools are taught in a secure environment.,1,0,1,0,"lex=0(rare_avg=4.41: pupils(4.18), secure(4.64)) | grammar=passive(are taught)"
1724,#1724 WFD,We will study the following pictures in the next lecture.,1,0,0,0,"lex=0(rare_avg=4.53: lecture(4.14), pictures(4.92))"
1725,#1725 WFD,The United States is the largest chocolate manufacturing country.,1,0,0,0,"lex=0(rare_avg=4.53: chocolate(4.49), manufacturing(4.56))"
1726,#1726 WFD,Modern art now does better than stocks as an investment.,1,0,0,0,"lex=0(rare_avg=4.56: stocks(4.28), investment(4.84))"
1727,#1727 WFD,The university will cease the colossal renovation of the faintly empty theater.,2,1,0,2,"lex=1(rare_avg=3.20: faintly(3.03), colossal(3.37)) | dictation=long(12); dense(7)"
1728,#1728 WFD,"The police phones are difficult to call, so crime rates are high.",2,0,0,2,"lex=0(rare_avg=4.67: phones(4.45), rates(4.88)) | dictation=long(12); dense(7)"
1729,#1729 WFD,Studying philosophy can help learners think in new ways.,1,0,0,1,"lex=0(rare_avg=3.95: learners(3.48), studying(4.42)) | dictation=dense(7)"
1730,#1730 WFD,He was constantly looking for ways to bring industry and agriculture closer together.,2,0,0,2,"lex=0(rare_avg=4.45: agriculture(4.37), constantly(4.53)) | dictation=long(13); dense(8)"
1731,#1731 WFD,Students must register for shared accommodation.,1,0,1,0,"lex=0(rare_avg=4.32: accommodation(4.06), register(4.59)) | grammar=modal(must)"
1732,#1732 WFD,None of the alternatives are satisfactory.,1,1,0,0,"lex=1(rare_avg=3.80: satisfactory(3.57), alternatives(4.04))"
1733,#1733 WFD,There is a fire exit on each floor of the building.,1,0,0,1,"lex=0(rare_avg=4.64: exit(4.35), floor(4.94)) | dictation=long(11)"
1734,#1734 WFD,Many graduates have already found a decent job by now.,1,0,0,0,"lex=0(rare_avg=4.21: graduates(4.02), decent(4.40))"
1736,#1736 WFD,The doctor told his daughter to take vitamins regularly.,1,0,0,1,"lex=0(rare_avg=4.05: vitamins(3.59), regularly(4.52)) | dictation=dense(6)"
1738,#1738 WFD,They came here in search of new markets for their products.,1,0,0,1,"lex=0(rare_avg=4.79: markets(4.61), search(4.96)) | dictation=long(11)"
1739,#1739 WFD,He failed to attend the lectures yesterday due to sickness.,1,1,0,1,"lex=1(rare_avg=3.90: sickness(3.83), lectures(3.96)) | dictation=dense(6)"
1740,#1740 WFD,You need to seek professional advice on this matter.,1,0,0,0,"lex=0(rare_avg=4.75: seek(4.61), advice(4.88))"
1741,#1741 WFD,These topics have been discussed by different seminar groups.,3,0,2,0,"lex=0(rare_avg=4.02: seminar(3.77), topics(4.27)) | grammar=passive(been discussed by different); perfect(have been discussed)"
1742,#1742 WFD,The tests are designed by scientists to detect the disease early.,2,0,1,2,"lex=0(rare_avg=4.28: detect(4.05), scientists(4.50)) | grammar=passive(are designed) | dictation=long(11); dense(6)"
1743,#1743 WFD,The course mainly focuses on several different aspects of psychology.,1,0,0,1,"lex=0(rare_avg=4.20: focuses(4.08), psychology(4.31)) | dictation=dense(7)"
1744,#1744 WFD,The professor encouraged me to study physical science at university.,1,0,0,1,"lex=0(rare_avg=4.61: encouraged(4.32), professor(4.90)) | dictation=dense(6)"
1745,#1745 WFD,She had raised a very important question at the meeting.,1,0,1,0,"lex=0(rare_avg=5.00: raised(4.84), meeting(5.15)) | grammar=perfect(had raised)"
1746,#1746 WFD,Now we can safely draw some conclusions from our discussion.,1,0,0,0,"lex=0(rare_avg=4.11: conclusions(4.00), safely(4.22))"
1747,#1747 WFD,The students will be asked to take notes for each lecture.,2,0,1,1,"lex=0(rare_avg=4.49: lecture(4.14), notes(4.84)) | grammar=passive(be asked) | dictation=long(11)"
1748,#1748 WFD,Most schools have a wide selection of these books in their libraries.,1,0,0,1,"lex=0(rare_avg=4.38: libraries(4.14), selection(4.62)) | dictation=long(12)"
1749,#1749 WFD,The university plans to build more libraries and more meeting rooms.,2,0,0,2,"lex=0(rare_avg=4.35: libraries(4.14), rooms(4.56)) | dictation=long(11); dense(6)"
1750,#1750 WFD,They finally reached the same conclusion from different starting points.,1,0,0,1,"lex=0(rare_avg=4.62: conclusion(4.40), reached(4.85)) | dictation=dense(6)"
1751,#1751 WFD,We have developed a new technique to detect errors in the manufacturing process.,2,0,1,2,"lex=0(rare_avg=4.15: detect(4.05), errors(4.25)) | grammar=perfect(have developed) | dictation=long(13); dense(7)"
1753,#1753 WFD,This course provides valuable information for work experience.,1,0,0,1,"lex=0(rare_avg=4.65: valuable(4.51), provides(4.80)) | dictation=dense(6)"
1762,#1762 WFD,This year has witnessed the retirement of several senior professors.,1,0,1,1,"lex=0(rare_avg=3.98: professors(3.92), witnessed(4.04)) | grammar=perfect(has witnessed the retirement) | dictation=dense(6)"
1764,#1764 WFD,The cost of transport is a major expense for the industry.,1,0,0,1,"lex=0(rare_avg=4.46: expense(4.23), transport(4.68)) | dictation=long(11)"
1765,#1765 WFD,Application forms for sharing accommodations must be completed two months in advance.,3,0,2,2,"lex=0(rare_avg=4.07: accommodations(3.48), advance(4.65)) | grammar=modal(must); passive(be completed) | dictation=long(12); dense(8)"
1766,#1766 WFD,Good teamwork enables us to get the job done on time.,2,1,0,2,"lex=1(rare_avg=3.71: teamwork(3.48), enables(3.94)) | dictation=long(11); dense(7)"
1767,#1767 WFD,Student assistants will support new students with their study and accommodation.,2,1,0,2,"lex=1(rare_avg=3.87: assistants(3.68), accommodation(4.06)) | dictation=long(11); dense(7)"
1768,#1768 WFD,She is never absent from school without a reasonable cause.,1,0,1,0,"lex=0(rare_avg=4.29: absent(3.98), reasonable(4.59)) | grammar=passive(is never absent)"
1769,#1769 WFD,You can never go to college if you drop out of high school.,1,0,0,1,"lex=0(rare_avg=5.13: drop(4.99), college(5.27)) | dictation=long(13)"
1770,#1770 WFD,The weekly seminar is based on an analysis of the African cultures.,2,0,1,1,"lex=0(rare_avg=3.99: seminar(3.77), cultures(4.20)) | grammar=passive(is based) | dictation=long(12)"
1771,#1771 WFD,He failed to pass the exam because of his carelessness.,1,1,0,0,"lex=1(rare_avg=3.54: carelessness(2.83), exam(4.26))"
1774,#1774 WFD,Students are required to participate in the mathematics lecture next Friday.,2,0,1,2,"lex=0(rare_avg=4.14: lecture(4.14), mathematics(4.15)) | grammar=passive(are required) | dictation=long(11); dense(6)"
1775,#1775 WFD,Studying can be more effective if one changes their environment while studying.,2,0,0,2,"lex=0(rare_avg=4.42: studying(4.42), studying(4.42)) | dictation=long(12); dense(7)"
1776,#1776 WFD,The teacher hasn't done much preparation for the class.,1,0,0,2,"lex=0(rare_avg=4.52: preparation(4.32), hasn't(4.71)) | dictation=contraction; dense(6)"
1777,#1777 WFD,We haven't fixed a date for the final meeting yet.,1,0,0,1,"lex=0(rare_avg=4.91: fixed(4.70), haven't(5.11)) | dictation=contraction"
1778,#1778 WFD,The intern intends to leave the firm next Saturday.,1,1,0,0,"lex=1(rare_avg=3.68: intern(3.67), intends(3.69))"
1779,#1779 WFD,A formal ceremony has been scheduled to take place in May.,3,0,3,1,"lex=0(rare_avg=4.44: ceremony(4.42), formal(4.45)) | grammar=modal(may); passive(been scheduled); perfect(has been scheduled) | dictation=long(11)"
1780,#1780 WFD,The new law will come into operation by midnight tomorrow.,1,0,0,1,"lex=0(rare_avg=4.62: midnight(4.31), operation(4.92)) | dictation=dense(6)"
1781,#1781 WFD,The purpose of the project was to raise money for medical supplies.,2,0,0,2,"lex=0(rare_avg=4.62: supplies(4.48), raise(4.75)) | dictation=long(12); dense(6)"
1782,#1782 WFD,The team declared to have made a great scientific discovery.,1,0,0,1,"lex=0(rare_avg=4.50: discovery(4.45), declared(4.55)) | dictation=dense(6)"
1783,#1783 WFD,The report stressed that students need to improve their reading abilities.,2,0,0,2,"lex=0(rare_avg=4.20: stressed(4.18), abilities(4.21)) | dictation=long(11); dense(7)"
1784,#1784 WFD,We have found further scientific evidence for this geology theory.,1,0,0,0,"lex=0(rare_avg=4.21: geology(3.76), scientific(4.67))"
1785,#1785 WFD,The date of publication should be included in the reference.,3,0,2,0,"lex=0(rare_avg=4.60: publication(4.45), reference(4.74)) | grammar=modal(should); passive(be included)"
1787,#1787 WFD,The assignment submission has been extended by weeks.,3,0,2,0,"lex=0(rare_avg=4.12: submission(4.07), assignment(4.18)) | grammar=passive(been extended); perfect(has been extended)"
1788,#1788 WFD,Most students need to be prepared for exams.,1,0,1,0,"lex=0(rare_avg=4.37: exams(4.00), prepared(4.74)) | grammar=passive(be prepared)"
1789,#1789 WFD,Lives cannot be scientifically explained by theories.,1,1,1,0,"lex=1(rare_avg=3.83: scientifically(3.45), theories(4.22)) | grammar=passive(be scientifically explained)"
1791,#1791 WFD,The database could be used as a teaching resource in universities.,2,0,1,1,"lex=0(rare_avg=4.33: database(4.31), universities(4.36)) | grammar=modal(could) | dictation=long(11)"
1792,#1792 WFD,The new teaching method has been widely advocated by teachers.,3,0,2,1,"lex=0(rare_avg=4.07: advocated(3.60), widely(4.54)) | grammar=passive(been widely advocated); perfect(has been widely advocated) | dictation=dense(6)"
1793,#1793 WFD,The library's searching system hasn't been updated since last year.,2,1,1,2,"lex=1(rare_avg=3.65: library's(2.93), searching(4.36)) | grammar=passive(been updated) | dictation=contraction; dense(8)"
1794,#1794 WFD,Students must submit a thesis on this subject by next week.,2,0,1,2,"lex=0(rare_avg=4.17: thesis(4.05), submit(4.28)) | grammar=modal(must) | dictation=long(11); dense(6)"
1795,#1795 WFD,We waited for the exam result with a sense of anxiety.,1,0,0,1,"lex=0(rare_avg=4.26: waited(4.26), exam(4.26)) | dictation=long(11)"
1796,#1796 WFD,The professor took the students to the new chemistry lab.,1,0,0,1,"lex=0(rare_avg=4.38: chemistry(4.35), lab(4.42)) | dictation=dense(6)"
1798,#1798 WFD,It's getting more and more difficult to recruit experienced staff.,1,0,0,2,"lex=0(rare_avg=4.26: recruit(3.89), experienced(4.63)) | dictation=contraction; dense(6)"
1799,#1799 WFD,She's searching for a subject matter for her new book.,1,0,0,2,"lex=0(rare_avg=4.66: searching(4.36), subject(4.96)) | dictation=contraction; dense(6)"
1800,#1800 WFD,It is hard to find a job without advanced skills.,1,0,0,1,"lex=0(rare_avg=4.74: advanced(4.71), skills(4.77)) | dictation=dense(6)"
1801,#1801 WFD,The new product aims to improve children's communication skills.,1,0,0,2,"lex=0(rare_avg=4.34: aims(4.21), children's(4.47)) | dictation=contraction; dense(7)"
1802,#1802 WFD,Several fields are now underwater after the heavy rain.,1,0,0,0,"lex=0(rare_avg=4.26: underwater(3.92), fields(4.60))"
1803,#1803 WFD,The school has received a grant to renovate its buildings.,1,1,1,0,"lex=1(rare_avg=3.86: renovate(3.05), grant(4.67)) | grammar=perfect(has received a grant)"
1804,#1804 WFD,The theme park is very popular among local people and tourists.,2,0,0,2,"lex=0(rare_avg=4.34: tourists(4.06), theme(4.62)) | dictation=long(11); dense(7)"
1805,#1805 WFD,The facility is used to record the progress of each experiment.,1,0,0,1,"lex=0(rare_avg=4.49: experiment(4.38), facility(4.60)) | dictation=long(11)"
1806,#1806 WFD,The final essay is due at the end of this semester.,1,0,0,1,"lex=0(rare_avg=4.13: semester(4.03), essay(4.23)) | dictation=long(11)"
1807,#1807 WFD,The university's campaign to hire more teachers has been a success.,2,0,1,2,"lex=0(rare_avg=4.09: university's(3.78), hire(4.40)) | grammar=perfect(has been) | dictation=contraction; long(11)"
1808,#1808 WFD,Our teachers use the computer lab to show us the math models.,2,0,0,2,"lex=0(rare_avg=4.44: lab(4.42), math(4.45)) | dictation=long(12); dense(7)"
1809,#1809 WFD,This thesis analyzed the structures and features of modern society.,1,0,0,1,"lex=0(rare_avg=3.97: analyzed(3.90), thesis(4.05)) | dictation=dense(6)"
1810,#1810 WFD,You can borrow eight books from the library at a time.,1,0,0,1,"lex=0(rare_avg=4.43: borrow(4.00), library(4.86)) | dictation=long(11)"
1811,#1811 WFD,The topic next week on colonialism will be nuclear disarmament.,2,1,1,1,"lex=1(rare_avg=3.25: disarmament(3.17), colonialism(3.33)) | grammar=passive(be nuclear disarmament) | dictation=dense(6)"
1812,#1812 WFD,The rising temperature has led to lower agricultural output.,1,0,1,1,"lex=0(rare_avg=4.38: agricultural(4.34), output(4.43)) | grammar=perfect(has led) | dictation=dense(6)"
1813,#1813 WFD,Understanding ancient poetry is efficient for the project.,1,0,1,0,"lex=0(rare_avg=4.41: poetry(4.40), efficient(4.42)) | grammar=passive(is efficient)"
1814,#1814 WFD,It is not always possible to find patterns in data.,1,0,0,0,"lex=0(rare_avg=4.88: patterns(4.41), data(5.34))"
1815,#1815 WFD,Scientists use new technologies in labs.,1,0,0,0,"lex=0(rare_avg=4.07: labs(3.82), technologies(4.32))"
1817,#1817 WFD,The government will continue to offer financial aid to students.,1,0,0,1,"lex=0(rare_avg=4.90: aid(4.75), offer(5.05)) | dictation=dense(6)"
1818,#1818 WFD,Thousands of students are leaving college because of mental health issues.,2,0,0,2,"lex=0(rare_avg=4.80: thousands(4.77), mental(4.83)) | dictation=long(11); dense(8)"
1819,#1819 WFD,Many universities have successfully developed online courses over the last year.,2,0,1,2,"lex=0(rare_avg=4.41: universities(4.36), successfully(4.45)) | grammar=perfect(have successfully developed) | dictation=long(11); dense(8)"
1820,#1820 WFD,We have been seeking to protect the quality of teaching and learning.,2,0,1,1,"lex=0(rare_avg=4.65: seeking(4.58), teaching(4.72)) | grammar=perfect(have been) | dictation=long(12)"
1822,#1822 WFD,Classrooms make teachers connect with students in a more efficient way.,2,0,0,2,"lex=0(rare_avg=4.03: classrooms(3.67), connect(4.38)) | dictation=long(11); dense(7)"
1823,#1823 WFD,The music has distracted most of these students from their studies.,2,0,1,1,"lex=0(rare_avg=4.43: distracted(3.88), studies(4.98)) | grammar=perfect(has distracted) | dictation=long(11)"
1824,#1824 WFD,The studies have been carried out on children who are overweight.,3,0,3,1,"lex=0(rare_avg=4.25: overweight(3.74), carried(4.77)) | grammar=passive(been carried); perfect(have been carried); relative(who) | dictation=long(11)"
1825,#1825 WFD,Children in this village enjoy free education and medical care.,1,0,0,1,"lex=0(rare_avg=4.96: village(4.82), enjoy(5.09)) | dictation=dense(7)"
1826,#1826 WFD,Some students would choose to travel overseas during their gap year.,2,0,1,2,"lex=0(rare_avg=4.38: overseas(4.29), gap(4.47)) | grammar=modal(would) | dictation=long(11); dense(6)"
1827,#1827 WFD,Academic dishonesty is regarded as a serious offense in universities.,2,1,1,1,"lex=1(rare_avg=3.71: dishonesty(3.17), offense(4.26)) | grammar=passive(is regarded) | dictation=dense(6)"
1828,#1828 WFD,The challenges our health care sector faces are bigger than ever.,2,0,0,2,"lex=0(rare_avg=4.54: challenges(4.49), faces(4.59)) | dictation=long(11); dense(7)"
1829,#1829 WFD,You need to work harder to pass the final test.,1,0,0,1,"lex=0(rare_avg=4.81: harder(4.57), pass(5.05)) | dictation=dense(6)"
1830,#1830 WFD,Students have to study the biology science as an extended major.,2,0,0,2,"lex=0(rare_avg=4.43: biology(4.22), extended(4.64)) | dictation=long(11); dense(6)"
1831,#1831 WFD,Over the years the university has acquired an international reputation for excellence.,2,0,1,2,"lex=0(rare_avg=4.24: excellence(4.07), acquired(4.40)) | grammar=perfect(has acquired) | dictation=long(12); dense(6)"
1833,#1833 WFD,The police officer wrote the details down in his notebook.,1,0,0,0,"lex=0(rare_avg=4.33: notebook(3.74), details(4.91))"
1834,#1834 WFD,He has a wide knowledge of painting and music.,1,0,0,0,"lex=0(rare_avg=4.78: painting(4.60), wide(4.96))"
1835,#1835 WFD,The company has refused her demand for a pay raise.,1,0,1,0,"lex=0(rare_avg=4.64: refused(4.54), raise(4.75)) | grammar=perfect(has refused)"
1836,#1836 WFD,She managed to get another ticket for the concert for her friend.,2,0,0,2,"lex=0(rare_avg=4.58: concert(4.55), ticket(4.61)) | dictation=long(12); dense(6)"
1837,#1837 WFD,The university now faces a series of the challenges of finance.,1,0,0,1,"lex=0(rare_avg=4.54: challenges(4.49), faces(4.59)) | dictation=long(11)"
1838,#1838 WFD,The volunteers have brought lots of books for the children.,1,0,1,0,"lex=0(rare_avg=4.58: volunteers(4.29), lots(4.88)) | grammar=perfect(have brought)"
1841,#1841 WFD,Overseas students are currently facing difficulties going back to university.,1,0,0,1,"lex=0(rare_avg=4.25: difficulties(4.21), overseas(4.29)) | dictation=dense(8)"
1842,#1842 WFD,Students were asked to share their thoughts about this article.,1,0,1,0,"lex=0(rare_avg=4.92: thoughts(4.75), article(5.09)) | grammar=passive(were asked)"
1843,#1843 WFD,These young students are grouped by the teachers according to their ages.,2,0,1,2,"lex=0(rare_avg=4.03: grouped(3.52), ages(4.53)) | grammar=passive(are grouped) | dictation=long(12); dense(6)"
1844,#1844 WFD,"As a student, she had a reputation for being late.",1,0,0,0,"lex=0(rare_avg=4.74: reputation(4.47), student(5.02))"
1845,#1845 WFD,"If we don't sell more, we have to cut back production.",1,0,0,2,"lex=0(rare_avg=5.06: sell(4.98), production(5.14)) | dictation=contraction; long(11)"
1846,#1846 WFD,The manager told us to finish the job within this week.,2,0,0,2,"lex=0(rare_avg=4.94: finish(4.91), manager(4.97)) | dictation=long(11); dense(6)"
1847,#1847 WFD,Universities across the United Kingdom welcome a range of students.,1,0,0,0,"lex=0(rare_avg=4.68: universities(4.36), welcome(4.99))"
1848,#1848 WFD,Students must present a valid identification to enroll in this course.,2,1,1,2,"lex=1(rare_avg=3.81: enroll(3.45), identification(4.18)) | grammar=modal(must) | dictation=long(11); dense(6)"
1849,#1849 WFD,Computer science is taught by an honorable professor at this university.,2,0,1,2,"lex=0(rare_avg=4.25: honorable(3.81), taught(4.68)) | grammar=passive(is taught) | dictation=long(11); dense(6)"
1850,#1850 WFD,It is very common for college students to live on campus.,1,0,0,1,"lex=0(rare_avg=4.86: campus(4.51), common(5.20)) | dictation=long(11)"
1851,#1851 WFD,These workbooks are available at many bookstores near our school.,2,2,0,1,"lex=2(rare_avg=2.66: workbooks(2.29), bookstores(3.03)) | dictation=dense(6)"
1852,#1852 WFD,Scientists used an analytical method to solve this issue.,1,0,0,1,"lex=0(rare_avg=4.08: analytical(3.73), solve(4.42)) | dictation=dense(6)"
1853,#1853 WFD,They joined us to spend the rest of the school holiday.,1,0,0,1,"lex=0(rare_avg=4.70: holiday(4.66), joined(4.73)) | dictation=long(11)"
1854,#1854 WFD,This research team has been suffering from a lack of funds.,2,0,1,1,"lex=0(rare_avg=4.63: suffering(4.53), funds(4.74)) | grammar=perfect(has been) | dictation=long(11)"
1855,#1855 WFD,These projects will provide vital links between companies and universities.,1,0,0,1,"lex=0(rare_avg=4.37: universities(4.36), vital(4.38)) | dictation=dense(6)"
1856,#1856 WFD,Some of the farmland has been devastated by floods and droughts.,3,1,2,1,"lex=1(rare_avg=3.17: droughts(2.99), farmland(3.35)) | grammar=passive(been devastated); perfect(has been devastated) | dictation=long(11)"
1857,#1857 WFD,This job is very challenging and demanding for new graduates.,1,0,0,0,"lex=0(rare_avg=4.07: graduates(4.02), demanding(4.13))"
1858,#1858 WFD,Sleep is believed to play a critical role in storing memories.,2,0,1,2,"lex=0(rare_avg=4.04: storing(3.57), memories(4.50)) | grammar=passive(is believed) | dictation=long(11); dense(7)"
1859,#1859 WFD,Please cite several sources in your work.,1,0,0,0,"lex=0(rare_avg=4.25: cite(3.67), sources(4.84))"
1861,#1861 WFD,The student service center is located on the main campus behind the library.,2,0,1,2,"lex=0(rare_avg=4.69: campus(4.51), located(4.86)) | grammar=passive(is located) | dictation=long(13); dense(8)"
1880,#1880 WFD,The guidelines are due to be updated shortly.,1,0,1,0,"lex=0(rare_avg=4.36: guidelines(4.25), shortly(4.47)) | grammar=passive(be updated)"
1881,#1881 WFD,"In the computer science degree, there is a new module in artificial intelligence.",2,0,0,2,"lex=0(rare_avg=4.07: module(3.89), artificial(4.24)) | dictation=long(13); dense(7)"
1882,#1882 WFD,Half of middle school students have received special education services.,1,0,1,1,"lex=0(rare_avg=5.17: received(5.16), middle(5.18)) | grammar=perfect(have received) | dictation=dense(8)"
1883,#1883 WFD,The instructor started with his lecture notes to show his ideas.,2,0,0,2,"lex=0(rare_avg=4.08: instructor(4.02), lecture(4.14)) | dictation=long(11); dense(6)"
1884,#1884 WFD,This book mainly introduces the history of physics and astronomy.,1,1,0,1,"lex=1(rare_avg=3.71: astronomy(3.63), introduces(3.80)) | dictation=dense(6)"
1885,#1885 WFD,The council has rejected his proposal to build more office accommodation.,2,0,1,2,"lex=0(rare_avg=4.21: accommodation(4.06), rejected(4.37)) | grammar=perfect(has rejected) | dictation=long(11); dense(6)"
1886,#1886 WFD,The professor of computer science is giving a lecture to students.,2,0,0,2,"lex=0(rare_avg=4.52: lecture(4.14), professor(4.90)) | dictation=long(11); dense(6)"
1887,#1887 WFD,Some teachers prefer to talk with students in the hallway.,1,0,0,0,"lex=0(rare_avg=4.15: hallway(3.72), prefer(4.57))"
1888,#1888 WFD,This occupation requires a good demand of Spanish and French.,1,0,0,0,"lex=0(rare_avg=4.44: occupation(4.20), requires(4.67))"
1889,#1889 WFD,These graduate students have been advised to seek other mentors.,3,1,2,0,"lex=1(rare_avg=3.73: mentors(3.29), advised(4.18)) | grammar=passive(been advised); perfect(have been advised)"
1890,#1890 WFD,Our students have attended the summer camp hosted by the university.,2,0,1,2,"lex=0(rare_avg=4.36: hosted(4.25), attended(4.47)) | grammar=perfect(have attended) | dictation=long(11); dense(6)"
1891,#1891 WFD,He went to his office more frequently during the school year.,1,0,0,1,"lex=0(rare_avg=4.98: frequently(4.56), office(5.40)) | dictation=long(11)"
1892,#1892 WFD,The curriculum of the school does not include any sports activities.,1,0,0,1,"lex=0(rare_avg=4.52: curriculum(4.12), activities(4.91)) | dictation=long(11)"
1893,#1893 WFD,This physics lab is closed because of some technical issues.,1,0,1,1,"lex=0(rare_avg=4.40: physics(4.39), lab(4.42)) | grammar=passive(is closed) | dictation=dense(6)"
1894,#1894 WFD,Our professor is now on leave after a busy semester.,1,0,0,0,"lex=0(rare_avg=4.39: semester(4.03), busy(4.75))"
1895,#1895 WFD,This book offers many teachers a new way to encourage students.,2,0,0,2,"lex=0(rare_avg=4.60: encourage(4.45), offers(4.74)) | dictation=long(11); dense(8)"
1896,#1896 WFD,Children need to be educated on the danger of taking drugs.,2,0,1,2,"lex=0(rare_avg=4.44: educated(4.29), danger(4.59)) | grammar=passive(be educated) | dictation=long(11); dense(6)"
1897,#1897 WFD,The school has made a promotional video to attract new students.,2,0,0,2,"lex=0(rare_avg=4.04: promotional(3.87), attract(4.20)) | dictation=long(11); dense(7)"
1898,#1898 WFD,"We need more money to build roads, hospitals and schools.",1,0,0,2,"lex=0(rare_avg=4.44: hospitals(4.33), roads(4.55)) | dictation=list_enum; dense(6)"
1899,#1899 WFD,The university is highly rated for its research accuracy and ability.,2,0,1,2,"lex=0(rare_avg=4.27: accuracy(4.24), rated(4.30)) | grammar=passive(is highly rated) | dictation=long(11); dense(6)"
1900,#1900 WFD,They have been asked to move out of their rented studio.,3,0,2,1,"lex=0(rare_avg=4.27: rented(3.88), studio(4.66)) | grammar=passive(been asked); perfect(have been asked) | dictation=long(11)"
1901,#1901 WFD,The management of many new colleges was less than satisfactory.,1,0,0,1,"lex=0(rare_avg=3.91: satisfactory(3.57), colleges(4.25)) | dictation=dense(6)"
1902,#1902 WFD,The campaign is intended to educate the public to respect the environment.,2,0,1,2,"lex=0(rare_avg=4.31: educate(3.92), intended(4.70)) | grammar=passive(is intended) | dictation=long(12); dense(6)"
1903,#1903 WFD,Last summer we rented out our house and went camping.,1,0,0,1,"lex=0(rare_avg=3.94: rented(3.88), camping(4.00)) | dictation=dense(6)"
1904,#1904 WFD,The center that has just been built will serve our community.,3,0,2,1,"lex=0(rare_avg=4.96: serve(4.85), built(5.07)) | grammar=passive(been built); perfect(has just been built) | dictation=long(11)"
1905,#1905 WFD,My time spent in the library has been very productive.,1,0,1,0,"lex=0(rare_avg=4.54: productive(4.22), library(4.86)) | grammar=perfect(has been)"
1906,#1906 WFD,We interviewed each individual member of this special community.,1,0,0,0,"lex=0(rare_avg=4.50: interviewed(4.00), individual(5.00))"
1907,#1907 WFD,Journalists need to work with a range of technologies.,1,0,0,0,"lex=0(rare_avg=4.30: journalists(4.29), technologies(4.32))"
1908,#1908 WFD,The instant availability of information has radically changed people's lives.,2,1,1,2,"lex=1(rare_avg=3.83: radically(3.54), availability(4.13)) | grammar=perfect(has radically changed) | dictation=contraction; dense(7)"
1909,#1909 WFD,Both scientists are arguing over the result of this experiment.,1,0,0,0,"lex=0(rare_avg=4.31: arguing(4.25), experiment(4.38))"
1910,#1910 WFD,Resources and information of the local community are no longer available.,2,0,0,2,"lex=0(rare_avg=5.04: resources(4.91), longer(5.16)) | dictation=long(11); dense(6)"
1911,#1911 WFD,More and more women are now engaging in educational careers.,1,0,0,0,"lex=0(rare_avg=4.11: careers(4.08), engaging(4.13))"
1912,#1912 WFD,Only a few students do not prefer working with other peers.,1,0,0,1,"lex=0(rare_avg=4.29: peers(4.02), prefer(4.57)) | dictation=long(11)"
1913,#1913 WFD,We have discussed this issue for a day without any solution.,2,0,1,1,"lex=0(rare_avg=4.64: discussed(4.45), solution(4.84)) | grammar=perfect(have discussed) | dictation=long(11)"
1914,#1914 WFD,She has been assigned to a new project in Spain.,3,0,2,0,"lex=0(rare_avg=4.80: assigned(4.39), project(5.22)) | grammar=passive(been assigned); perfect(has been assigned)"
1915,#1915 WFD,He used to give lectures on American literature at a university.,1,0,0,1,"lex=0(rare_avg=4.29: lectures(3.96), literature(4.62)) | dictation=long(11)"
1916,#1916 WFD,Students were asked to hand in their essays within a week.,2,0,1,2,"lex=0(rare_avg=4.67: essays(4.08), students(5.25)) | grammar=passive(were asked) | dictation=long(11); dense(6)"
1917,#1917 WFD,There had been many female artists in early modern France.,1,0,1,0,"lex=0(rare_avg=4.83: artists(4.67), female(5.00)) | grammar=perfect(had been)"
1918,#1918 WFD,Few students have received financial support from the local government.,1,0,1,1,"lex=0(rare_avg=5.12: financial(5.08), received(5.16)) | grammar=perfect(have received) | dictation=dense(6)"
1919,#1919 WFD,The failure of the company was a result of bad management.,2,0,1,1,"lex=0(rare_avg=4.92: failure(4.72), management(5.13)) | grammar=phrase(as a result) | dictation=long(11)"
1920,#1920 WFD,She won a scholarship to study at a famous university.,1,0,0,0,"lex=0(rare_avg=4.50: scholarship(4.15), famous(4.84))"
1921,#1921 WFD,Each study centre would provide information on technology and training.,1,0,1,1,"lex=0(rare_avg=5.12: technology(5.09), provide(5.15)) | grammar=modal(would) | dictation=dense(6)"
1922,#1922 WFD,We have applied special devices in the study of local history.,2,0,1,2,"lex=0(rare_avg=4.63: devices(4.59), applied(4.67)) | grammar=perfect(have applied) | dictation=long(11); dense(6)"
1923,#1923 WFD,A transport plane is carrying food and medical supplies for people.,2,0,0,2,"lex=0(rare_avg=4.54: supplies(4.48), carrying(4.61)) | dictation=long(11); dense(7)"
1924,#1924 WFD,Earlier reports suggested that a meeting would take place on Sunday.,2,0,1,2,"lex=0(rare_avg=4.79: suggested(4.68), reports(4.90)) | grammar=modal(would) | dictation=long(11); dense(6)"
1925,#1925 WFD,You must be able to speak French for this job.,1,0,1,0,"lex=0(rare_avg=5.23: speak(5.03), able(5.43)) | grammar=modal(must)"
1926,#1926 WFD,Graduates have to fight for jobs in the highly competitive market.,2,0,0,2,"lex=0(rare_avg=4.29: graduates(4.02), competitive(4.57)) | dictation=long(11); dense(6)"
1927,#1927 WFD,This lecture will be of special interest to history students.,1,0,0,0,"lex=0(rare_avg=4.65: lecture(4.14), interest(5.17))"
1928,#1928 WFD,He and his wife run their own gift shop in the town.,1,0,0,1,"lex=0(rare_avg=4.83: gift(4.78), shop(4.88)) | dictation=long(12)"
1929,#1929 WFD,Several major companies and organizations are supporting this project.,1,0,0,1,"lex=0(rare_avg=4.69: organizations(4.67), supporting(4.71)) | dictation=dense(6)"
1930,#1930 WFD,They have come up with a new method of solving the problem.,1,0,0,1,"lex=0(rare_avg=4.39: solving(3.99), method(4.80)) | dictation=long(12)"
1931,#1931 WFD,The new rules will become effective in the next few days.,2,0,0,2,"lex=0(rare_avg=4.97: effective(4.89), rules(5.06)) | dictation=long(11); dense(6)"
1932,#1932 WFD,His lectures tend to range over a number of topics.,1,0,0,0,"lex=0(rare_avg=4.12: lectures(3.96), topics(4.27))"
1933,#1933 WFD,You need to be able to concentrate when working or studying.,1,0,0,1,"lex=0(rare_avg=4.25: concentrate(4.07), studying(4.42)) | dictation=long(11)"
1934,#1934 WFD,The postgraduate education depends entirely on private funding.,1,0,0,1,"lex=0(rare_avg=3.91: postgraduate(3.28), depends(4.53)) | dictation=dense(6)"
1935,#1935 WFD,Remember to bring calculators to class next week.,1,0,0,1,"lex=0(rare_avg=4.12: calculators(2.98), bring(5.27)) | dictation=dense(6)"
1936,#1936 WFD,During that time people had large families as insurance against the loss of some children.,2,0,0,2,"lex=0(rare_avg=4.94: families(4.94), insurance(4.94)) | dictation=long(15); dense(8)"
1937,#1937 WFD,Apple is expected to announce several new products this fall.,1,0,1,1,"lex=0(rare_avg=4.51: announce(4.26), apple(4.76)) | grammar=passive(is expected) | dictation=dense(7)"
1938,#1938 WFD,Experts have made some assumptions based on students' study habits.,1,0,0,1,"lex=0(rare_avg=4.08: assumptions(3.95), habits(4.21)) | dictation=dense(7)"
1939,#1939 WFD,You should be careful when searching internet sources.,1,0,1,0,"lex=0(rare_avg=4.47: searching(4.36), careful(4.59)) | grammar=modal(should)"
1940,#1940 WFD,Many people think they are more talented than others.,1,0,1,0,"lex=0(rare_avg=4.86: talented(4.30), others(5.42)) | grammar=passive(are more talented)"
1941,#1941 WFD,Students must clean their hands before attending the engineering workshop.,1,0,1,1,"lex=0(rare_avg=4.23: workshop(4.15), attending(4.31)) | grammar=modal(must) | dictation=dense(6)"
1942,#1942 WFD,Newspapers across the country have been reporting stories of the president.,2,0,1,2,"lex=0(rare_avg=4.39: newspapers(4.25), reporting(4.54)) | grammar=perfect(have been) | dictation=long(11); dense(6)"
1943,#1943 WFD,She is an expert in eighteenth-century French literature.,1,0,0,0,"lex=0(rare_avg=4.02: eighteenth(3.48), expert(4.56))"
1944,#1944 WFD,The sports team members often practice on weekdays and play games on weekends.,2,1,0,2,"lex=1(rare_avg=3.65: weekdays(3.25), weekends(4.05)) | dictation=long(13); dense(9)"
1945,#1945 WFD,All students and staff have access to printers and scanners.,1,1,0,0,"lex=1(rare_avg=3.44: scanners(3.26), printers(3.62))"
1946,#1946 WFD,Professor Tim Lee invented the World Wide Web.,1,0,0,0,"lex=0(rare_avg=4.54: invented(4.17), professor(4.90))"
1947,#1947 WFD,"If you need any assistance, please get help from the general office.",2,0,0,2,"lex=0(rare_avg=5.00: assistance(4.59), office(5.40)) | dictation=long(12); dense(7)"
1949,#1949 WFD,A lot of agricultural workers came to the East End to look for alternative work.,2,0,0,2,"lex=0(rare_avg=4.53: agricultural(4.34), alternative(4.71)) | dictation=long(15); dense(7)"
1950,#1950 WFD,You need a student identification to borrow books from the library.,2,0,0,2,"lex=0(rare_avg=4.09: borrow(4.00), identification(4.18)) | dictation=long(11); dense(6)"
1952,#1952 WFD,Some people argue that science is more important than art.,1,0,1,0,"lex=0(rare_avg=4.79: argue(4.46), science(5.12)) | grammar=passive(is more important)"
1953,#1953 WFD,The field of journalism has been seen in decline in the decades.,2,0,1,1,"lex=0(rare_avg=4.26: journalism(4.12), decline(4.40)) | grammar=perfect(has been) | dictation=long(12)"
1954,#1954 WFD,Each department has its own set of guidelines for assignments.,1,0,1,0,"lex=0(rare_avg=4.06: assignments(3.88), guidelines(4.25)) | grammar=perfect(has its own set)"
1955,#1955 WFD,The students should visit the lecture hall behind the building.,1,0,1,1,"lex=0(rare_avg=4.50: lecture(4.14), hall(4.87)) | grammar=modal(should) | dictation=dense(6)"
1956,#1956 WFD,Basketball was created in 1891 by a physician and physical education instructor.,2,0,1,3,"lex=0(rare_avg=4.10: instructor(4.02), physician(4.18)) | grammar=passive(was created) | dictation=number; long(12); dense(6)"
1957,#1957 WFD,The geography examination will take place in the sports hall.,1,0,0,1,"lex=0(rare_avg=4.12: geography(3.98), examination(4.26)) | dictation=dense(6)"
1959,#1959 WFD,Working with these kinds of students is not enough.,1,0,0,0,"lex=0(rare_avg=4.88: kinds(4.51), students(5.25))"
1960,#1960 WFD,The company has not achieved success despite its good reputation.,3,0,2,1,"lex=0(rare_avg=4.48: reputation(4.47), achieved(4.49)) | grammar=adv_sub(despite); perfect(has not achieved) | dictation=dense(6)"
1961,#1961 WFD,We are committed to recruiting candidates from all backgrounds and identities.,2,1,1,1,"lex=1(rare_avg=3.79: identities(3.78), backgrounds(3.79)) | grammar=passive(are committed) | dictation=long(11)"
1962,#1962 WFD,Please note that the seminar has now been canceled.,3,1,2,0,"lex=1(rare_avg=3.83: seminar(3.77), canceled(3.90)) | grammar=passive(been canceled); perfect(has now been canceled)"
1963,#1963 WFD,Learning a foreign language takes a lot of effort.,1,0,0,1,"lex=0(rare_avg=4.92: learning(4.92), effort(4.92)) | dictation=dense(6)"
1964,#1964 WFD,Each organ of your body is a complex living system.,1,0,0,0,"lex=0(rare_avg=4.50: organ(4.14), complex(4.86))"
1966,#1966 WFD,Any gains from the sales of the property must be promptly allocated.,3,1,2,1,"lex=1(rare_avg=3.83: allocated(3.83), promptly(3.84)) | grammar=modal(must); passive(be promptly allocated) | dictation=long(12)"
1967,#1967 WFD,You must wear closed shoes when working in the lab.,1,0,1,0,"lex=0(rare_avg=4.54: lab(4.42), shoes(4.67)) | grammar=modal(must)"
1968,#1968 WFD,The excursion will go ahead on Thursday as planned.,1,0,0,0,"lex=0(rare_avg=4.01: excursion(3.33), planned(4.69))"
1969,#1969 WFD,Researchers found that trees can relieve stress and anxiety.,1,0,0,1,"lex=0(rare_avg=4.08: relieve(3.77), researchers(4.39)) | dictation=dense(6)"
1970,#1970 WFD,One student representative will be selected from each class.,1,0,1,0,"lex=0(rare_avg=4.62: representative(4.57), selected(4.68)) | grammar=passive(be selected)"
1971,#1971 WFD,The introduction of the railway greatly contributed to the revolution of the train industry.,2,0,0,2,"lex=0(rare_avg=4.36: greatly(4.33), contributed(4.39)) | dictation=long(14); dense(7)"
1972,#1972 WFD,The temporary library will be closed during the winter break.,1,0,1,0,"lex=0(rare_avg=4.67: temporary(4.48), library(4.86)) | grammar=passive(be closed)"
1973,#1973 WFD,You will acquire many skills during your academic studies.,1,0,0,0,"lex=0(rare_avg=4.35: acquire(4.13), academic(4.57))"
1974,#1974 WFD,I can't hand in my dissertation this week.,1,0,0,1,"lex=0(rare_avg=4.55: dissertation(3.70), hand(5.41)) | dictation=contraction"
1975,#1975 WFD,His analytical study appears to be based on a false premise.,2,1,1,2,"lex=1(rare_avg=3.77: analytical(3.73), premise(3.82)) | grammar=passive(be based) | dictation=long(11); dense(6)"
1976,#1976 WFD,Average earnings have risen slightly over the decades.,1,0,1,0,"lex=0(rare_avg=4.06: risen(3.86), earnings(4.27)) | grammar=perfect(have risen)"
1977,#1977 WFD,Political assumptions are based on voting behaviors.,1,0,1,0,"lex=0(rare_avg=3.92: behaviors(3.89), assumptions(3.95)) | grammar=passive(are based)"
1978,#1978 WFD,The coming scientific research requires time and dedication.,1,0,0,1,"lex=0(rare_avg=4.31: dedication(3.96), scientific(4.67)) | dictation=dense(6)"
1980,#1980 WFD,A treaty deal built between two countries was just announced.,1,0,1,1,"lex=0(rare_avg=4.63: treaty(4.31), announced(4.96)) | grammar=passive(was just announced) | dictation=dense(6)"
1981,#1981 WFD,All of your arguments must be supported by evidence and relevant theories.,3,0,2,1,"lex=0(rare_avg=4.28: theories(4.22), arguments(4.33)) | grammar=modal(must); passive(be supported) | dictation=long(12)"
1982,#1982 WFD,Marketing is a very important activity for many new businesses.,1,0,1,1,"lex=0(rare_avg=4.72: businesses(4.66), marketing(4.78)) | grammar=passive(is a very important) | dictation=dense(6)"
1983,#1983 WFD,It is essential for companies to reduce the amount of harmful gases released into the atmosphere.,2,1,0,2,"lex=1(rare_avg=3.85: gases(3.73), harmful(3.97)) | dictation=long(16); dense(8)"
1984,#1984 WFD,Certain films are hard to be classified into one single genre.,2,0,1,2,"lex=0(rare_avg=4.21: genre(4.17), classified(4.26)) | grammar=passive(be classified) | dictation=long(11); dense(7)"
1985,#1985 WFD,"Before writing down your notes, check the accuracy of your data.",1,0,0,1,"lex=0(rare_avg=4.54: accuracy(4.24), notes(4.84)) | dictation=long(11)"
1986,#1986 WFD,A good academic paper should present a clear argument.,1,0,1,1,"lex=0(rare_avg=4.61: academic(4.57), argument(4.64)) | grammar=modal(should) | dictation=dense(6)"
1987,#1987 WFD,The election of the president is held once every four years.,2,0,1,1,"lex=0(rare_avg=5.16: election(5.08), held(5.24)) | grammar=passive(is held) | dictation=long(11)"
1988,#1988 WFD,The new lecture theater accommodates a large number of students.,1,1,0,1,"lex=1(rare_avg=3.48: accommodates(2.82), lecture(4.14)) | dictation=dense(7)"
1989,#1989 WFD,Many governments found that it was difficult to reduce poverty in our society.,2,0,0,2,"lex=0(rare_avg=4.46: governments(4.45), poverty(4.46)) | dictation=long(13); dense(7)"
1990,#1990 WFD,The key to clear writing is clarity of thought.,1,0,1,0,"lex=0(rare_avg=4.49: clarity(3.90), writing(5.07)) | grammar=passive(is clarity of thought)"
1991,#1991 WFD,Be careful when you use English translators.,1,0,0,0,"lex=0(rare_avg=3.92: translators(3.26), careful(4.59))"
1992,#1992 WFD,The library is open only on Mondays and Fridays.,1,0,0,0,"lex=0(rare_avg=5.17: library(4.86), open(5.48))"
1993,#1993 WFD,The university offers a wide range of courses according to your commitments.,2,0,0,2,"lex=0(rare_avg=4.12: commitments(3.79), courses(4.46)) | dictation=long(12); dense(7)"
1994,#1994 WFD,"In the next project, you will need to present all the different news items.",2,0,0,2,"lex=0(rare_avg=4.98: items(4.78), present(5.18)) | dictation=long(14); dense(7)"
1995,#1995 WFD,Accountancy students need to submit their dissertations this week.,2,2,0,1,"lex=2(rare_avg=2.95: dissertations(2.79), accountancy(3.10)) | dictation=dense(6)"
1996,#1996 WFD,The integration of archeologists' studies with community projects is widely encouraged.,2,1,1,2,"lex=1(rare_avg=3.35: archeologists'(2.49), integration(4.22)) | grammar=passive(is widely encouraged) | dictation=long(11); dense(7)"
1997,#1997 WFD,These mentors are here to help train students in engineering science.,2,0,0,2,"lex=0(rare_avg=4.04: mentors(3.29), engineering(4.80)) | dictation=long(11); dense(6)"
1998,#1998 WFD,Students of the first year usually live on campus.,1,0,0,1,"lex=0(rare_avg=4.83: campus(4.51), usually(5.15)) | dictation=dense(6)"
1999,#1999 WFD,The full list of undergraduate programs can be found on the website.,2,0,0,2,"lex=0(rare_avg=4.38: undergraduate(3.85), programs(4.90)) | dictation=long(12); dense(6)"
2002,#2002 WFD,It is necessary to attend the laboratory introduction.,1,0,0,0,"lex=0(rare_avg=4.41: laboratory(4.31), introduction(4.52))"
2003,#2003 WFD,They are most likely to achieve more of these objectives.,1,0,0,0,"lex=0(rare_avg=4.33: objectives(4.08), achieve(4.57))"
2004,#2004 WFD,You may be charged for additional art supplies.,3,0,2,0,"lex=0(rare_avg=4.55: supplies(4.48), charged(4.62)) | grammar=modal(may); passive(be charged)"
2005,#2005 WFD,Social media has a significant impact on journalism.,1,0,1,0,"lex=0(rare_avg=4.52: journalism(4.12), impact(4.92)) | grammar=perfect(has a significant)"
2006,#2006 WFD,"All students can learn, even though they have different speeds.",3,0,2,0,"lex=0(rare_avg=4.61: speeds(4.05), learn(5.17)) | grammar=phrase(even though); perfect(have different)"
2007,#2007 WFD,Please make an appointment with your tutor about work.,1,0,0,0,"lex=0(rare_avg=4.08: tutor(3.67), appointment(4.49))"
2008,#2008 WFD,The paper must be reviewed thoroughly and appropriately.,3,0,2,0,"lex=0(rare_avg=3.92: appropriately(3.74), thoroughly(4.09)) | grammar=modal(must); passive(be reviewed)"
2010,#2010 WFD,It is compulsory to attend the laboratory instructions.,1,0,0,0,"lex=0(rare_avg=4.00: compulsory(3.70), laboratory(4.31))"
2011,#2011 WFD,We are delighted to have Professor Robert join our faculty.,1,0,1,0,"lex=0(rare_avg=4.21: delighted(4.09), faculty(4.32)) | grammar=passive(are delighted)"
2012,#2012 WFD,There is a great deal of debate on this topic.,1,0,0,0,"lex=0(rare_avg=4.56: topic(4.49), debate(4.64))"
2013,#2013 WFD,This guide is qualified to lead the groups into the mountains.,2,0,1,1,"lex=0(rare_avg=4.48: qualified(4.46), mountains(4.50)) | grammar=passive(is qualified) | dictation=long(11)"
2014,#2014 WFD,"Marketing involves many activities including doing research, developing products and promoting them.",2,0,0,2,"lex=0(rare_avg=4.31: promoting(4.28), involves(4.34)) | dictation=long(12); dense(10)"
2015,#2015 WFD,The results of this research highlighted the importance of ecosystem balance.,2,1,0,2,"lex=1(rare_avg=3.83: ecosystem(3.78), highlighted(3.89)) | dictation=long(11); dense(6)"
2016,#2016 WFD,You will find an academic pathway suitable for you here.,1,0,0,0,"lex=0(rare_avg=4.08: pathway(3.77), suitable(4.38))"
2017,#2017 WFD,The students can seek help from nationally recognized faculty members.,1,0,0,1,"lex=0(rare_avg=4.08: nationally(3.84), faculty(4.32)) | dictation=dense(7)"
2018,#2018 WFD,The program examines the scientific technologies influencing the food industry.,1,1,0,1,"lex=1(rare_avg=3.54: influencing(3.50), examines(3.59)) | dictation=dense(7)"
2019,#2019 WFD,Throughout your degree you'll have the chance to participate in research.,2,0,0,3,"lex=0(rare_avg=4.68: participate(4.42), degree(4.94)) | dictation=contraction; long(11); dense(6)"
2020,#2020 WFD,We are centrally located within the heart of the hill park.,2,0,1,2,"lex=0(rare_avg=4.08: centrally(3.33), hill(4.82)) | grammar=passive(are centrally located) | dictation=long(11); dense(6)"
2021,#2021 WFD,Our friendly volunteers have been providing services to the public.,3,0,2,0,"lex=0(rare_avg=4.46: volunteers(4.29), friendly(4.64)) | grammar=adv_sub(providing); perfect(have been)"
2022,#2022 WFD,The online course requires a higher standard of academic achievement.,1,0,0,1,"lex=0(rare_avg=4.46: achievement(4.36), academic(4.57)) | dictation=dense(7)"
2023,#2023 WFD,Making connections with other researchers is an effective way of learning.,2,0,0,2,"lex=0(rare_avg=4.36: connections(4.32), researchers(4.39)) | dictation=long(11); dense(6)"
2024,#2024 WFD,Many departments have their own researcher networks or societies.,1,0,0,0,"lex=0(rare_avg=4.00: researcher(3.92), societies(4.08))"
2025,#2025 WFD,This theory has been used to measure and report financial information.,2,0,1,2,"lex=0(rare_avg=4.77: measure(4.65), theory(4.88)) | grammar=perfect(has been) | dictation=long(11); dense(6)"
2026,#2026 WFD,He used to examine the security of accounting information systems.,1,0,0,1,"lex=0(rare_avg=4.23: examine(4.18), accounting(4.29)) | dictation=dense(6)"
2027,#2027 WFD,All of the students are responsible for meeting the academic requirements.,1,0,0,1,"lex=0(rare_avg=4.61: academic(4.57), requirements(4.64)) | dictation=long(11)"
2028,#2028 WFD,More financial support is available for students who need it.,1,0,1,0,"lex=0(rare_avg=5.17: financial(5.08), students(5.25)) | grammar=relative(who)"
2029,#2029 WFD,Arts have always been at the core of university education.,1,0,1,0,"lex=0(rare_avg=4.71: arts(4.70), core(4.73)) | grammar=perfect(have always been)"
2030,#2030 WFD,Communicating in more than one language gives you a strong advantage.,2,0,0,2,"lex=0(rare_avg=4.28: communicating(3.77), advantage(4.78)) | dictation=long(11); dense(6)"
2031,#2031 WFD,You will be able to work with different kinds of people.,1,0,0,1,"lex=0(rare_avg=4.97: kinds(4.51), able(5.43)) | dictation=long(11)"
2032,#2032 WFD,Many undergraduate students choose to study sociology in France.,1,1,0,1,"lex=1(rare_avg=3.81: sociology(3.78), undergraduate(3.85)) | dictation=dense(6)"
2033,#2033 WFD,Our professor has been demonstrating some excellent effective communication skills.,3,0,2,1,"lex=0(rare_avg=4.22: demonstrating(3.76), communication(4.68)) | grammar=passive(been demonstrating some excellent); perfect(has been) | dictation=dense(6)"
2034,#2034 WFD,This course is designed by an innovative faculty from the college.,2,0,1,1,"lex=0(rare_avg=4.21: innovative(4.10), faculty(4.32)) | grammar=passive(is designed) | dictation=long(11)"
2035,#2035 WFD,Students may elect to complete an internship related to American culture.,2,1,1,2,"lex=1(rare_avg=3.82: internship(3.61), elect(4.03)) | grammar=modal(may) | dictation=long(11); dense(6)"
2036,#2036 WFD,Applicants must have met or exceeded expectations in their annual reviews.,3,1,2,2,"lex=1(rare_avg=3.85: exceeded(3.76), applicants(3.94)) | grammar=modal(must); modal_perfect(must have met or exceeded) | dictation=long(11); dense(6)"
2037,#2037 WFD,The fund aims to support a variety of scholarships in the college.,2,0,0,2,"lex=0(rare_avg=3.98: scholarships(3.76), aims(4.21)) | dictation=long(12); dense(6)"
2038,#2038 WFD,Now you are able to download instructions and related videos below.,1,0,0,1,"lex=0(rare_avg=4.53: instructions(4.37), download(4.68)) | dictation=long(11)"
2039,#2039 WFD,You must develop a critical approach when engaging with academic literature.,2,0,1,2,"lex=0(rare_avg=4.35: engaging(4.13), academic(4.57)) | grammar=modal(must) | dictation=long(11); dense(6)"
2040,#2040 WFD,Effective readers tend to use a number of reading strategies.,1,0,0,1,"lex=0(rare_avg=4.35: strategies(4.29), readers(4.41)) | dictation=dense(7)"
2041,#2041 WFD,Brain disorders have gradually become an increasing public health concern.,1,0,0,1,"lex=0(rare_avg=4.17: disorders(4.14), gradually(4.21)) | dictation=dense(8)"
2042,#2042 WFD,We provide access to evaluation expertise to help your thesis.,1,0,0,1,"lex=0(rare_avg=4.05: thesis(4.05), expertise(4.06)) | dictation=dense(6)"
2043,#2043 WFD,The assignment requires us to critically analyse and evaluate relevant technology.,2,1,0,2,"lex=1(rare_avg=3.86: analyse(3.84), critically(3.88)) | dictation=long(11); dense(7)"
2044,#2044 WFD,You can then reach a conclusion based on common knowledge.,1,0,0,0,"lex=0(rare_avg=4.67: conclusion(4.40), reach(4.94))"
2045,#2045 WFD,The event featured speeches by government leaders including some city councillors.,2,1,0,2,"lex=1(rare_avg=3.72: councillors(3.51), speeches(3.93)) | dictation=long(11); dense(8)"
2046,#2046 WFD,Applications should be in the form of a signed document.,1,0,1,0,"lex=0(rare_avg=4.57: document(4.50), applications(4.64)) | grammar=modal(should)"
2047,#2047 WFD,The data has been collected by many computer science scholars.,3,0,2,1,"lex=0(rare_avg=4.38: scholars(4.12), collected(4.63)) | grammar=passive(been collected); perfect(has been collected) | dictation=dense(6)"
2048,#2048 WFD,We are required to focus on our specific area of research.,2,0,1,1,"lex=0(rare_avg=5.01: focus(5.00), required(5.02)) | grammar=passive(are required) | dictation=long(11)"
2049,#2049 WFD,An introduction to various information technologies has been given to students.,3,0,2,2,"lex=0(rare_avg=4.42: technologies(4.32), introduction(4.52)) | grammar=passive(been given); perfect(has been given) | dictation=long(11); dense(6)"
2050,#2050 WFD,The teaching staff are not only educators but industry professionals.,1,0,0,0,"lex=0(rare_avg=4.03: educators(3.82), professionals(4.24))"
2051,#2051 WFD,"Guided by a current student, you can explore our campus facilities.",2,0,0,2,"lex=0(rare_avg=4.18: guided(4.06), explore(4.31)) | dictation=long(11); dense(6)"
2052,#2052 WFD,The project is concerned with solutions to financial problems.,1,0,1,0,"lex=0(rare_avg=4.62: solutions(4.50), concerned(4.75)) | grammar=passive(is concerned)"
2053,#2053 WFD,"This course examines the political, economic and social development of Europe.",2,0,0,3,"lex=0(rare_avg=4.34: examines(3.59), economic(5.10)) | dictation=list_enum; long(11); dense(6)"
2054,#2054 WFD,The degree provides a comprehensive foundation in environmental resource issues.,1,0,0,1,"lex=0(rare_avg=4.38: comprehensive(4.36), resource(4.39)) | dictation=dense(7)"
2055,#2055 WFD,University students are often encouraged to participate in social activities.,1,0,1,1,"lex=0(rare_avg=4.37: encouraged(4.32), participate(4.42)) | grammar=passive(are often encouraged) | dictation=dense(7)"
2056,#2056 WFD,Our college is authorized by the state department of education.,1,0,1,0,"lex=0(rare_avg=4.68: authorized(4.12), department(5.23)) | grammar=passive(is authorized)"
2057,#2057 WFD,We aim to provide an opportunity for graduates from diverse academic backgrounds.,2,0,0,2,"lex=0(rare_avg=3.90: backgrounds(3.79), graduates(4.02)) | dictation=long(12); dense(7)"
2058,#2058 WFD,Graduate studies in landscape architecture attract a broad range of people.,2,0,0,2,"lex=0(rare_avg=4.28: attract(4.20), landscape(4.36)) | dictation=long(11); dense(8)"
2059,#2059 WFD,All of our students are encouraged to apply for financial aid.,2,0,1,1,"lex=0(rare_avg=4.54: encouraged(4.32), aid(4.75)) | grammar=passive(are encouraged) | dictation=long(11)"
2060,#2060 WFD,Aquatic science is the study of ecosystems to increase scientific understanding.,2,1,0,2,"lex=1(rare_avg=3.57: ecosystems(3.52), aquatic(3.62)) | dictation=long(11); dense(7)"
2061,#2061 WFD,Students are required to give their feedback when the term ends.,2,0,1,2,"lex=0(rare_avg=4.54: feedback(4.32), ends(4.75)) | grammar=passive(are required) | dictation=long(11); dense(6)"
2062,#2062 WFD,Student coursework is designed to enhance technical and practical skills.,2,1,1,1,"lex=1(rare_avg=3.52: coursework(3.00), enhance(4.04)) | grammar=passive(is designed) | dictation=dense(7)"
2063,#2063 WFD,Project management is a center course for many engineering students.,1,0,0,1,"lex=0(rare_avg=4.96: engineering(4.80), management(5.13)) | dictation=dense(7)"
2064,#2064 WFD,Students who have failed the exam may contact their tutor for advice.,3,0,3,2,"lex=0(rare_avg=3.96: tutor(3.67), exam(4.26)) | grammar=modal(may); perfect(have failed); relative(who) | dictation=long(12); dense(6)"
2065,#2065 WFD,The average salary of college graduates is expected to be higher.,2,0,1,2,"lex=0(rare_avg=4.19: graduates(4.02), salary(4.36)) | grammar=passive(is expected) | dictation=long(11); dense(6)"
2066,#2066 WFD,No specific time limits for completing the course are specified.,1,0,1,1,"lex=0(rare_avg=4.06: completing(4.06), specified(4.06)) | grammar=passive(are specified) | dictation=dense(6)"
2067,#2067 WFD,The academic lecture concluded with a short interesting story.,1,0,0,1,"lex=0(rare_avg=4.24: lecture(4.14), concluded(4.35)) | dictation=dense(6)"
2068,#2068 WFD,In this sector you will meet experts in accounting and financing.,1,0,0,1,"lex=0(rare_avg=4.21: financing(4.13), accounting(4.29)) | dictation=long(11)"
2069,#2069 WFD,The result of the exam will be available online shortly.,1,0,0,0,"lex=0(rare_avg=4.37: exam(4.26), shortly(4.47))"
2070,#2070 WFD,The young teacher was obviously nervous when giving his first lesson.,2,0,0,2,"lex=0(rare_avg=4.45: nervous(4.42), lesson(4.47)) | dictation=long(11); dense(7)"
2071,#2071 WFD,An expanding variety of careers will be available for postgraduates.,1,1,0,0,"lex=1(rare_avg=3.02: postgraduates(1.95), careers(4.08))"
2072,#2072 WFD,Online programs tend to be more flexible compared with traditional ones.,2,0,1,2,"lex=0(rare_avg=4.35: flexible(4.13), tend(4.57)) | grammar=passive(be more flexible compared) | dictation=long(11); dense(7)"
2073,#2073 WFD,The internship has been sponsored by an energy research cooperative.,3,1,2,0,"lex=1(rare_avg=3.73: internship(3.61), cooperative(3.86)) | grammar=passive(been sponsored); perfect(has been sponsored)"
2074,#2074 WFD,"Graduating from community college, she decided to pursue a bachelor's degree.",2,1,0,3,"lex=1(rare_avg=3.64: bachelor's(3.52), graduating(3.76)) | dictation=contraction; long(11); dense(7)"
2075,#2075 WFD,All of the staff in the faculty have been very supportive.,2,0,1,1,"lex=0(rare_avg=4.19: supportive(4.05), faculty(4.32)) | grammar=perfect(have been) | dictation=long(11)"
2076,#2076 WFD,The professor is giving some detailed information about the following exam.,2,0,1,2,"lex=0(rare_avg=4.38: exam(4.26), detailed(4.51)) | grammar=passive(is giving some detailed) | dictation=long(11); dense(6)"
2077,#2077 WFD,A quality lecture has to contain a clear main idea.,1,0,0,1,"lex=0(rare_avg=4.32: lecture(4.14), contain(4.50)) | dictation=dense(6)"
2078,#2078 WFD,The university has evolved into a modern institution of higher education.,2,0,1,2,"lex=0(rare_avg=4.25: evolved(4.09), institution(4.41)) | grammar=perfect(has evolved) | dictation=long(11); dense(6)"
2079,#2079 WFD,Our department shares responsibilities for developing human potential and expanding knowledge.,2,0,0,2,"lex=0(rare_avg=4.16: responsibilities(4.15), expanding(4.17)) | dictation=long(11); dense(8)"
2080,#2080 WFD,"Students are encouraged to experience different cultures, languages and industries.",2,0,1,2,"lex=0(rare_avg=4.26: cultures(4.20), encouraged(4.32)) | grammar=passive(are encouraged) | dictation=list_enum; dense(7)"
2081,#2081 WFD,The career center offers career advising by experts from different fields.,2,0,0,2,"lex=0(rare_avg=4.04: advising(3.57), experts(4.52)) | dictation=long(11); dense(8)"
2082,#2082 WFD,He is looking for an opportunity to present his recent research.,1,0,0,1,"lex=0(rare_avg=5.00: opportunity(4.95), recent(5.04)) | dictation=long(11)"
2083,#2083 WFD,This is a lecture on how to handle classroom management issues.,1,0,0,1,"lex=0(rare_avg=4.14: lecture(4.14), classroom(4.15)) | dictation=long(11)"
2084,#2084 WFD,The college offers the nation's top agricultural technology programs.,1,0,0,2,"lex=0(rare_avg=4.17: nation's(3.99), agricultural(4.34)) | dictation=contraction; dense(7)"
2085,#2085 WFD,Field trips and internship opportunities are included in this major.,1,0,1,1,"lex=0(rare_avg=3.92: internship(3.61), trips(4.23)) | grammar=passive(are included) | dictation=dense(6)"
2086,#2086 WFD,This paper provides a synthesis of key issues in sociology.,1,1,0,1,"lex=1(rare_avg=3.81: sociology(3.78), synthesis(3.84)) | dictation=dense(6)"
2087,#2087 WFD,The public schools shall open on the first day of September.,1,0,0,1,"lex=0(rare_avg=5.27: schools(5.05), open(5.48)) | dictation=long(11)"
2088,#2088 WFD,There are many major differences between primary and secondary schools.,1,0,0,1,"lex=0(rare_avg=4.53: differences(4.52), secondary(4.53)) | dictation=dense(6)"
2089,#2089 WFD,Designing a curriculum for a public university presents a moral difficulty.,2,0,0,2,"lex=0(rare_avg=4.00: designing(3.89), curriculum(4.12)) | dictation=long(11); dense(7)"
2090,#2090 WFD,It is easy now for workers to analyze and share data.,1,0,0,1,"lex=0(rare_avg=4.39: analyze(3.84), workers(4.95)) | dictation=long(11)"
2091,#2091 WFD,You're probably ready to learn how to secure your email system.,2,0,0,3,"lex=0(rare_avg=4.66: secure(4.64), email(4.68)) | dictation=contraction; long(11); dense(7)"
2092,#2092 WFD,His contribution has been key to the development of modern mathematics.,2,0,1,1,"lex=0(rare_avg=4.25: mathematics(4.15), contribution(4.34)) | grammar=perfect(has been) | dictation=long(11)"
2093,#2093 WFD,A date for the meeting has yet to be determined.,1,0,1,0,"lex=0(rare_avg=4.89: determined(4.64), meeting(5.15)) | grammar=passive(be determined)"
2094,#2094 WFD,The industry is suffering from the effects of recent price rises.,2,0,0,2,"lex=0(rare_avg=4.30: rises(4.07), suffering(4.53)) | dictation=long(11); dense(6)"
2095,#2095 WFD,You should have the sense to take advice when it's offered.,2,0,1,2,"lex=0(rare_avg=4.87: offered(4.86), advice(4.88)) | grammar=modal(should) | dictation=contraction; long(11)"
2096,#2096 WFD,Don't take any notice of what you read in the papers.,1,0,0,2,"lex=0(rare_avg=4.76: papers(4.61), notice(4.90)) | dictation=contraction; long(11)"
2097,#2097 WFD,The library for college students is closed until further notice.,1,0,1,1,"lex=0(rare_avg=4.88: library(4.86), closed(4.90)) | grammar=passive(is closed) | dictation=dense(6)"
2098,#2098 WFD,The tests have been designed to detect the disease early.,3,0,2,0,"lex=0(rare_avg=4.36: detect(4.05), tests(4.67)) | grammar=passive(been designed); perfect(have been designed)"
2099,#2099 WFD,All of our centers would provide information on technology and training.,2,0,1,1,"lex=0(rare_avg=4.75: centers(4.42), technology(5.09)) | grammar=modal(would) | dictation=long(11)"
2100,#2100 WFD,He taught literature for several years before becoming a writer.,1,0,0,1,"lex=0(rare_avg=4.65: literature(4.62), taught(4.68)) | dictation=dense(6)"
2101,#2101 WFD,"As a scholar, her work was divided between tutoring and research.",2,1,1,1,"lex=1(rare_avg=3.58: tutoring(3.20), scholar(3.96)) | grammar=passive(was divided between) | dictation=long(11)"
2102,#2102 WFD,The company only dismisses its employees in cases of misconduct.,1,1,1,0,"lex=1(rare_avg=3.38: dismisses(3.10), misconduct(3.66)) | grammar=phrase(in case)"
2103,#2103 WFD,The professor will be teaching history and sociology next term.,1,0,0,1,"lex=0(rare_avg=4.25: sociology(3.78), teaching(4.72)) | dictation=dense(6)"
2104,#2104 WFD,The entire content of this special email message is confidential.,1,0,0,1,"lex=0(rare_avg=4.29: confidential(3.90), email(4.68)) | dictation=dense(6)"
2105,#2105 WFD,He recently completed a national science foundation research for undergraduates.,1,0,0,1,"lex=0(rare_avg=3.96: undergraduates(3.14), completed(4.77)) | dictation=dense(7)"
2106,#2106 WFD,We have been working together with other major comprehensive universities.,1,0,1,0,"lex=0(rare_avg=4.36: comprehensive(4.36), universities(4.36)) | grammar=perfect(have been)"
2107,#2107 WFD,A computer virus has destroyed all my files.,1,0,1,0,"lex=0(rare_avg=4.44: virus(4.42), files(4.46)) | grammar=perfect(has destroyed)"
2108,#2108 WFD,We no longer respond to any postal reference requests.,1,0,0,0,"lex=0(rare_avg=4.11: postal(3.94), requests(4.28))"
2109,#2109 WFD,The county hospital could find no physical cause for his illness.,2,0,1,2,"lex=0(rare_avg=4.68: illness(4.41), physical(4.94)) | grammar=modal(could) | dictation=long(11); dense(6)"
2110,#2110 WFD,"Presently, the government has been suffering from many economic difficulties.",1,0,1,1,"lex=0(rare_avg=3.96: presently(3.72), difficulties(4.21)) | grammar=perfect(has been) | dictation=dense(6)"
2111,#2111 WFD,They issued a statement correcting the one they had made earlier.,2,0,0,2,"lex=0(rare_avg=4.11: correcting(3.48), issued(4.73)) | dictation=long(11); dense(6)"
2112,#2112 WFD,A large organization can be slow to adapt to change.,1,0,0,0,"lex=0(rare_avg=4.42: adapt(3.98), slow(4.85))"
2113,#2113 WFD,He was determined to make a success of the business.,1,0,1,0,"lex=0(rare_avg=4.85: determined(4.64), success(5.06)) | grammar=passive(was determined)"
2114,#2114 WFD,The museum is privately funded by a group of retired people.,2,0,1,2,"lex=0(rare_avg=4.15: privately(4.01), funded(4.29)) | grammar=passive(is privately funded) | dictation=long(11); dense(6)"
2115,#2115 WFD,The government is working on the shortage of affordable housing.,1,0,0,0,"lex=0(rare_avg=4.06: shortage(3.91), affordable(4.22))"
2116,#2116 WFD,A technician's job involves skilled practical work with scientific equipment.,2,2,0,2,"lex=2(rare_avg=2.83: technician's(1.53), skilled(4.13)) | dictation=contraction; dense(8)"
2117,#2117 WFD,The question is explained in more detail in the next chapter.,2,0,1,1,"lex=0(rare_avg=4.58: detail(4.57), explained(4.59)) | grammar=passive(is explained) | dictation=long(11)"
2118,#2118 WFD,An expedition has been planned down to the last detail.,3,0,2,0,"lex=0(rare_avg=4.28: expedition(3.99), detail(4.57)) | grammar=passive(been planned); perfect(has been planned)"
2119,#2119 WFD,Visitors will be regularly searched as they enter the building.,1,0,1,0,"lex=0(rare_avg=4.23: searched(3.97), visitors(4.49)) | grammar=passive(be regularly searched)"
2120,#2120 WFD,The project has been cancelled because of a lack of funds.,3,0,2,1,"lex=0(rare_avg=4.32: cancelled(3.90), funds(4.74)) | grammar=passive(been cancelled); perfect(has been cancelled) | dictation=long(11)"
2121,#2121 WFD,It took him a while to adapt himself to his new surroundings.,2,1,0,2,"lex=1(rare_avg=3.88: surroundings(3.79), adapt(3.98)) | dictation=long(12); dense(6)"
2122,#2122 WFD,The brochure details all the hotels in the surrounding areas.,1,1,0,0,"lex=1(rare_avg=3.79: brochure(3.37), hotels(4.22))"
2123,#2123 WFD,"The core subjects for students are English, mathematics and science.",1,0,0,1,"lex=0(rare_avg=4.27: mathematics(4.15), subjects(4.38)) | dictation=list_enum"
2124,#2124 WFD,The supplies of food and medicine have been delivered by volunteers.,3,0,2,1,"lex=0(rare_avg=4.38: volunteers(4.29), supplies(4.48)) | grammar=passive(been delivered); perfect(have been delivered) | dictation=long(11)"
2125,#2125 WFD,There are excellent facilities for sport and recreation on our campus.,2,0,1,1,"lex=0(rare_avg=4.28: recreation(4.04), campus(4.51)) | grammar=passive(are excellent) | dictation=long(11)"
2126,#2126 WFD,The festival is heavily dependent on sponsorship for its success.,1,0,1,0,"lex=0(rare_avg=4.00: sponsorship(3.72), dependent(4.28)) | grammar=passive(is heavily dependent)"
2127,#2127 WFD,The campaign is designed to increase public awareness of the issue.,2,0,1,2,"lex=0(rare_avg=4.70: awareness(4.44), designed(4.96)) | grammar=passive(is designed) | dictation=long(11); dense(6)"
2128,#2128 WFD,These buildings are part of our national heritage and deserve protection.,2,0,0,2,"lex=0(rare_avg=4.47: heritage(4.36), deserve(4.59)) | dictation=long(11); dense(6)"
2129,#2129 WFD,The use of new technology is core to our strategy.,1,0,0,0,"lex=0(rare_avg=4.74: core(4.73), strategy(4.74))"
2130,#2130 WFD,An appropriate enterprise strategy is the key to success in business.,2,0,0,2,"lex=0(rare_avg=4.53: enterprise(4.38), appropriate(4.67)) | dictation=long(11); dense(6)"
2131,#2131 WFD,Each unit including the parent company has its own local management.,2,0,0,2,"lex=0(rare_avg=4.76: parent(4.57), unit(4.95)) | dictation=long(11); dense(6)"
2132,#2132 WFD,I went to the school at the bottom of our street.,1,0,0,1,"lex=0(rare_avg=5.06: bottom(4.84), street(5.28)) | dictation=long(11)"
2133,#2133 WFD,The company has many branch offices all over the world.,1,0,0,0,"lex=0(rare_avg=4.53: offices(4.48), branch(4.58))"
2134,#2134 WFD,The final exam has imposed an additional strain on her.,1,0,1,0,"lex=0(rare_avg=4.16: strain(4.15), imposed(4.16)) | grammar=perfect(has imposed)"
2135,#2135 WFD,Tests have shown high levels of pollutants in the water.,1,0,1,1,"lex=0(rare_avg=3.98: pollutants(3.29), tests(4.67)) | grammar=perfect(have shown) | dictation=dense(6)"
2136,#2136 WFD,A computer screen shows the arrival and departure times of the trains.,2,0,0,2,"lex=0(rare_avg=4.24: departure(4.22), trains(4.27)) | dictation=long(12); dense(7)"
2137,#2137 WFD,By the time you get there the meeting will be over.,1,0,0,1,"lex=0(rare_avg=5.71: meeting(5.15), get(6.28)) | dictation=long(11)"
2138,#2138 WFD,I have received an encouraging response to my last advertisement.,1,0,1,0,"lex=0(rare_avg=3.99: advertisement(3.84), encouraging(4.14)) | grammar=perfect(have received)"
2139,#2139 WFD,Details of the government report have not yet been made public.,2,0,1,1,"lex=0(rare_avg=5.12: details(4.91), report(5.32)) | grammar=perfect(have not yet been) | dictation=long(11)"
2140,#2140 WFD,The hospital is trying to raise funds for a new machine.,2,0,0,2,"lex=0(rare_avg=4.75: funds(4.74), raise(4.75)) | dictation=long(11); dense(6)"
2141,#2141 WFD,She has published many books including novels and literary criticism.,1,0,1,1,"lex=0(rare_avg=4.21: novels(4.10), literary(4.31)) | grammar=perfect(has published) | dictation=dense(7)"
2142,#2142 WFD,There has been no response to his remarks from the government.,2,0,1,1,"lex=0(rare_avg=4.60: remarks(4.16), response(5.03)) | grammar=perfect(has been) | dictation=long(11)"
2143,#2143 WFD,The department has not made the issue a high priority.,1,0,0,0,"lex=0(rare_avg=4.82: priority(4.41), department(5.23))"
2144,#2144 WFD,She has experienced the highs and lows of her acting career.,2,1,1,1,"lex=1(rare_avg=3.52: lows(3.45), highs(3.59)) | grammar=perfect(has experienced) | dictation=long(11)"
2145,#2145 WFD,A growing number of people are beginning to follow a vegetarian diet.,2,0,0,2,"lex=0(rare_avg=4.17: vegetarian(3.78), diet(4.57)) | dictation=long(12); dense(7)"
2146,#2146 WFD,The product had been developed in response to customer demand.,3,0,2,0,"lex=0(rare_avg=4.72: customer(4.61), demand(4.84)) | grammar=passive(been developed); perfect(had been developed)"
2147,#2147 WFD,His theories have never really been put to the test.,1,0,1,0,"lex=0(rare_avg=4.71: theories(4.22), test(5.19)) | grammar=perfect(have never really been)"
2148,#2148 WFD,Waste water from the factories is a danger to public health.,2,0,0,2,"lex=0(rare_avg=4.27: factories(3.95), danger(4.59)) | dictation=long(11); dense(6)"
2149,#2149 WFD,The engineering construction group is to perform a difficult task.,1,0,0,1,"lex=0(rare_avg=4.66: task(4.65), perform(4.66)) | dictation=dense(6)"
2150,#2150 WFD,The government has presented these changes as a major reform.,1,0,1,0,"lex=0(rare_avg=4.64: reform(4.53), presented(4.75)) | grammar=perfect(has presented)"
2152,#2152 WFD,Each of us must take responsibility for our own actions.,1,0,1,0,"lex=0(rare_avg=4.79: responsibility(4.75), actions(4.82)) | grammar=modal(must)"
2153,#2153 WFD,The lectures provided by the department covered a lot of ground.,2,0,1,2,"lex=0(rare_avg=4.39: lectures(3.96), covered(4.83)) | grammar=adv_sub(provided) | dictation=long(11); dense(6)"
2154,#2154 WFD,Experts argue that there are various treatments available for this condition.,2,0,0,2,"lex=0(rare_avg=4.28: treatments(4.09), argue(4.46)) | dictation=long(11); dense(6)"
2155,#2155 WFD,We are expecting a rise in food prices this month.,1,0,0,0,"lex=0(rare_avg=4.62: expecting(4.42), rise(4.81))"
2156,#2156 WFD,She completed her education with the financial aid of her parents.,1,0,0,1,"lex=0(rare_avg=4.76: aid(4.75), completed(4.77)) | dictation=long(11)"
2157,#2157 WFD,Team sports help to develop a child's social skills.,1,0,0,2,"lex=0(rare_avg=4.37: child's(3.99), develop(4.75)) | dictation=contraction; dense(7)"
2158,#2158 WFD,My article has been accepted for publication next month.,3,0,2,0,"lex=0(rare_avg=4.56: publication(4.45), accepted(4.67)) | grammar=passive(been accepted); perfect(has been accepted)"
2159,#2159 WFD,Their daughter is taking business courses at a local college.,1,0,0,1,"lex=0(rare_avg=4.77: courses(4.46), daughter(5.07)) | dictation=dense(6)"
2160,#2160 WFD,It is expected that the report will suggest some major reforms.,2,0,1,1,"lex=0(rare_avg=4.40: reforms(4.06), suggest(4.75)) | grammar=passive(is expected) | dictation=long(11)"
2161,#2161 WFD,The present system of funding for higher education is unsatisfactory.,1,1,0,1,"lex=1(rare_avg=3.84: unsatisfactory(3.05), funding(4.63)) | dictation=dense(6)"
2162,#2162 WFD,Teamwork is highly required in order to achieve these aims.,3,1,2,1,"lex=1(rare_avg=3.84: teamwork(3.48), aims(4.21)) | grammar=phrase(in order to); passive(is highly required) | dictation=dense(6)"
2163,#2163 WFD,This money is intended for the development of the tourism industry.,2,0,1,1,"lex=0(rare_avg=4.49: tourism(4.28), intended(4.70)) | grammar=passive(is intended) | dictation=long(11)"
2164,#2164 WFD,"Our favorite restaurant was closed, so we had to go elsewhere.",2,0,1,1,"lex=0(rare_avg=4.57: elsewhere(4.46), restaurant(4.68)) | grammar=passive(was closed) | dictation=long(11)"
2165,#2165 WFD,The party room was decorated in vibrant blues and greens.,2,1,1,1,"lex=1(rare_avg=3.76: vibrant(3.67), greens(3.86)) | grammar=passive(was decorated in vibrant) | dictation=dense(6)"
2166,#2166 WFD,We should eat plenty of fresh fruit and vegetables every day.,2,0,1,2,"lex=0(rare_avg=4.36: vegetables(4.15), fruit(4.57)) | grammar=modal(should) | dictation=long(11); dense(6)"
2167,#2167 WFD,The course allows students to progress at their own speed.,1,0,0,0,"lex=0(rare_avg=4.72: allows(4.67), progress(4.78))"
2168,#2168 WFD,Almost half of the state's residents were born elsewhere.,1,0,0,2,"lex=0(rare_avg=4.25: state's(4.05), elsewhere(4.46)) | dictation=contraction; dense(6)"
2169,#2169 WFD,These policies have been made to aim at sustaining economic growth.,2,0,1,2,"lex=0(rare_avg=4.03: sustaining(3.55), aim(4.51)) | grammar=perfect(have been) | dictation=long(11); dense(6)"
2170,#2170 WFD,The final election results will be announced next Friday.,1,0,1,0,"lex=0(rare_avg=5.02: announced(4.96), election(5.08)) | grammar=passive(be announced)"
2171,#2171 WFD,Most of their economic policies serve the interests of big business.,2,0,0,2,"lex=0(rare_avg=4.69: interests(4.66), policies(4.71)) | dictation=long(11); dense(6)"
2172,#2172 WFD,The focus of marketing will be on price and distribution.,1,0,0,0,"lex=0(rare_avg=4.71: distribution(4.64), marketing(4.78))"
2173,#2173 WFD,The data is limited in terms of both quality and quantity.,3,0,2,1,"lex=0(rare_avg=4.54: quantity(4.07), limited(5.02)) | grammar=phrase(in terms of); passive(is limited) | dictation=long(11)"
2174,#2174 WFD,It is probable that this disease has a genetic element.,1,0,1,0,"lex=0(rare_avg=4.06: probable(3.79), genetic(4.34)) | grammar=perfect(has a genetic element)"
2175,#2175 WFD,There have been many changes in technology in recent years.,1,0,1,0,"lex=0(rare_avg=5.06: recent(5.04), technology(5.09)) | grammar=perfect(have been)"
2176,#2176 WFD,The man's novels have gained in popularity over recent years.,2,0,1,2,"lex=0(rare_avg=4.17: novels(4.10), popularity(4.24)) | grammar=perfect(have gained) | dictation=contraction; dense(6)"
2177,#2177 WFD,The town is well served with buses and major road links.,2,0,1,2,"lex=0(rare_avg=4.37: buses(4.02), links(4.72)) | grammar=passive(is well served) | dictation=long(11); dense(7)"
2178,#2178 WFD,The meeting has been brought forward from May to April.,3,0,3,0,"lex=0(rare_avg=5.13: forward(5.12), meeting(5.15)) | grammar=modal(may); passive(been brought); perfect(has been brought)"
2179,#2179 WFD,The visitors were requested to assemble in the lobby.,1,1,1,0,"lex=1(rare_avg=3.83: assemble(3.64), lobby(4.03)) | grammar=passive(were requested)"
2180,#2180 WFD,We will side with the people who oppose this tax.,1,0,1,0,"lex=0(rare_avg=4.54: oppose(3.94), tax(5.14)) | grammar=relative(who)"
2181,#2181 WFD,We had not been able to gain admittance to the flat.,2,1,1,1,"lex=1(rare_avg=3.76: admittance(2.80), flat(4.72)) | grammar=perfect(had not been) | dictation=long(11)"
2182,#2182 WFD,Students are asked to summarize the points made in the lecture.,2,1,1,2,"lex=1(rare_avg=3.68: summarize(3.23), lecture(4.14)) | grammar=passive(are asked) | dictation=long(11); dense(6)"
2183,#2183 WFD,The delegates have entered the assembly hall through the lobby.,1,0,1,0,"lex=0(rare_avg=3.99: delegates(3.94), lobby(4.03)) | grammar=perfect(have entered)"
2184,#2184 WFD,Students gain college credits which count towards their degree.,1,0,1,1,"lex=0(rare_avg=4.54: credits(4.27), gain(4.81)) | grammar=relative(which) | dictation=dense(7)"
2185,#2185 WFD,They intend to bring their complaints out into the open.,1,0,0,0,"lex=0(rare_avg=4.16: intend(4.09), complaints(4.23))"
2186,#2186 WFD,A thin cable can carry the signal to a computer.,1,0,0,0,"lex=0(rare_avg=4.50: thin(4.47), cable(4.54))"
2187,#2187 WFD,The successful candidates will be invited for an interview next week.,2,0,1,2,"lex=0(rare_avg=4.54: invited(4.53), candidates(4.56)) | grammar=passive(be invited) | dictation=long(11); dense(6)"
2188,#2188 WFD,The government has imposed export restraints on some products.,1,1,1,0,"lex=1(rare_avg=3.71: restraints(3.26), imposed(4.16)) | grammar=perfect(has imposed)"
2189,#2189 WFD,Students can gain valuable experience by working at the campus radio.,2,0,0,2,"lex=0(rare_avg=4.51: valuable(4.51), campus(4.51)) | dictation=long(11); dense(7)"
2190,#2190 WFD,She could not bring herself to tell him the sad news.,2,0,1,1,"lex=0(rare_avg=4.81: herself(4.78), sad(4.84)) | grammar=modal(could) | dictation=long(11)"
2191,#2191 WFD,The famous band has just brought out their second album.,1,0,1,0,"lex=0(rare_avg=4.88: famous(4.84), band(4.92)) | grammar=perfect(has just brought)"
2192,#2192 WFD,It is impossible to predict what the eventual outcome will be.,1,0,0,1,"lex=0(rare_avg=3.91: eventual(3.73), predict(4.08)) | dictation=long(11)"
2193,#2193 WFD,There is nothing to be gained from delaying the decision.,1,0,1,0,"lex=0(rare_avg=3.94: delaying(3.39), gained(4.49)) | grammar=passive(be gained)"
2194,#2194 WFD,The matter will be brought before the committee for further discussion.,2,0,1,1,"lex=0(rare_avg=4.86: discussion(4.71), committee(5.01)) | grammar=passive(be brought) | dictation=long(11)"
2195,#2195 WFD,We need to bring in a lot more new business.,1,0,0,0,"lex=0(rare_avg=5.41: bring(5.27), business(5.56))"
2196,#2196 WFD,We have to work within severe constraints of time and money.,2,0,0,2,"lex=0(rare_avg=4.18: constraints(3.80), severe(4.56)) | dictation=long(11); dense(6)"
2197,#2197 WFD,She was elected to serve as secretary of the local party.,2,0,1,1,"lex=0(rare_avg=4.74: elected(4.63), serve(4.85)) | grammar=passive(was elected) | dictation=long(11)"
2198,#2198 WFD,We consider this agreement to be an important step forward.,1,0,1,0,"lex=0(rare_avg=4.94: agreement(4.88), consider(4.99)) | grammar=passive(be an important)"
2199,#2199 WFD,The application forms have now been simplified by the university.,3,0,2,0,"lex=0(rare_avg=4.21: simplified(3.69), forms(4.73)) | grammar=passive(been simplified); perfect(have now been simplified)"
2200,#2200 WFD,The school is extending the range of subjects it teaches.,1,0,0,0,"lex=0(rare_avg=4.00: teaches(3.95), extending(4.04))"
2201,#2201 WFD,Readers are required to observe the rules of the library.,1,0,1,0,"lex=0(rare_avg=4.23: observe(4.06), readers(4.41)) | grammar=passive(are required)"
2202,#2202 WFD,Students should take full advantage of the university's facilities.,2,0,1,2,"lex=0(rare_avg=4.22: university's(3.78), facilities(4.66)) | grammar=modal(should) | dictation=contraction; dense(6)"
2203,#2203 WFD,Some of the current curriculum reforms intend to improve equity.,1,0,0,1,"lex=0(rare_avg=4.07: reforms(4.06), intend(4.09)) | dictation=dense(6)"
2204,#2204 WFD,Many companies care about their public image whatever their size.,1,0,0,1,"lex=0(rare_avg=5.04: image(4.94), size(5.13)) | dictation=dense(7)"
2205,#2205 WFD,The investment will be dedicated to improving transport infrastructure.,1,0,1,0,"lex=0(rare_avg=4.42: improving(4.37), infrastructure(4.46)) | grammar=passive(be dedicated)"
2206,#2206 WFD,Our university is working on the issue of the population decrease.,1,0,0,1,"lex=0(rare_avg=4.59: decrease(4.17), population(5.01)) | dictation=long(11)"
2207,#2207 WFD,The need to improve the quality of education is well accepted.,2,0,1,2,"lex=0(rare_avg=4.73: accepted(4.67), improve(4.79)) | grammar=passive(is well accepted) | dictation=long(11); dense(6)"
2208,#2208 WFD,This phenomenon has been fully acknowledged by many experts.,3,0,2,0,"lex=0(rare_avg=4.11: acknowledged(4.08), phenomenon(4.13)) | grammar=passive(been fully acknowledged); perfect(has been fully acknowledged)"
2209,#2209 WFD,We are now living in a more and more diverse society.,1,0,0,1,"lex=0(rare_avg=4.71: diverse(4.24), society(5.17)) | dictation=long(11)"
2210,#2210 WFD,The college has built a library open to the public.,1,0,1,0,"lex=0(rare_avg=4.96: library(4.86), built(5.07)) | grammar=perfect(has built)"
2211,#2211 WFD,It was absurd to think that the plan could succeed.,1,0,1,0,"lex=0(rare_avg=4.12: absurd(3.95), succeed(4.29)) | grammar=modal(could)"
2212,#2212 WFD,Some of our students will be sent to a training academy.,2,0,1,1,"lex=0(rare_avg=4.87: academy(4.57), sent(5.16)) | grammar=passive(be sent) | dictation=long(11)"
2213,#2213 WFD,Our staff will work out class schedules for the new term.,2,0,0,2,"lex=0(rare_avg=4.45: schedules(3.81), staff(5.08)) | dictation=long(11); dense(6)"
2214,#2214 WFD,Poor social adjustment in school may lead to low academic achievement.,2,0,1,2,"lex=0(rare_avg=4.12: adjustment(3.88), achievement(4.36)) | grammar=modal(may) | dictation=long(11); dense(8)"
2215,#2215 WFD,He has been developing a training course for academic staff.,1,0,1,0,"lex=0(rare_avg=4.62: academic(4.57), developing(4.66)) | grammar=perfect(has been)"
2216,#2216 WFD,The computer has been providing more and more technical support.,3,0,2,0,"lex=0(rare_avg=4.73: providing(4.72), technical(4.75)) | grammar=adv_sub(providing); perfect(has been)"
2217,#2217 WFD,This system is designed to meet the needs of modern libraries.,2,0,1,2,"lex=0(rare_avg=4.55: libraries(4.14), designed(4.96)) | grammar=passive(is designed) | dictation=long(11); dense(6)"
2218,#2218 WFD,She finished the first semester in a dental school.,1,0,0,0,"lex=0(rare_avg=4.07: semester(4.03), dental(4.11))"
2219,#2219 WFD,You can enrol at any time throughout the academic year.,1,1,0,0,"lex=1(rare_avg=3.62: enrol(2.67), academic(4.57))"
2220,#2220 WFD,I want to find out what is best for academic achievement.,1,0,0,1,"lex=0(rare_avg=4.46: achievement(4.36), academic(4.57)) | dictation=long(11)"
2221,#2221 WFD,Several universities work together to carry out their educational mission.,1,0,0,1,"lex=0(rare_avg=4.48: universities(4.36), educational(4.60)) | dictation=dense(7)"
2222,#2222 WFD,There is a brief survey of public support in these colleges.,1,0,0,1,"lex=0(rare_avg=4.38: colleges(4.25), brief(4.52)) | dictation=long(11)"
2223,#2223 WFD,Students are encouraged to participate in one of the summer programs.,2,0,1,2,"lex=0(rare_avg=4.37: encouraged(4.32), participate(4.42)) | grammar=passive(are encouraged) | dictation=long(11); dense(6)"
2224,#2224 WFD,All academic institutions must conform to those new regulations.,1,0,1,0,"lex=0(rare_avg=4.01: conform(3.53), regulations(4.50)) | grammar=modal(must)"
2225,#2225 WFD,Universities should pay attention to the mental health of their students.,2,0,1,2,"lex=0(rare_avg=4.60: universities(4.36), mental(4.83)) | grammar=modal(should) | dictation=long(11); dense(6)"
2226,#2226 WFD,I must enroll the children for piano lessons before next week.,2,1,1,2,"lex=1(rare_avg=3.88: enroll(3.45), piano(4.31)) | grammar=modal(must) | dictation=long(11); dense(6)"
2227,#2227 WFD,Some libraries have already taken steps to digitize information.,1,1,1,0,"lex=1(rare_avg=3.21: digitize(2.28), libraries(4.14)) | grammar=perfect(have already taken)"
2228,#2228 WFD,Academic staff are key to achieving the university's education goals.,1,0,0,2,"lex=0(rare_avg=3.91: university's(3.78), achieving(4.03)) | dictation=contraction; dense(7)"
2229,#2229 WFD,The university is required to submit proposals for new courses.,1,0,1,1,"lex=0(rare_avg=4.24: proposals(4.20), submit(4.28)) | grammar=passive(is required) | dictation=dense(6)"
2230,#2230 WFD,This book is concerned with the professional development of university staff.,2,0,1,2,"lex=0(rare_avg=4.90: concerned(4.75), professional(5.05)) | grammar=passive(is concerned) | dictation=long(11); dense(6)"
2231,#2231 WFD,The center is ready to enrol candidates for the new program.,2,1,0,2,"lex=1(rare_avg=3.61: enrol(2.67), candidates(4.56)) | dictation=long(11); dense(6)"
2232,#2232 WFD,The table summarizes the academic performance of students from Italy.,1,1,0,0,"lex=1(rare_avg=3.85: summarizes(3.12), academic(4.57))"
2233,#2233 WFD,The program would provide both technical advice and financial support.,1,0,1,1,"lex=0(rare_avg=4.81: technical(4.75), advice(4.88)) | grammar=modal(would) | dictation=dense(6)"
2234,#2234 WFD,Colleges must maintain a high academic standard at all times.,1,0,1,1,"lex=0(rare_avg=4.41: colleges(4.25), academic(4.57)) | grammar=modal(must) | dictation=dense(6)"
2235,#2235 WFD,The aim of the strategies is to enhance academic performance.,1,0,0,0,"lex=0(rare_avg=4.17: enhance(4.04), strategies(4.29))"
2236,#2236 WFD,These reports can be found in some large public libraries.,1,0,0,0,"lex=0(rare_avg=4.52: libraries(4.14), reports(4.90))"
2237,#2237 WFD,The purpose of this study is to analyze his academic achievement.,1,0,0,1,"lex=0(rare_avg=4.10: analyze(3.84), achievement(4.36)) | dictation=long(11)"
2238,#2238 WFD,Most software companies also offer technical support for their products.,1,0,0,1,"lex=0(rare_avg=4.76: technical(4.75), software(4.77)) | dictation=dense(6)"
2239,#2239 WFD,Schools should ensure the independence of education and academic research.,1,0,1,1,"lex=0(rare_avg=4.58: academic(4.57), independence(4.58)) | grammar=modal(should) | dictation=dense(6)"
2240,#2240 WFD,There has been a higher demand for new technologies and innovations.,2,0,1,1,"lex=0(rare_avg=4.03: innovations(3.73), technologies(4.32)) | grammar=perfect(has been) | dictation=long(11)"
2241,#2241 WFD,Students should engage in academic research and other cultural activities.,1,0,1,1,"lex=0(rare_avg=4.46: engage(4.36), academic(4.57)) | grammar=modal(should) | dictation=dense(6)"
2242,#2242 WFD,Many public libraries borrow materials from other academic libraries.,1,0,0,1,"lex=0(rare_avg=4.07: borrow(4.00), libraries(4.14)) | dictation=dense(7)"
2243,#2243 WFD,Our study originally focused on primary forests in protected areas.,1,0,0,1,"lex=0(rare_avg=4.29: forests(4.07), protected(4.51)) | dictation=dense(7)"
2244,#2244 WFD,State governments should provide additional support for health and welfare.,1,0,1,1,"lex=0(rare_avg=4.44: welfare(4.43), governments(4.45)) | grammar=modal(should) | dictation=dense(7)"
2245,#2245 WFD,Students have been informed to enroll before the end of August.,3,0,2,1,"lex=0(rare_avg=3.95: enroll(3.45), informed(4.45)) | grammar=passive(been informed); perfect(have been informed) | dictation=long(11)"
2246,#2246 WFD,These publications are available in many university and public libraries.,1,0,0,1,"lex=0(rare_avg=4.21: libraries(4.14), publications(4.27)) | dictation=dense(6)"
2247,#2247 WFD,The objective of the scheme is to provide support for education.,1,0,0,1,"lex=0(rare_avg=4.46: objective(4.36), scheme(4.57)) | dictation=long(11)"
2248,#2248 WFD,The first year for a new teacher can be quite challenging.,2,0,0,2,"lex=0(rare_avg=4.57: challenging(4.27), teacher(4.88)) | dictation=long(11); dense(6)"
2249,#2249 WFD,Lots of laboratory tests have been carried out this week.,3,0,2,0,"lex=0(rare_avg=4.49: laboratory(4.31), tests(4.67)) | grammar=passive(been carried); perfect(have been carried)"
2250,#2250 WFD,The program follows the same curriculum as the main campus.,1,0,0,0,"lex=0(rare_avg=4.31: curriculum(4.12), campus(4.51))"
2251,#2251 WFD,Social support may enhance a person's ability to cope with illness.,2,0,1,3,"lex=0(rare_avg=4.04: enhance(4.04), person's(4.04)) | grammar=modal(may) | dictation=contraction; long(11); dense(7)"
2252,#2252 WFD,You can share your teaching experience with the new teachers.,1,0,0,0,"lex=0(rare_avg=4.73: teaching(4.72), teachers(4.74))"
2253,#2253 WFD,Our faculty has gained both national and international recognition.,1,0,1,0,"lex=0(rare_avg=4.39: faculty(4.32), recognition(4.47)) | grammar=perfect(has gained)"
2254,#2254 WFD,The main campus is right next to the law library.,1,0,0,1,"lex=0(rare_avg=4.69: campus(4.51), library(4.86)) | dictation=dense(6)"
2255,#2255 WFD,The entire community is invited to attend the graduation ceremony.,1,0,1,1,"lex=0(rare_avg=4.25: graduation(4.07), ceremony(4.42)) | grammar=passive(is invited) | dictation=dense(6)"
2256,#2256 WFD,The online support communities are available to anyone with a computer.,2,0,0,2,"lex=0(rare_avg=4.84: communities(4.71), computer(4.97)) | dictation=long(11); dense(6)"
2257,#2257 WFD,A qualified teacher can also serve as a mentor when needed.,1,0,0,1,"lex=0(rare_avg=4.20: mentor(3.93), qualified(4.46)) | dictation=long(11)"
2258,#2258 WFD,The new lab is located at the north end of the campus.,2,0,1,2,"lex=0(rare_avg=4.46: lab(4.42), campus(4.51)) | grammar=passive(is located) | dictation=long(12); dense(6)"
2259,#2259 WFD,Some adult students have enrolled in an online degree program.,1,0,1,1,"lex=0(rare_avg=4.36: enrolled(3.92), adult(4.80)) | grammar=perfect(have enrolled) | dictation=dense(6)"
2260,#2260 WFD,The young man has received his doctoral degree in law.,1,0,1,1,"lex=0(rare_avg=4.25: doctoral(3.55), degree(4.94)) | grammar=perfect(has received) | dictation=dense(6)"
2261,#2261 WFD,Social support has played a role in reducing work stress.,1,0,1,1,"lex=0(rare_avg=4.54: reducing(4.36), stress(4.73)) | grammar=perfect(has played) | dictation=dense(7)"
2262,#2262 WFD,The actor is also a qualified teacher with a teaching certificate.,2,0,1,1,"lex=0(rare_avg=4.38: certificate(4.29), qualified(4.46)) | grammar=passive(is also a qualified) | dictation=long(11)"
2263,#2263 WFD,The university learning center was designed to serve the entire campus.,2,0,1,2,"lex=0(rare_avg=4.68: campus(4.51), serve(4.85)) | grammar=passive(was designed) | dictation=long(11); dense(7)"
2264,#2264 WFD,You will need more information to back up your opinion.,1,0,0,0,"lex=0(rare_avg=5.19: opinion(4.94), information(5.43))"
2265,#2265 WFD,Local school council meetings are being held in this building.,1,0,1,1,"lex=0(rare_avg=4.78: meetings(4.48), council(5.08)) | grammar=passive(are being held) | dictation=dense(6)"
2266,#2266 WFD,Our friendly staff provide emotional support whenever it is needed.,1,0,1,1,"lex=0(rare_avg=4.63: whenever(4.63), friendly(4.64)) | grammar=passive(is needed) | dictation=dense(7)"
2267,#2267 WFD,Teachers have to be trained appropriately before they become qualified.,3,0,2,0,"lex=0(rare_avg=4.10: appropriately(3.74), qualified(4.46)) | grammar=passive(be trained); perfect(have to be trained)"
2268,#2268 WFD,Communities must work collectively to create a more friendly environment.,1,0,1,1,"lex=0(rare_avg=4.23: collectively(3.82), friendly(4.64)) | grammar=modal(must) | dictation=dense(6)"
2269,#2269 WFD,Somehow she earned a university degree despite many difficulties.,1,0,1,1,"lex=0(rare_avg=4.37: difficulties(4.21), somehow(4.53)) | grammar=adv_sub(despite) | dictation=dense(7)"
2270,#2270 WFD,The discussion of a new university policy has been discouraged.,3,0,2,0,"lex=0(rare_avg=4.17: discouraged(3.62), discussion(4.71)) | grammar=passive(been discouraged); perfect(has been discouraged)"
2271,#2271 WFD,The thesis explores how a computer could facilitate emotional support.,2,1,1,1,"lex=1(rare_avg=3.82: explores(3.64), facilitate(3.99)) | grammar=modal(could) | dictation=dense(6)"
2272,#2272 WFD,The retired teacher has many years of experience in elementary education.,2,0,0,2,"lex=0(rare_avg=4.38: elementary(4.33), retired(4.44)) | dictation=long(11); dense(7)"
2273,#2273 WFD,This forum has attracted many scholars and experts from different fields.,2,0,1,2,"lex=0(rare_avg=4.21: scholars(4.12), attracted(4.31)) | grammar=perfect(has attracted) | dictation=long(11); dense(7)"
2274,#2274 WFD,The university community recognizes the academic benefits of its service.,1,0,0,1,"lex=0(rare_avg=4.16: recognizes(3.74), academic(4.57)) | dictation=dense(6)"
2275,#2275 WFD,Vocational high schools do not prepare students for university entrance exams.,2,1,0,2,"lex=1(rare_avg=3.83: vocational(3.65), exams(4.00)) | dictation=long(11); dense(8)"
2276,#2276 WFD,His proposal had gained further support from the local community.,1,0,1,0,"lex=0(rare_avg=4.48: proposal(4.47), gained(4.49)) | grammar=perfect(had gained)"
2277,#2277 WFD,You're free to talk with an experienced teacher at any time.,2,0,0,3,"lex=0(rare_avg=4.75: experienced(4.63), teacher(4.88)) | dictation=contraction; long(11); dense(6)"
2278,#2278 WFD,University education has become more and more accessible in most countries.,1,0,0,1,"lex=0(rare_avg=4.65: accessible(4.18), countries(5.13)) | dictation=long(11)"
2279,#2279 WFD,The law empowered the government to regulate education fees.,1,1,0,1,"lex=1(rare_avg=3.73: empowered(3.59), regulate(3.87)) | dictation=dense(6)"
2280,#2280 WFD,Many people are now pursuing a university degree while working.,1,0,0,1,"lex=0(rare_avg=4.45: pursuing(3.96), degree(4.94)) | dictation=dense(7)"
2281,#2281 WFD,He has always attempted to win international support for his company.,2,0,1,1,"lex=0(rare_avg=4.89: attempted(4.42), international(5.36)) | grammar=perfect(has always attempted) | dictation=long(11)"
2282,#2282 WFD,The instructor of the class used to be an experienced teacher.,2,0,1,1,"lex=0(rare_avg=4.32: instructor(4.02), experienced(4.63)) | grammar=passive(be an experienced) | dictation=long(11)"
2283,#2283 WFD,The overall job satisfaction of university faculty members has declined.,1,0,1,1,"lex=0(rare_avg=4.19: satisfaction(4.16), declined(4.21)) | grammar=perfect(has declined) | dictation=dense(7)"
2284,#2284 WFD,The school council is planning to develop a new subject.,1,0,0,1,"lex=0(rare_avg=4.83: develop(4.75), planning(4.90)) | dictation=dense(6)"
2285,#2285 WFD,You should realize that the whole campus environment is your classroom.,2,0,1,1,"lex=0(rare_avg=4.33: classroom(4.15), campus(4.51)) | grammar=modal(should) | dictation=long(11)"
2286,#2286 WFD,To gain international support is one part of the campaign.,1,0,0,1,"lex=0(rare_avg=4.90: gain(4.81), campaign(5.00)) | dictation=dense(6)"
2287,#2287 WFD,Any laboratory activities must be under the guidance of teachers.,1,0,1,0,"lex=0(rare_avg=4.32: laboratory(4.31), guidance(4.33)) | grammar=modal(must)"
2288,#2288 WFD,He has discovered many facts to back up this theory.,1,0,1,0,"lex=0(rare_avg=4.73: facts(4.72), discovered(4.74)) | grammar=perfect(has discovered)"
2289,#2289 WFD,His research program is based on some theoretical considerations.,1,1,1,0,"lex=1(rare_avg=3.88: considerations(3.74), theoretical(4.01)) | grammar=passive(is based)"
2290,#2290 WFD,You can find a variety of plants in our beautiful campus.,1,0,0,1,"lex=0(rare_avg=4.61: campus(4.51), plants(4.71)) | dictation=long(11)"
2291,#2291 WFD,This lecture will focus on a wide range of literary subjects.,2,0,0,2,"lex=0(rare_avg=4.22: lecture(4.14), literary(4.31)) | dictation=long(11); dense(6)"
2292,#2292 WFD,This manual outlines the operation of the laboratory service.,1,0,0,0,"lex=0(rare_avg=3.96: outlines(3.60), laboratory(4.31))"
2293,#2293 WFD,The theory had been made up by a prominent scholar.,1,0,1,0,"lex=0(rare_avg=4.14: scholar(3.96), prominent(4.33)) | grammar=perfect(had been)"
2294,#2294 WFD,Graduates with a doctoral degree are very competitive in the workforce.,2,1,0,1,"lex=1(rare_avg=3.75: doctoral(3.55), workforce(3.94)) | dictation=long(11)"
2295,#2295 WFD,Living in apartments near campus can be very convenient for students.,2,0,1,2,"lex=0(rare_avg=4.08: apartments(4.01), convenient(4.15)) | grammar=passive(be very convenient) | dictation=long(11); dense(6)"
2296,#2296 WFD,Keeping organized class notes makes study time more efficient.,1,0,0,1,"lex=0(rare_avg=4.46: efficient(4.42), organized(4.51)) | dictation=dense(8)"
2297,#2297 WFD,This program begins in the fall of each school year.,1,0,0,0,"lex=0(rare_avg=4.88: begins(4.62), fall(5.13))"
2298,#2298 WFD,It studies the interaction between elementary school students and teachers.,1,0,0,1,"lex=0(rare_avg=4.31: interaction(4.29), elementary(4.33)) | dictation=dense(6)"
2299,#2299 WFD,"If you need more help, you can contact local sponsors.",1,0,0,0,"lex=0(rare_avg=4.45: sponsors(3.91), contact(4.99))"
2300,#2300 WFD,It is important to provide a more interactive learning experience.,1,0,1,0,"lex=0(rare_avg=4.49: interactive(4.06), learning(4.92)) | grammar=passive(is important)"
2301,#2301 WFD,The new tax policy would help keep down education fees.,1,0,1,1,"lex=0(rare_avg=4.83: fees(4.53), tax(5.14)) | grammar=modal(would) | dictation=dense(7)"
2302,#2302 WFD,Academic meetings are held periodically during the school year.,1,0,1,1,"lex=0(rare_avg=4.04: periodically(3.59), meetings(4.48)) | grammar=passive(are held) | dictation=dense(6)"
2303,#2303 WFD,Students will be informed of the services available on this campus.,2,0,1,1,"lex=0(rare_avg=4.48: informed(4.45), campus(4.51)) | grammar=passive(be informed) | dictation=long(11)"
2304,#2304 WFD,Customer experience management has now become more and more important.,1,0,0,0,"lex=0(rare_avg=4.87: customer(4.61), management(5.13))"
2305,#2305 WFD,Teachers would like to receive feedback on their teaching skills.,1,0,1,1,"lex=0(rare_avg=4.52: feedback(4.32), teaching(4.72)) | grammar=modal(would) | dictation=dense(6)"
2306,#2306 WFD,Those laws were primarily intended to impose restrictions on immigration.,1,0,1,1,"lex=0(rare_avg=4.12: impose(3.92), restrictions(4.31)) | grammar=passive(were primarily intended) | dictation=dense(6)"
2307,#2307 WFD,The school system is feeling the impact of the budget crisis.,2,0,0,2,"lex=0(rare_avg=4.72: crisis(4.62), budget(4.82)) | dictation=long(11); dense(6)"
2308,#2308 WFD,All students will be provided adequate opportunities to study here.,3,0,2,0,"lex=0(rare_avg=4.33: adequate(4.05), opportunities(4.61)) | grammar=adv_sub(provided); passive(be provided)"
2309,#2309 WFD,Our community has dedicated themselves to delivering public services for months.,2,0,1,2,"lex=0(rare_avg=4.33: delivering(4.09), dedicated(4.58)) | grammar=perfect(has dedicated) | dictation=long(11); dense(7)"
2310,#2310 WFD,In this study area you must stay silent all the time.,2,0,1,1,"lex=0(rare_avg=4.86: silent(4.45), study(5.26)) | grammar=modal(must) | dictation=long(11)"
2311,#2311 WFD,Applicants shall meet the following criteria for admission to the program.,2,0,0,2,"lex=0(rare_avg=4.04: applicants(3.94), admission(4.15)) | dictation=long(11); dense(6)"
2312,#2312 WFD,The research reported the physical status of most school children.,1,0,0,1,"lex=0(rare_avg=4.91: status(4.87), physical(4.94)) | dictation=dense(6)"
2313,#2313 WFD,Students are asked to analyze the intention of the writer.,1,0,1,0,"lex=0(rare_avg=4.08: analyze(3.84), intention(4.33)) | grammar=passive(are asked)"
2314,#2314 WFD,This study guide helps you achieve your goals on the exam.,2,0,0,2,"lex=0(rare_avg=4.42: exam(4.26), achieve(4.57)) | dictation=long(11); dense(6)"
2315,#2315 WFD,The study group has reviewed several models for potential use.,1,0,1,1,"lex=0(rare_avg=4.49: reviewed(4.23), models(4.74)) | grammar=perfect(has reviewed) | dictation=dense(7)"
2316,#2316 WFD,Several high schools are unable to offer an advanced diploma program.,2,0,0,2,"lex=0(rare_avg=4.19: diploma(3.76), unable(4.61)) | dictation=long(11); dense(8)"
2317,#2317 WFD,Neither of my parents had a high school diploma.,1,0,0,0,"lex=0(rare_avg=4.26: diploma(3.76), neither(4.77))"
2318,#2318 WFD,Teachers can help determine what the students need to study.,1,0,0,1,"lex=0(rare_avg=4.69: determine(4.63), teachers(4.74)) | dictation=dense(6)"
2319,#2319 WFD,This study shows the urgent need for parent education programs.,1,0,0,1,"lex=0(rare_avg=4.36: urgent(4.15), parent(4.57)) | dictation=dense(7)"
2320,#2320 WFD,He has dedicated his life to helping the students.,1,0,1,0,"lex=0(rare_avg=4.68: dedicated(4.58), helping(4.78)) | grammar=perfect(has dedicated)"
2321,#2321 WFD,Field experiences are required for admission to this professional program.,1,0,1,1,"lex=0(rare_avg=4.35: admission(4.15), experiences(4.55)) | grammar=passive(are required) | dictation=dense(6)"
2322,#2322 WFD,There is no record that he obtained a high school diploma.,1,0,0,1,"lex=0(rare_avg=4.12: diploma(3.76), obtained(4.49)) | dictation=long(11)"
2323,#2323 WFD,Students will need these reasoning skills in all academic areas.,1,0,0,1,"lex=0(rare_avg=4.29: reasoning(4.01), academic(4.57)) | dictation=dense(6)"
2324,#2324 WFD,This study period can be shortened under a strict condition.,1,1,1,0,"lex=1(rare_avg=3.87: shortened(3.50), strict(4.23)) | grammar=passive(be shortened)"
2325,#2325 WFD,"In certain areas, housing can be quite affordable for us.",1,0,0,0,"lex=0(rare_avg=4.49: affordable(4.22), housing(4.77))"
2326,#2326 WFD,The policy is related to the conditions of admission to college.,2,0,1,1,"lex=0(rare_avg=4.57: admission(4.15), conditions(4.98)) | grammar=passive(is related) | dictation=long(11)"
2327,#2327 WFD,Students should stay at school until the end of the school day.,2,0,1,2,"lex=0(rare_avg=5.29: students(5.25), stay(5.33)) | grammar=modal(should) | dictation=long(12); dense(7)"
2328,#2328 WFD,Creative decisions can be made by students working in small groups.,2,0,0,2,"lex=0(rare_avg=4.66: creative(4.60), decisions(4.72)) | dictation=long(11); dense(7)"
2329,#2329 WFD,We can supply information on specific products as you need.,1,0,0,0,"lex=0(rare_avg=4.92: supply(4.81), specific(5.03))"
2330,#2330 WFD,The school has awarded some of its most promising students.,1,0,1,0,"lex=0(rare_avg=4.23: promising(4.11), awarded(4.35)) | grammar=perfect(has awarded)"
2331,#2331 WFD,A child's age on admission to school may vary in different areas.,2,0,1,3,"lex=0(rare_avg=4.07: child's(3.99), admission(4.15)) | grammar=modal(may) | dictation=contraction; long(12); dense(7)"
2332,#2332 WFD,Some students have failed to complete a high school education.,1,0,1,1,"lex=0(rare_avg=4.96: failed(4.82), complete(5.10)) | grammar=perfect(have failed) | dictation=dense(6)"
2333,#2333 WFD,Career assistants can help students who are seeking career guidance.,1,0,1,1,"lex=0(rare_avg=4.00: assistants(3.68), guidance(4.33)) | grammar=relative(who) | dictation=dense(7)"
2334,#2334 WFD,"At this stage, the financial situation is rather promising.",1,0,0,0,"lex=0(rare_avg=4.60: promising(4.11), financial(5.08))"
2335,#2335 WFD,Maintaining an adequate supply of affordable housing is very difficult.,1,0,0,1,"lex=0(rare_avg=4.13: adequate(4.05), affordable(4.22)) | dictation=dense(6)"
2336,#2336 WFD,The discussion aims to make admission to school more transparent.,1,0,0,1,"lex=0(rare_avg=4.08: transparent(4.01), admission(4.15)) | dictation=dense(6)"
2337,#2337 WFD,All student clubs are required to have a major sponsor.,1,0,1,0,"lex=0(rare_avg=4.28: sponsor(4.04), clubs(4.51)) | grammar=passive(are required)"
2338,#2338 WFD,This section will include some teaching strategies and career development.,1,0,0,1,"lex=0(rare_avg=4.50: strategies(4.29), teaching(4.72)) | dictation=dense(6)"
2339,#2339 WFD,"During the study period, you must work hard to keep up.",2,0,1,1,"lex=0(rare_avg=5.23: period(5.21), study(5.26)) | grammar=modal(must) | dictation=long(11)"
2340,#2340 WFD,"For the next few years, she dedicated herself to her work.",1,0,0,1,"lex=0(rare_avg=4.68: dedicated(4.58), herself(4.78)) | dictation=long(11)"
2341,#2341 WFD,We help students to obtain admission to university very efficiently.,1,0,0,1,"lex=0(rare_avg=3.97: efficiently(3.79), admission(4.15)) | dictation=dense(6)"
2342,#2342 WFD,The business partner or corporate sponsor can be an organization.,1,0,0,0,"lex=0(rare_avg=4.34: sponsor(4.04), corporate(4.64))"
2343,#2343 WFD,There has been an increasing diversity in career opportunities.,1,0,1,0,"lex=0(rare_avg=4.46: diversity(4.32), opportunities(4.61)) | grammar=perfect(has been)"
2344,#2344 WFD,"After years of work, scholars have acquired much useful information.",1,0,1,1,"lex=0(rare_avg=4.26: scholars(4.12), acquired(4.40)) | grammar=perfect(have acquired) | dictation=dense(7)"
2345,#2345 WFD,Our focus in this chapter is primarily on work experience.,1,0,0,0,"lex=0(rare_avg=4.57: primarily(4.48), chapter(4.65))"
2346,#2346 WFD,The public health department has warned us of some unhealthy lifestyles.,2,1,1,2,"lex=1(rare_avg=3.52: lifestyles(3.32), unhealthy(3.72)) | grammar=perfect(has warned) | dictation=long(11); dense(6)"
2347,#2347 WFD,The primary school is located at the center of the town.,2,0,1,1,"lex=0(rare_avg=4.87: located(4.86), primary(4.88)) | grammar=passive(is located) | dictation=long(11)"
2348,#2348 WFD,"In addition to psychology, he also teaches chemistry and physics.",1,0,0,0,"lex=0(rare_avg=4.13: teaches(3.95), psychology(4.31))"
2349,#2349 WFD,They are drafting a final report on the study of foreign trade.,2,0,0,2,"lex=0(rare_avg=4.37: drafting(3.66), foreign(5.08)) | dictation=long(12); dense(6)"
2350,#2350 WFD,Some of our graduates are deficient in mathematics skills.,1,1,1,0,"lex=1(rare_avg=3.67: deficient(3.33), graduates(4.02)) | grammar=passive(are deficient)"
2351,#2351 WFD,I have met him several times in different public lectures.,1,0,1,1,"lex=0(rare_avg=4.53: lectures(3.96), met(5.09)) | grammar=perfect(have met) | dictation=dense(6)"
2352,#2352 WFD,She is trying hard to find solutions to this mathematics problem.,2,0,0,2,"lex=0(rare_avg=4.33: mathematics(4.15), solutions(4.50)) | dictation=long(11); dense(6)"
2353,#2353 WFD,The project has been specifically designed for history teachers.,3,0,2,0,"lex=0(rare_avg=4.70: specifically(4.65), teachers(4.74)) | grammar=passive(been specifically designed); perfect(has been specifically designed)"
2354,#2354 WFD,This section includes a series of team building activities in school.,2,0,0,2,"lex=0(rare_avg=4.94: activities(4.91), includes(4.96)) | dictation=long(11); dense(7)"
2355,#2355 WFD,A further study suggests the opposite of the former theory.,1,0,0,0,"lex=0(rare_avg=4.55: suggests(4.49), opposite(4.62))"
2356,#2356 WFD,This is a public lecture on the subject of corporate finance.,1,0,0,1,"lex=0(rare_avg=4.39: lecture(4.14), corporate(4.64)) | dictation=long(11)"
2357,#2357 WFD,This book provides a new way of understanding some social issues.,2,0,0,2,"lex=0(rare_avg=4.81: provides(4.80), understanding(4.82)) | dictation=long(11); dense(7)"
2358,#2358 WFD,The program helps students develop a better understanding of geography.,1,0,0,1,"lex=0(rare_avg=4.36: geography(3.98), helps(4.74)) | dictation=dense(7)"
2359,#2359 WFD,The meeting was attended by all members of this study team.,2,0,1,1,"lex=0(rare_avg=4.81: attended(4.47), meeting(5.15)) | grammar=passive(was attended) | dictation=long(11)"
2360,#2360 WFD,They are adequately motivated in mathematics and other basic sciences.,1,1,1,0,"lex=1(rare_avg=3.89: adequately(3.64), motivated(4.14)) | grammar=passive(are adequately motivated)"
2361,#2361 WFD,The award is presented to organizations that are dedicated to biology.,2,0,1,1,"lex=0(rare_avg=4.40: biology(4.22), dedicated(4.58)) | grammar=passive(is presented) | dictation=long(11)"
2362,#2362 WFD,They have notably developed writing skills after two years of study.,2,0,1,2,"lex=0(rare_avg=4.39: notably(4.01), skills(4.77)) | grammar=perfect(have notably developed) | dictation=long(11); dense(7)"
2363,#2363 WFD,The team was made up of social workers and occupational therapists.,2,1,0,2,"lex=1(rare_avg=3.58: therapists(3.43), occupational(3.72)) | dictation=long(11); dense(6)"
2364,#2364 WFD,We currently offer free monthly lectures on different health topics.,1,0,0,1,"lex=0(rare_avg=4.12: lectures(3.96), topics(4.27)) | dictation=dense(8)"
2365,#2365 WFD,"Over a long period of time, a new team was built.",2,0,1,2,"lex=0(rare_avg=5.14: built(5.07), period(5.21)) | grammar=passive(was built) | dictation=long(11); dense(6)"
2366,#2366 WFD,Organizing public lectures can be a difficult task for new teachers.,2,0,0,2,"lex=0(rare_avg=3.96: lectures(3.96), organizing(3.97)) | dictation=long(11); dense(7)"
2367,#2367 WFD,This approach encourages students to develop their own research skills.,1,0,0,1,"lex=0(rare_avg=4.29: encourages(3.84), develop(4.75)) | dictation=dense(6)"
2368,#2368 WFD,The words used in academic lectures tend to be more formal.,2,0,0,2,"lex=0(rare_avg=4.21: lectures(3.96), formal(4.45)) | dictation=long(11); dense(6)"
2369,#2369 WFD,Customer feedback about the store has been very positive.,1,0,1,0,"lex=0(rare_avg=4.46: feedback(4.32), customer(4.61)) | grammar=perfect(has been)"
2370,#2370 WFD,Students need to develop strategies for comprehending the academic lectures.,1,1,0,1,"lex=1(rare_avg=3.29: comprehending(2.61), lectures(3.96)) | dictation=dense(7)"
2371,#2371 WFD,This course includes several class lectures and laboratory activities.,1,0,0,1,"lex=0(rare_avg=4.13: lectures(3.96), laboratory(4.31)) | dictation=dense(7)"
2372,#2372 WFD,We must hand in our assignment by the end of the semester.,2,0,1,1,"lex=0(rare_avg=4.11: semester(4.03), assignment(4.18)) | grammar=modal(must) | dictation=long(12)"
2373,#2373 WFD,The team has been together on this project for weeks.,1,0,1,0,"lex=0(rare_avg=5.21: weeks(5.19), project(5.22)) | grammar=perfect(has been)"
2374,#2374 WFD,These college lectures are available only for certain students.,1,0,0,0,"lex=0(rare_avg=4.56: lectures(3.96), certain(5.16))"
2375,#2375 WFD,The team has traveled thousands of miles and rescued many people.,2,0,1,2,"lex=0(rare_avg=4.00: rescued(3.94), traveled(4.06)) | grammar=perfect(has traveled) | dictation=long(11); dense(7)"
2376,#2376 WFD,The weekly lectures will be presented by the coordinating professor.,1,1,1,0,"lex=1(rare_avg=3.77: coordinating(3.59), lectures(3.96)) | grammar=passive(be presented)"
2377,#2377 WFD,The book provides a systematic development of students' listening and speaking skills.,2,0,0,2,"lex=0(rare_avg=4.27: systematic(3.87), listening(4.66)) | dictation=long(12); dense(8)"
2378,#2378 WFD,Many of the college lectures take place in the early morning.,2,0,0,2,"lex=0(rare_avg=4.62: lectures(3.96), college(5.27)) | dictation=long(11); dense(7)"
2379,#2379 WFD,Your training includes developing skills in communication and problem solving.,1,0,0,1,"lex=0(rare_avg=4.33: solving(3.99), developing(4.66)) | dictation=dense(7)"
2380,#2380 WFD,The author of the lecture is well known to the public.,2,0,1,1,"lex=0(rare_avg=4.54: lecture(4.14), author(4.95)) | grammar=passive(is well known) | dictation=long(11)"
2381,#2381 WFD,Our students study not only local history but also foreign literature.,2,0,0,2,"lex=0(rare_avg=4.85: literature(4.62), foreign(5.08)) | dictation=long(11); dense(6)"
2382,#2382 WFD,The conclusions of our earlier study must be viewed cautiously.,3,1,2,0,"lex=1(rare_avg=3.66: cautiously(3.32), conclusions(4.00)) | grammar=modal(must); passive(be viewed)"
2383,#2383 WFD,The graduate student has made a contract with a technology company.,2,0,0,2,"lex=0(rare_avg=4.72: graduate(4.50), contract(4.94)) | dictation=long(11); dense(6)"
2384,#2384 WFD,He is one of the leading authors in educational psychology.,1,0,0,0,"lex=0(rare_avg=4.40: psychology(4.31), authors(4.49))"
2385,#2385 WFD,Students enrolled in this course were divided into different groups.,1,0,1,1,"lex=0(rare_avg=4.20: enrolled(3.92), divided(4.47)) | grammar=passive(were divided into different) | dictation=dense(6)"
2386,#2386 WFD,Formal course study is a valuable means of professional development.,1,0,0,1,"lex=0(rare_avg=4.48: formal(4.45), valuable(4.51)) | dictation=dense(7)"
2387,#2387 WFD,Students do need opportunities to practice what they are learning.,1,0,0,0,"lex=0(rare_avg=4.77: opportunities(4.61), learning(4.92))"
2388,#2388 WFD,Working hard is not necessarily the norm in this university.,1,0,0,0,"lex=0(rare_avg=4.21: norm(3.93), necessarily(4.48))"
2389,#2389 WFD,The community junior college is a free public educational institution.,1,0,0,1,"lex=0(rare_avg=4.45: institution(4.41), junior(4.49)) | dictation=dense(7)"
2390,#2390 WFD,You are encouraged to join one of our sports clubs.,1,0,1,0,"lex=0(rare_avg=4.42: encouraged(4.32), clubs(4.51)) | grammar=passive(are encouraged)"
2391,#2391 WFD,The students should pay more attention to their spelling errors.,1,0,1,0,"lex=0(rare_avg=4.12: spelling(4.00), errors(4.25)) | grammar=modal(should)"
2392,#2392 WFD,The lecturer spared a few minutes for students to ask questions.,2,1,0,2,"lex=1(rare_avg=3.68: spared(3.64), lecturer(3.72)) | dictation=long(11); dense(6)"
2393,#2393 WFD,Our mission is to disseminate and apply the new knowledge.,1,0,0,0,"lex=0(rare_avg=3.92: disseminate(3.03), apply(4.81))"
2394,#2394 WFD,College may have an impact on the mental growth of students.,3,0,2,1,"lex=0(rare_avg=4.88: mental(4.83), impact(4.92)) | grammar=modal(may); modal_perfect(may have an impact) | dictation=long(11)"
2395,#2395 WFD,The development of scientific knowledge is crucial to every field.,1,0,0,0,"lex=0(rare_avg=4.47: crucial(4.28), scientific(4.67))"
2396,#2396 WFD,The college has always been willing to accept financial aid.,1,0,1,0,"lex=0(rare_avg=4.73: willing(4.72), aid(4.75)) | grammar=perfect(has always been)"
2397,#2397 WFD,A basic knowledge of English is a prerequisite for Australian citizenship.,2,1,0,1,"lex=1(rare_avg=3.67: prerequisite(3.24), citizenship(4.10)) | dictation=long(11)"
2398,#2398 WFD,"In Britain, public transport is in fact becoming increasingly expensive.",1,0,0,1,"lex=0(rare_avg=4.53: increasingly(4.38), transport(4.68)) | dictation=dense(6)"
2399,#2399 WFD,All of your writing assignments will be reviewed by another peer.,2,0,1,1,"lex=0(rare_avg=4.01: assignments(3.88), peer(4.14)) | grammar=passive(be reviewed) | dictation=long(11)"
2400,#2400 WFD,Her articles have been published in various newspapers and magazines.,3,0,2,0,"lex=0(rare_avg=4.16: magazines(4.07), newspapers(4.25)) | grammar=passive(been published); perfect(have been published)"
2401,#2401 WFD,This is a brief survey of public support in selected nations.,2,0,0,2,"lex=0(rare_avg=4.60: brief(4.52), selected(4.68)) | dictation=long(11); dense(6)"
2402,#2402 WFD,These writing tips on the website contribute to professional writing skills.,2,0,0,2,"lex=0(rare_avg=4.46: contribute(4.34), tips(4.58)) | dictation=long(11); dense(7)"
2403,#2403 WFD,This chapter presents the diversity of the social sciences in the region.,2,0,0,2,"lex=0(rare_avg=4.36: diversity(4.32), sciences(4.39)) | dictation=long(12); dense(6)"
2404,#2404 WFD,The officer has urged that these political issues be addressed.,3,0,2,0,"lex=0(rare_avg=4.13: urged(4.01), addressed(4.26)) | grammar=passive(be addressed); perfect(has urged)"
2405,#2405 WFD,This book invites readers to discuss future directions in social development.,2,0,0,2,"lex=0(rare_avg=3.97: invites(3.71), directions(4.23)) | dictation=long(11); dense(8)"
2406,#2406 WFD,The last part of this unit is about writing a story.,1,0,0,1,"lex=0(rare_avg=5.01: unit(4.95), writing(5.07)) | dictation=long(11)"
2407,#2407 WFD,People of higher status tend more to travel by private cars.,2,0,0,2,"lex=0(rare_avg=4.72: tend(4.57), status(4.87)) | dictation=long(11); dense(7)"
2408,#2408 WFD,The pilot has an impressive academic and business background.,1,0,0,0,"lex=0(rare_avg=4.49: impressive(4.47), pilot(4.52))"
2409,#2409 WFD,The college's aim is to help students to achieve their aspirations.,2,1,0,3,"lex=1(rare_avg=3.37: college's(3.07), aspirations(3.66)) | dictation=contraction; long(11); dense(6)"
2410,#2410 WFD,We employ an expert to advise on the new technology.,1,0,0,0,"lex=0(rare_avg=4.03: employ(3.96), advise(4.09))"
2411,#2411 WFD,Sociology has become a popular discipline among college students.,1,0,0,1,"lex=0(rare_avg=4.00: sociology(3.78), discipline(4.23)) | dictation=dense(7)"
2412,#2412 WFD,This text explores market research techniques such as customer visits.,1,0,0,1,"lex=0(rare_avg=3.97: explores(3.64), visits(4.30)) | dictation=dense(7)"
2413,#2413 WFD,Current research has been carried out in universities and other institutions.,3,0,2,1,"lex=0(rare_avg=4.47: universities(4.36), institutions(4.58)) | grammar=passive(been carried); perfect(has been carried) | dictation=long(11)"
2414,#2414 WFD,This standard is easily attainable by most of the students.,1,0,0,0,"lex=0(rare_avg=4.00: attainable(3.10), easily(4.91))"
2415,#2415 WFD,He dealt with the problem in a highly professional way.,1,0,0,0,"lex=0(rare_avg=4.54: dealt(4.20), highly(4.89))"
2416,#2416 WFD,They are now making plans to form their own separate group.,1,0,0,1,"lex=0(rare_avg=4.92: separate(4.83), plans(5.01)) | dictation=long(11)"
2417,#2417 WFD,Please check that your surname has been correctly entered.,3,1,2,0,"lex=1(rare_avg=3.85: surname(3.50), correctly(4.21)) | grammar=passive(been correctly entered); perfect(has been correctly entered)"
2418,#2418 WFD,Parents and children have to work jointly to bridge the gap.,2,0,0,2,"lex=0(rare_avg=4.12: jointly(3.78), gap(4.47)) | dictation=long(11); dense(6)"
2419,#2419 WFD,This discovery has opened up a whole new field of research.,2,0,1,2,"lex=0(rare_avg=4.65: discovery(4.45), opened(4.85)) | grammar=perfect(has opened) | dictation=long(11); dense(6)"
2420,#2420 WFD,People in this country enjoy a high standard of living.,1,0,0,1,"lex=0(rare_avg=5.06: standard(5.03), enjoy(5.09)) | dictation=dense(6)"
2421,#2421 WFD,Business research has different branches using different research methods.,1,0,1,1,"lex=0(rare_avg=4.45: branches(4.21), methods(4.68)) | grammar=perfect(has different) | dictation=dense(8)"
2422,#2422 WFD,Universities can also act as a cultural agent in our society.,1,0,0,1,"lex=0(rare_avg=4.55: universities(4.36), cultural(4.75)) | dictation=long(11)"
2423,#2423 WFD,He developed his own program in partnership with an American expert.,1,0,0,1,"lex=0(rare_avg=4.52: partnership(4.48), expert(4.56)) | dictation=long(11)"
2424,#2424 WFD,Their background gives them little chance of achieving at school.,1,0,0,1,"lex=0(rare_avg=4.40: achieving(4.03), background(4.77)) | dictation=dense(6)"
2425,#2425 WFD,People in this kind of job tend to work long hours.,2,0,0,2,"lex=0(rare_avg=4.99: tend(4.57), hours(5.40)) | dictation=long(11); dense(7)"
2426,#2426 WFD,The field of social development includes descriptions of social behavior.,1,0,0,1,"lex=0(rare_avg=4.30: descriptions(3.92), behavior(4.69)) | dictation=dense(7)"
2427,#2427 WFD,Children need books in their own language with settings that reflect their lives.,2,0,0,2,"lex=0(rare_avg=4.31: settings(4.23), reflect(4.39)) | dictation=long(13); dense(7)"
2428,#2428 WFD,Our students have participated in exchange programs to widen their horizons.,2,1,1,2,"lex=1(rare_avg=3.36: widen(3.25), horizons(3.47)) | grammar=perfect(have participated) | dictation=long(11); dense(6)"
2429,#2429 WFD,"Before choosing your university courses, you should consider your future career.",2,0,1,2,"lex=0(rare_avg=4.36: choosing(4.26), courses(4.46)) | grammar=modal(should) | dictation=long(11); dense(6)"
2430,#2430 WFD,All students join art classes in their first term.,1,0,0,1,"lex=0(rare_avg=4.88: classes(4.77), join(5.00)) | dictation=dense(6)"
2431,#2431 WFD,Traffic noise is intensified by high buildings.,1,0,1,0,"lex=0(rare_avg=4.00: intensified(3.46), noise(4.55)) | grammar=passive(is intensified)"
2432,#2432 WFD,I will come back as soon as possible.,1,0,0,0,"lex=0(rare_avg=5.34: soon(5.32), possible(5.36))"
2433,#2433 WFD,Visual aids can be really helpful when you are revising.,1,1,0,0,"lex=1(rare_avg=3.71: revising(3.18), aids(4.25))"
2434,#2434 WFD,You do not need to be encouraged to be a hero.,2,0,1,1,"lex=0(rare_avg=4.50: encouraged(4.32), hero(4.68)) | grammar=passive(be encouraged) | dictation=long(11)"
2435,#2435 WFD,You may not arrange your time when reading the text.,1,0,1,0,"lex=0(rare_avg=4.50: arrange(4.00), text(5.01)) | grammar=modal(may)"
2436,#2436 WFD,We encourage students to complete their applications before the deadline.,1,0,0,0,"lex=0(rare_avg=4.29: deadline(4.12), encourage(4.45))"
2437,#2437 WFD,I will be back in several minutes.,1,0,0,0,"lex=0(rare_avg=5.35: minutes(5.31), several(5.39))"
2438,#2438 WFD,"Every year, more and more academic courses are made available online.",2,0,0,3,"lex=0(rare_avg=4.52: courses(4.46), academic(4.57)) | dictation=list_enum; long(11); dense(6)"
2439,#2439 WFD,"Many students are now studying science, technology, engineering and maths.",1,0,0,2,"lex=0(rare_avg=4.08: maths(3.75), studying(4.42)) | dictation=list_enum; dense(7)"
2440,#2440 WFD,Consumers are better informed today because of the Internet.,1,0,1,0,"lex=0(rare_avg=4.42: consumers(4.39), informed(4.45)) | grammar=passive(are better informed)"
2441,#2441 WFD,The lecturer is here to visit us from Canada.,1,0,0,0,"lex=0(rare_avg=4.38: lecturer(3.72), visit(5.04))"
2442,#2442 WFD,Even the most motivated students may need help to choose their careers.,2,0,1,2,"lex=0(rare_avg=4.11: careers(4.08), motivated(4.14)) | grammar=modal(may) | dictation=long(12); dense(6)"
2443,#2443 WFD,They cannot put in everything: choices have to be made.,1,0,0,0,"lex=0(rare_avg=4.79: choices(4.46), cannot(5.11))"
2444,#2444 WFD,The residence hall is closed prior to the academic building closing time at the end of the semester.,2,0,1,2,"lex=0(rare_avg=4.20: semester(4.03), residence(4.36)) | grammar=passive(is closed) | dictation=long(18); dense(10)"
2445,#2445 WFD,A few journalism students need to read the school newspaper.,1,0,0,1,"lex=0(rare_avg=4.36: journalism(4.12), newspaper(4.60)) | dictation=dense(6)"
2446,#2446 WFD,More choices are available other than studying full time at university.,2,0,0,2,"lex=0(rare_avg=4.44: studying(4.42), choices(4.46)) | dictation=long(11); dense(6)"
2447,#2447 WFD,Job opportunities are created for a better economy in the future.,2,0,1,2,"lex=0(rare_avg=4.74: opportunities(4.61), economy(4.87)) | grammar=passive(are created) | dictation=long(11); dense(6)"
2448,#2448 WFD,You may not be allowed to read any books without the reading list.,3,0,2,2,"lex=0(rare_avg=5.08: allowed(5.03), reading(5.14)) | grammar=modal(may); passive(be allowed to read) | dictation=long(13); dense(6)"
2449,#2449 WFD,It took almost three years to build the football stadium.,1,0,0,1,"lex=0(rare_avg=4.83: stadium(4.63), build(5.04)) | dictation=dense(7)"
2450,#2450 WFD,Your term papers should include current social issues.,1,0,1,1,"lex=0(rare_avg=4.90: papers(4.61), issues(5.19)) | grammar=modal(should) | dictation=dense(6)"
2451,#2451 WFD,You may not manage your time well without a reading list.,2,0,1,2,"lex=0(rare_avg=4.84: manage(4.54), reading(5.14)) | grammar=modal(may) | dictation=long(11); dense(6)"
2452,#2452 WFD,It is a debate about the value of knowledge.,1,0,0,0,"lex=0(rare_avg=4.80: debate(4.64), knowledge(4.96))"
2453,#2453 WFD,Digital scanners can scan all kinds of materials provided they are in small pieces.,2,1,1,2,"lex=1(rare_avg=3.67: scanners(3.26), scan(4.07)) | grammar=adv_sub(provided) | dictation=long(14); dense(8)"
2454,#2454 WFD,Today we have a guest speaker who is visiting from Canada.,2,0,1,1,"lex=0(rare_avg=4.46: visiting(4.44), speaker(4.49)) | grammar=relative(who) | dictation=long(11)"
2455,#2455 WFD,"During the examination, electronic devices must be left with the supervisor.",3,0,2,1,"lex=0(rare_avg=4.11: supervisor(3.95), examination(4.26)) | grammar=modal(must); passive(be left) | dictation=long(11)"
2456,#2456 WFD,All laboratory equipment will be provided in class.,3,0,2,0,"lex=0(rare_avg=4.59: laboratory(4.31), equipment(4.88)) | grammar=adv_sub(provided); passive(be provided)"
2457,#2457 WFD,Over the years more and more students are young.,1,0,0,0,"lex=0(rare_avg=5.34: students(5.25), young(5.43))"
2458,#2458 WFD,Courses on nutrition are growing in popularity every year.,1,0,0,0,"lex=0(rare_avg=4.17: nutrition(4.10), popularity(4.24))"
2459,#2459 WFD,The office opens on Monday and Thursday directly following the freshman seminar.,2,1,0,2,"lex=1(rare_avg=3.88: seminar(3.77), freshman(3.98)) | dictation=long(12); dense(6)"
2460,#2460 WFD,The essay should be clear during the exam.,1,0,1,0,"lex=0(rare_avg=4.25: essay(4.23), exam(4.26)) | grammar=modal(should)"
2462,#2462 WFD,Kindness is very important nowadays.,1,0,1,0,"lex=0(rare_avg=4.05: kindness(4.00), nowadays(4.11)) | grammar=passive(is very important)"
2463,#2463 WFD,Optional tutorials are offered in the final week of a term.,2,1,1,2,"lex=1(rare_avg=3.69: tutorials(3.46), optional(3.91)) | grammar=passive(are offered) | dictation=long(11); dense(6)"
2465,#2465 WFD,There is a fitness center next to the student union.,1,0,0,0,"lex=0(rare_avg=4.71: fitness(4.39), student(5.02))"
2466,#2466 WFD,Digital scans of archived materials are provided with a small fee.,3,1,2,2,"lex=1(rare_avg=3.51: archived(3.40), scans(3.62)) | grammar=adv_sub(provided); passive(are provided) | dictation=long(11); dense(7)"
2467,#2467 WFD,Tutorials are scheduled in the final week of the term.,1,0,1,0,"lex=0(rare_avg=3.96: tutorials(3.46), scheduled(4.45)) | grammar=passive(are scheduled)"
2468,#2468 WFD,Mixtures are defined as compounds of chemically separate parts.,2,1,1,1,"lex=1(rare_avg=3.17: mixtures(3.09), chemically(3.24)) | grammar=passive(are defined) | dictation=dense(6)"
2469,#2469 WFD,The student union hosts a variety of social events.,1,0,0,1,"lex=0(rare_avg=4.49: hosts(4.23), variety(4.75)) | dictation=dense(6)"
2470,#2470 WFD,Some people work for wages on a daily basis.,1,0,0,0,"lex=0(rare_avg=4.53: wages(4.25), basis(4.81))"
2471,#2471 WFD,You are advised to submit all the dissertations.,1,1,1,0,"lex=1(rare_avg=3.48: dissertations(2.79), advised(4.18)) | grammar=passive(are advised)"
2472,#2472 WFD,The new articles for the study and the subject are collected.,2,0,1,1,"lex=0(rare_avg=4.67: collected(4.63), articles(4.71)) | grammar=passive(are collected) | dictation=long(11)"
2473,#2473 WFD,The study's results emphasize the earlier discoveries from early detection.,2,1,0,2,"lex=1(rare_avg=3.12: study's(2.55), emphasize(3.69)) | dictation=contraction; dense(7)"
2474,#2474 WFD,Popular culture is now a significant focus of academic research.,1,0,1,1,"lex=0(rare_avg=4.78: academic(4.57), significant(4.98)) | grammar=passive(is now a significant) | dictation=dense(6)"
2475,#2475 WFD,Prospective students can enjoy a daily campus tour in the summer.,2,0,0,2,"lex=0(rare_avg=4.19: prospective(3.87), campus(4.51)) | dictation=long(11); dense(7)"
2476,#2476 WFD,Interim grades will be posted on the student lounge bulletin board.,2,1,1,2,"lex=1(rare_avg=3.85: bulletin(3.79), lounge(3.92)) | grammar=passive(be posted) | dictation=long(11); dense(7)"
2477,#2477 WFD,"A well-designed architectural structure should be functional, long-lasting, and aesthetically pleasing.",2,1,1,3,"lex=1(rare_avg=3.47: aesthetically(3.19), pleasing(3.75)) | grammar=modal(should) | dictation=list_enum; long(11); dense(9)"
2478,#2478 WFD,A massive amount of data was transformed into a clear argument.,2,0,1,2,"lex=0(rare_avg=4.36: transformed(4.08), argument(4.64)) | grammar=passive(was transformed) | dictation=long(11); dense(6)"
2479,#2479 WFD,A person's education level is closely linked to their economic background.,2,0,1,3,"lex=0(rare_avg=4.29: person's(4.04), closely(4.53)) | grammar=passive(is closely linked) | dictation=contraction; long(11); dense(7)"
2480,#2480 WFD,Affordable housing is a pressing concern for all members of society.,2,0,0,2,"lex=0(rare_avg=4.15: pressing(4.08), affordable(4.22)) | dictation=long(11); dense(6)"
2481,#2481 WFD,Agenda items must be submitted by the end of the day.,3,0,2,1,"lex=0(rare_avg=4.31: agenda(4.30), submitted(4.32)) | grammar=modal(must); passive(be submitted) | dictation=long(11)"
2483,#2483 WFD,Lectures and learning materials are readily available on the internet.,1,0,0,1,"lex=0(rare_avg=3.95: readily(3.93), lectures(3.96)) | dictation=dense(6)"
2484,#2484 WFD,All assignments must be submitted to the faculty office in person.,3,0,2,1,"lex=0(rare_avg=4.10: assignments(3.88), submitted(4.32)) | grammar=modal(must); passive(be submitted) | dictation=long(11)"
2485,#2485 WFD,Each student is expected to attend ten lab sessions per semester.,2,0,1,2,"lex=0(rare_avg=4.22: semester(4.03), lab(4.42)) | grammar=passive(is expected) | dictation=long(11); dense(8)"
2486,#2486 WFD,It is quite clear that our facial expressions are different across the world.,2,0,1,2,"lex=0(rare_avg=4.01: expressions(3.92), facial(4.10)) | grammar=passive(are different) | dictation=long(13); dense(7)"
2487,#2487 WFD,It stands as an important contribution in that regard and others.,1,0,0,1,"lex=0(rare_avg=4.35: contribution(4.34), regard(4.36)) | dictation=long(11)"
2488,#2488 WFD,Attracting skilled workers to an expensive housing city is challenging.,1,0,0,1,"lex=0(rare_avg=3.91: attracting(3.69), skilled(4.13)) | dictation=dense(7)"
2489,#2489 WFD,You must register online or by post before attending the lecture.,2,0,1,1,"lex=0(rare_avg=4.22: lecture(4.14), attending(4.31)) | grammar=modal(must) | dictation=long(11)"
2490,#2490 WFD,Make sure to read the remaining chapters before completing the exercise.,2,0,0,2,"lex=0(rare_avg=4.08: completing(4.06), chapters(4.10)) | dictation=long(11); dense(7)"
2491,#2491 WFD,Your advisor must approve your application before submitting your dissertation.,1,1,1,0,"lex=1(rare_avg=3.63: submitting(3.56), dissertation(3.70)) | grammar=modal(must)"
2492,#2492 WFD,"Behind the barn, you'll find a flat cart pulled by mules.",2,1,0,3,"lex=1(rare_avg=3.54: mules(3.11), cart(3.98)) | dictation=contraction; long(11); dense(8)"
2493,#2493 WFD,Below the middle heating controls is a small round plastic button.,2,0,0,2,"lex=0(rare_avg=4.29: heating(4.18), controls(4.41)) | dictation=long(11); dense(7)"
2494,#2494 WFD,Building trust is a gradual process that can't be rushed.,2,1,1,2,"lex=1(rare_avg=3.83: gradual(3.67), rushed(3.98)) | grammar=passive(be rushed) | dictation=contraction; dense(6)"
2495,#2495 WFD,Specific scientific principles must either be verbally learned or deduced logically.,3,1,2,2,"lex=1(rare_avg=3.17: deduced(2.94), verbally(3.41)) | grammar=modal(must); passive(be verbally learned) | dictation=long(11); dense(8)"
2496,#2496 WFD,Cinema and music hold equal importance to science and mathematics.,1,0,0,1,"lex=0(rare_avg=4.16: mathematics(4.15), cinema(4.17)) | dictation=dense(7)"
2497,#2497 WFD,Kindly click on the logo above to access the site.,1,0,0,0,"lex=0(rare_avg=4.14: kindly(4.00), logo(4.28))"
2498,#2498 WFD,Early economic aspects of the Roman Republic will be explored.,1,0,1,0,"lex=0(rare_avg=4.20: explored(3.90), aspects(4.50)) | grammar=passive(be explored)"
2499,#2499 WFD,Eight groups must submit their project outlines to their tutors.,2,1,1,1,"lex=1(rare_avg=3.38: tutors(3.15), outlines(3.60)) | grammar=modal(must) | dictation=dense(6)"
2500,#2500 WFD,Each student possesses both the right and the ability to succeed.,1,0,0,1,"lex=0(rare_avg=3.95: possesses(3.61), succeed(4.29)) | dictation=long(11)"
2501,#2501 WFD,Discover how to access your resources before beginning your research.,1,0,0,0,"lex=0(rare_avg=4.65: discover(4.39), resources(4.91))"
2502,#2502 WFD,"Generally, young children worldwide derive enjoyment from listening to stories.",1,1,0,1,"lex=1(rare_avg=3.66: derive(3.51), enjoyment(3.81)) | dictation=dense(8)"
2503,#2503 WFD,Geography is typically categorized into two branches: human and physical.,2,1,1,1,"lex=1(rare_avg=3.65: categorized(3.31), geography(3.98)) | grammar=passive(is typically categorized) | dictation=dense(7)"
2504,#2504 WFD,He secured a position at a highly esteemed law firm.,1,1,0,1,"lex=1(rare_avg=3.75: esteemed(3.28), secured(4.23)) | dictation=dense(6)"
2505,#2505 WFD,I'll now illustrate how the reaction can be halted.,2,1,1,1,"lex=1(rare_avg=3.62: halted(3.52), illustrate(3.71)) | grammar=passive(be halted) | dictation=contraction"
2506,#2506 WFD,Critical details from the argument are absent in the summary.,1,0,1,0,"lex=0(rare_avg=4.17: absent(3.98), summary(4.37)) | grammar=passive(are absent)"
2507,#2507 WFD,Crucial details in the article are omitted from the summary.,1,0,1,0,"lex=0(rare_avg=3.91: omitted(3.53), crucial(4.28)) | grammar=passive(are omitted)"
2508,#2508 WFD,"Most products are affected in terms of demand, pricing, and consumption.",3,0,2,3,"lex=0(rare_avg=4.20: pricing(4.04), consumption(4.35)) | grammar=phrase(in terms of); passive(are affected) | dictation=list_enum; long(11); dense(6)"
2509,#2509 WFD,"Classical languages are rarely read, and information may soon vanish forever.",3,1,2,2,"lex=1(rare_avg=3.83: vanish(3.39), classical(4.26)) | grammar=modal(may); passive(are rarely read) | dictation=long(11); dense(8)"
2510,#2510 WFD,It's genuinely a comprehensive program encompassing both theory and practice.,2,1,0,2,"lex=1(rare_avg=3.72: encompassing(3.35), genuinely(4.10)) | dictation=contraction; dense(7)"
2511,#2511 WFD,It's genuinely a comprehensive program covering both theory and practice.,1,0,0,2,"lex=0(rare_avg=4.23: genuinely(4.10), comprehensive(4.36)) | dictation=contraction; dense(7)"
2512,#2512 WFD,Predicting the reactions of all the different characters was difficult.,1,0,0,0,"lex=0(rare_avg=3.93: predicting(3.62), reactions(4.24))"
2513,#2513 WFD,It's just a sense of trying something new and succeeding.,1,0,0,2,"lex=0(rare_avg=4.41: succeeding(3.63), sense(5.19)) | dictation=contraction; dense(6)"
2514,#2514 WFD,Laws protect consumer rights and mitigate market-related concerns effectively.,1,0,0,1,"lex=0(rare_avg=4.02: mitigate(3.54), effectively(4.49)) | dictation=dense(9)"
2515,#2515 WFD,Lectures represent the most traditional and formal teaching approach in universities.,2,0,0,2,"lex=0(rare_avg=4.16: lectures(3.96), universities(4.36)) | dictation=long(11); dense(7)"
2516,#2516 WFD,Allow me to provide an example to clarify my point.,1,0,0,0,"lex=0(rare_avg=4.43: clarify(3.85), allow(5.01))"
2517,#2517 WFD,"If anyone faces challenges in the lab, please inform me.",1,0,0,1,"lex=0(rare_avg=4.29: inform(4.15), lab(4.42)) | dictation=dense(6)"
2518,#2518 WFD,"Making errors is acceptable, as long as you learn from them.",2,0,1,1,"lex=0(rare_avg=4.26: errors(4.25), acceptable(4.27)) | grammar=phrase(as long as) | dictation=long(11)"
2519,#2519 WFD,"Most theories shared similarities, but a minority of critics disagreed.",1,1,0,1,"lex=1(rare_avg=3.64: disagreed(3.49), similarities(3.79)) | dictation=dense(6)"
2520,#2520 WFD,Most of these characteristics were components of the previous system.,1,0,0,0,"lex=0(rare_avg=4.36: characteristics(4.28), components(4.44))"
2521,#2521 WFD,The consensus among most scientists is that climate change endangers life.,2,1,0,2,"lex=1(rare_avg=3.35: endangers(2.60), consensus(4.10)) | dictation=long(11); dense(7)"
2522,#2522 WFD,Lecture notes are typically accessible online from most teaching staff.,1,0,0,1,"lex=0(rare_avg=4.16: lecture(4.14), accessible(4.18)) | dictation=dense(7)"
2523,#2523 WFD,Mutually exclusive events can be described as either complementary or opposing.,2,1,1,2,"lex=1(rare_avg=3.62: complementary(3.56), mutually(3.68)) | grammar=passive(be described) | dictation=long(11); dense(7)"
2524,#2524 WFD,NASA has consistently led the way in deep space exploration.,1,0,1,1,"lex=0(rare_avg=4.20: exploration(4.19), nasa(4.21)) | grammar=perfect(has consistently led) | dictation=dense(7)"
2525,#2525 WFD,A maximum of four individuals can be in the lab simultaneously.,1,0,0,1,"lex=0(rare_avg=4.29: simultaneously(4.17), lab(4.42)) | dictation=long(11)"
2526,#2526 WFD,Observers anxiously waited and held their breath for the concert.,1,1,0,1,"lex=1(rare_avg=3.43: anxiously(3.09), observers(3.77)) | dictation=dense(6)"
2527,#2527 WFD,One of the election pledges is to reduce income tax.,1,0,0,1,"lex=0(rare_avg=4.06: pledges(3.39), reduce(4.73)) | dictation=dense(6)"
2528,#2528 WFD,People look at organizational failure in different ways in studies.,1,0,0,1,"lex=0(rare_avg=4.28: organizational(3.83), failure(4.72)) | dictation=dense(7)"
2529,#2529 WFD,Our class will make two groups; come with me or stay.,2,0,0,2,"lex=0(rare_avg=5.22: groups(5.12), stay(5.33)) | dictation=long(11); dense(6)"
2530,#2530 WFD,Too many people and not enough cleanliness impacted most people's lives.,2,1,0,3,"lex=1(rare_avg=3.50: cleanliness(3.26), impacted(3.73)) | dictation=contraction; long(11); dense(7)"
2531,#2531 WFD,Parents must pay for their kids until they grow up.,1,0,1,0,"lex=0(rare_avg=5.05: grow(4.90), parents(5.21)) | grammar=modal(must)"
2532,#2532 WFD,Active people usually live longer and don't get sick.,1,0,0,2,"lex=0(rare_avg=4.90: sick(4.88), active(4.93)) | dictation=contraction; dense(8)"
2533,#2533 WFD,Pets help people who are sick or old feel better.,1,0,1,1,"lex=0(rare_avg=4.48: pets(4.08), sick(4.88)) | grammar=relative(who) | dictation=dense(7)"
2534,#2534 WFD,Look at the website to find out when they open.,1,0,0,0,"lex=0(rare_avg=5.29: website(5.09), open(5.48))"
2535,#2535 WFD,The college lab will be closed for cleaning next week.,1,0,1,1,"lex=0(rare_avg=4.40: cleaning(4.39), lab(4.42)) | grammar=passive(be closed) | dictation=dense(6)"
2536,#2536 WFD,Don't forget your highlighter and book for class on Thursday.,1,0,0,1,"lex=0(rare_avg=3.94: highlighter(2.83), forget(5.06)) | dictation=contraction"
2537,#2537 WFD,People who might buy something can read what workers post online.,3,0,2,2,"lex=0(rare_avg=5.07: workers(4.95), online(5.19)) | grammar=modal(might); relative(who) | dictation=long(11); dense(7)"
2538,#2538 WFD,What people think about biotech is important for science to agree.,2,0,1,2,"lex=0(rare_avg=4.06: biotech(3.16), agree(4.97)) | grammar=passive(is important) | dictation=long(11); dense(6)"
2539,#2539 WFD,"If more things are sold, it means people want more.",1,0,1,0,"lex=0(rare_avg=5.21: sold(4.97), means(5.44)) | grammar=passive(are sold)"
2540,#2540 WFD,We sold more last year than we thought we would.,1,0,1,0,"lex=0(rare_avg=5.28: sold(4.97), thought(5.59)) | grammar=modal(would)"
2541,#2541 WFD,The ocean might get higher in the years to come.,1,0,1,0,"lex=0(rare_avg=4.94: ocean(4.70), higher(5.18)) | grammar=modal(might)"
2542,#2542 WFD,You can find the necessary books stored in the library.,1,0,0,0,"lex=0(rare_avg=4.52: stored(4.18), library(4.86))"
2543,#2543 WFD,"In academic writing, having a clear organization is fundamentally important.",1,0,1,1,"lex=0(rare_avg=4.17: fundamentally(3.77), academic(4.57)) | grammar=passive(is fundamentally important) | dictation=dense(7)"
2544,#2544 WFD,Packaging that stands out can captivate someone interested in buying.,1,1,0,1,"lex=1(rare_avg=3.24: captivate(2.52), packaging(3.96)) | dictation=dense(6)"
2545,#2545 WFD,Please notify us when you have received the course textbook.,1,1,1,0,"lex=1(rare_avg=3.75: notify(3.73), textbook(3.77)) | grammar=perfect(have received)"
2546,#2546 WFD,Make certain that every source you use is cited correctly.,1,0,1,1,"lex=0(rare_avg=4.25: correctly(4.21), cited(4.29)) | grammar=passive(is cited) | dictation=dense(6)"
2547,#2547 WFD,Remember to sign the register before you exit the classroom.,1,0,0,0,"lex=0(rare_avg=4.25: classroom(4.15), exit(4.35))"
2548,#2548 WFD,Stripes on children's gifts add a playful and appealing touch.,2,1,0,2,"lex=1(rare_avg=3.64: playful(3.53), stripes(3.76)) | dictation=contraction; dense(7)"
2549,#2549 WFD,We're seeing more service animals assist people in public places.,1,0,0,2,"lex=0(rare_avg=4.63: assist(4.42), animals(4.84)) | dictation=contraction; dense(8)"
2550,#2550 WFD,Her work in chemistry has greatly advanced the scientific community.,1,0,1,1,"lex=0(rare_avg=4.34: greatly(4.33), chemistry(4.35)) | grammar=perfect(has greatly advanced) | dictation=dense(6)"
2551,#2551 WFD,"Previously, she served as the chief editor for the student-led newspaper.",2,0,0,2,"lex=0(rare_avg=4.61: newspaper(4.60), editor(4.62)) | dictation=long(11); dense(7)"
2552,#2552 WFD,A group of economists believes our financial system has critical flaws.,2,1,0,2,"lex=1(rare_avg=3.80: economists(3.76), flaws(3.85)) | dictation=long(11); dense(7)"
2553,#2553 WFD,There's a debate on whether education really holds significant value.,1,0,0,2,"lex=0(rare_avg=4.62: holds(4.60), debate(4.64)) | dictation=contraction; dense(8)"
2554,#2554 WFD,"For some learners, true-or-false questions pose greater challenges than written responses.",2,1,0,2,"lex=1(rare_avg=3.79: learners(3.48), pose(4.10)) | dictation=long(11); dense(9)"
2555,#2555 WFD,Urban living can be quite overwhelming for some young individuals.,1,0,0,1,"lex=0(rare_avg=4.37: overwhelming(4.08), urban(4.65)) | dictation=dense(6)"
2556,#2556 WFD,Statistical findings need to be presented differently in various situations.,1,0,1,1,"lex=0(rare_avg=4.19: statistical(4.14), differently(4.23)) | grammar=passive(be presented) | dictation=dense(7)"
2557,#2557 WFD,Students can expect their ID cards to be ready by today.,1,0,0,1,"lex=0(rare_avg=4.88: cards(4.76), expect(5.01)) | dictation=long(11)"
2558,#2558 WFD,Student reps will visit classes to distribute the voting paperwork.,1,1,0,1,"lex=1(rare_avg=3.70: reps(3.61), distribute(3.79)) | dictation=dense(7)"
2559,#2559 WFD,Students should employ a variety of techniques for their project work.,2,0,1,2,"lex=0(rare_avg=4.23: employ(3.96), techniques(4.51)) | grammar=modal(should) | dictation=long(11); dense(6)"
2560,#2560 WFD,Students should carefully consider their housing options for the term.,1,0,1,1,"lex=0(rare_avg=4.58: carefully(4.46), options(4.71)) | grammar=modal(should) | dictation=dense(6)"
2561,#2561 WFD,"Assignments must be submitted by this week's end, as directed.",3,0,2,1,"lex=0(rare_avg=3.96: assignments(3.88), week's(4.05)) | grammar=modal(must); passive(be submitted) | dictation=contraction"
2562,#2562 WFD,The research paper's deadline is set for this coming Monday.,2,1,1,1,"lex=1(rare_avg=3.54: paper's(2.97), deadline(4.12)) | grammar=passive(is set) | dictation=contraction"
2563,#2563 WFD,Research methodology must be utilized by students for the project.,3,1,2,0,"lex=1(rare_avg=3.83: methodology(3.82), utilized(3.83)) | grammar=modal(must); passive(be utilized)"
2564,#2564 WFD,Qualifying exams must be passed by all students to progress.,3,0,2,0,"lex=0(rare_avg=4.00: exams(4.00), qualifying(4.01)) | grammar=modal(must); passive(be passed)"
2565,#2565 WFD,Apply early if you need an extension on your coursework.,1,1,0,0,"lex=1(rare_avg=3.73: coursework(3.00), extension(4.46))"
2566,#2566 WFD,Pupils were asked to form a straight queue outside the room.,2,0,1,2,"lex=0(rare_avg=3.98: queue(3.78), pupils(4.18)) | grammar=passive(were asked) | dictation=long(11); dense(7)"
2567,#2567 WFD,Registration for the conference is now open for interested students.,1,0,0,0,"lex=0(rare_avg=4.63: registration(4.32), interested(4.95))"
2568,#2568 WFD,The media world's evolution is the focus of student reports.,1,0,0,2,"lex=0(rare_avg=4.51: evolution(4.41), world's(4.61)) | dictation=contraction; dense(6)"
2569,#2569 WFD,Group assignments should be submitted promptly by a team member.,3,1,2,1,"lex=1(rare_avg=3.86: promptly(3.84), assignments(3.88)) | grammar=modal(should); passive(be submitted) | dictation=dense(6)"
2570,#2570 WFD,The interplay of supply and demand is crucial in market economics.,2,1,0,2,"lex=1(rare_avg=3.71: interplay(3.15), crucial(4.28)) | dictation=long(11); dense(6)"
2571,#2571 WFD,Sydney is renowned as Australia's bustling cultural hub and port.,2,1,1,2,"lex=1(rare_avg=3.56: bustling(3.16), renowned(3.96)) | grammar=passive(is renowned) | dictation=contraction; dense(6)"
2572,#2572 WFD,This summary leads us to the dawn of the twentieth century.,1,0,0,1,"lex=0(rare_avg=4.04: twentieth(3.80), dawn(4.27)) | dictation=long(11)"
2573,#2573 WFD,Working in the lab presents us with numerous challenges daily.,1,0,0,1,"lex=0(rare_avg=4.42: presents(4.41), lab(4.42)) | dictation=dense(6)"
2574,#2574 WFD,The goal is to minimize the risks that individuals undertake.,1,1,0,0,"lex=1(rare_avg=3.76: undertake(3.73), minimize(3.80))"
2575,#2575 WFD,Teenagers' leisure activities in rural settings were analyzed in the article.,2,0,1,2,"lex=0(rare_avg=3.91: analyzed(3.90), leisure(3.92)) | grammar=passive(were analyzed) | dictation=long(11); dense(7)"
2576,#2576 WFD,Artists affiliated with conservative politics also play the role of critics.,2,0,0,2,"lex=0(rare_avg=4.17: affiliated(3.96), critics(4.39)) | dictation=long(11); dense(7)"
2577,#2577 WFD,The textile sector plays a major role in economic enhancement.,1,1,0,1,"lex=1(rare_avg=3.69: enhancement(3.63), textile(3.75)) | dictation=dense(7)"
2578,#2578 WFD,"The project was seen by some as merely cosmetic, not substantive.",2,1,0,1,"lex=1(rare_avg=3.56: substantive(3.41), cosmetic(3.71)) | dictation=long(11)"
2579,#2579 WFD,Options for student housing range from dorms to apartments off-site.,1,1,0,1,"lex=1(rare_avg=3.50: dorms(2.99), apartments(4.01)) | dictation=dense(7)"
2580,#2580 WFD,Course evaluations are scheduled to start from the following week.,1,0,1,1,"lex=0(rare_avg=3.94: evaluations(3.43), scheduled(4.45)) | grammar=passive(are scheduled) | dictation=dense(6)"
2581,#2581 WFD,"Currently, the author serves as a professor at Cambridge University.",1,0,0,0,"lex=0(rare_avg=4.64: serves(4.39), professor(4.90))"
2582,#2582 WFD,Bar charts serve as effective tools for comparing different data.,1,0,0,1,"lex=0(rare_avg=4.14: comparing(4.13), charts(4.16)) | dictation=dense(8)"
2583,#2583 WFD,The business course is designed to engage local student populations.,1,0,1,1,"lex=0(rare_avg=4.28: populations(4.19), engage(4.36)) | grammar=passive(is designed) | dictation=dense(7)"
2584,#2584 WFD,Our seminar on business planning includes an internship at a firm.,2,1,0,2,"lex=1(rare_avg=3.69: internship(3.61), seminar(3.77)) | dictation=long(11); dense(6)"
2585,#2585 WFD,This camera has the technology to detect and focus on eyes.,1,0,0,1,"lex=0(rare_avg=4.46: detect(4.05), camera(4.87)) | dictation=long(11)"
2586,#2586 WFD,"Near the entrance, you will find the building dedicated to chemistry.",2,0,0,2,"lex=0(rare_avg=4.37: chemistry(4.35), entrance(4.39)) | dictation=long(11); dense(6)"
2587,#2587 WFD,Students enjoy special discounts at the coffee house all week.,1,0,0,1,"lex=0(rare_avg=4.33: discounts(3.79), coffee(4.86)) | dictation=dense(7)"
2588,#2588 WFD,There's an ongoing effort to enhance the company's public image.,1,0,0,2,"lex=0(rare_avg=4.17: enhance(4.04), company's(4.31)) | dictation=contraction; dense(7)"
2589,#2589 WFD,Updates to the course reflect recent changes in the field.,1,0,0,1,"lex=0(rare_avg=4.35: updates(4.31), reflect(4.39)) | dictation=dense(6)"
2590,#2590 WFD,The designers have plans to finalize the project by today.,1,1,0,0,"lex=1(rare_avg=3.47: finalize(2.89), designers(4.05))"
2591,#2591 WFD,Renovations are planned for the dining hall this autumn break.,2,1,1,1,"lex=1(rare_avg=3.77: renovations(3.40), dining(4.14)) | grammar=passive(are planned) | dictation=dense(6)"
2592,#2592 WFD,The final academic year includes coursework and a major project.,1,1,0,1,"lex=1(rare_avg=3.79: coursework(3.00), academic(4.57)) | dictation=dense(7)"
2593,#2593 WFD,The due date for the initial assignment is September fourteenth.,1,1,0,0,"lex=1(rare_avg=3.76: fourteenth(3.35), assignment(4.18))"
2594,#2594 WFD,The history of the movement has been documented by authors.,3,0,2,0,"lex=0(rare_avg=4.25: documented(4.00), authors(4.49)) | grammar=passive(been documented); perfect(has been documented)"
2595,#2595 WFD,This island marks the southernmost point of the large bay.,1,1,0,1,"lex=1(rare_avg=3.63: southernmost(2.77), marks(4.49)) | dictation=dense(6)"
2596,#2596 WFD,The author's early work initially emphasized experimental methods over philosophical ones.,2,1,0,3,"lex=1(rare_avg=3.57: author's(3.43), emphasized(3.71)) | dictation=contraction; long(11); dense(9)"
2597,#2597 WFD,Taking a campus tour offers a comprehensive preview of learning environments.,2,0,0,2,"lex=0(rare_avg=3.99: preview(3.96), environments(4.02)) | dictation=long(11); dense(8)"
2598,#2598 WFD,This department has a notably higher enrollment of postgraduate students.,1,1,0,1,"lex=1(rare_avg=3.60: postgraduate(3.28), enrollment(3.92)) | dictation=dense(6)"
2599,#2599 WFD,Technological advancements in information have transformed how we work today.,2,1,1,1,"lex=1(rare_avg=3.59: advancements(3.12), technological(4.06)) | grammar=perfect(have transformed) | dictation=dense(6)"
2600,#2600 WFD,The gallery's leadership expressed warm gratitude to the unknown donor.,2,1,0,2,"lex=1(rare_avg=3.23: gallery's(2.54), gratitude(3.92)) | dictation=contraction; dense(7)"
2601,#2601 WFD,Our planet's atmosphere consists mostly of nitrogen and oxygen gases.,2,1,0,2,"lex=1(rare_avg=3.49: planet's(3.24), gases(3.73)) | dictation=contraction; dense(7)"
2602,#2602 WFD,Achieving full equality remains an ongoing goal in our society.,1,0,0,1,"lex=0(rare_avg=4.14: achieving(4.03), equality(4.26)) | dictation=dense(7)"
2603,#2603 WFD,Staff at the university will review feedback on evaluation forms.,1,0,0,1,"lex=0(rare_avg=4.27: evaluation(4.21), feedback(4.32)) | dictation=dense(6)"
2604,#2604 WFD,The amount of advertising aimed at children sparks widespread debate.,1,0,0,1,"lex=0(rare_avg=3.98: sparks(3.76), widespread(4.19)) | dictation=dense(7)"
2605,#2605 WFD,The role of collaboration among students is incredibly crucial to success.,2,0,0,2,"lex=0(rare_avg=4.28: collaboration(4.28), crucial(4.28)) | dictation=long(11); dense(7)"
2606,#2606 WFD,Courses differ mainly in the type of assessments they employ.,1,1,0,1,"lex=1(rare_avg=3.88: assessments(3.79), employ(3.96)) | dictation=dense(6)"
2607,#2607 WFD,The gathered data was effectively transformed into an understandable argument.,1,0,1,1,"lex=0(rare_avg=3.91: understandable(3.74), transformed(4.08)) | grammar=passive(was effectively transformed) | dictation=dense(6)"
2608,#2608 WFD,Some schedule conflicts are making the meeting difficult to manage.,1,0,0,1,"lex=0(rare_avg=4.32: conflicts(4.10), manage(4.54)) | dictation=dense(6)"
2609,#2609 WFD,Weeding is recognized as a fundamental step in the farming process.,2,1,1,2,"lex=1(rare_avg=3.52: weeding(2.84), farming(4.21)) | grammar=passive(is recognized) | dictation=long(11); dense(6)"
2610,#2610 WFD,A few slots are still available in the most demanded courses.,1,0,0,1,"lex=0(rare_avg=3.98: slots(3.83), demanded(4.12)) | dictation=long(11)"
2611,#2611 WFD,The nation's wealth grew by trading through its open harbors.,2,1,0,2,"lex=1(rare_avg=3.50: harbors(3.00), nation's(3.99)) | dictation=contraction; dense(6)"
2612,#2612 WFD,The closest ATM is situated near the anatomy laboratory entrance.,1,0,1,1,"lex=0(rare_avg=4.07: anatomy(3.94), situated(4.19)) | grammar=passive(is situated) | dictation=dense(6)"
2613,#2613 WFD,The new study challenges what we previously assumed was true.,1,0,0,1,"lex=0(rare_avg=4.44: assumed(4.39), challenges(4.49)) | dictation=dense(6)"
2614,#2614 WFD,Lack of consumer interest led to the new product's failure.,2,1,0,2,"lex=1(rare_avg=3.59: product's(2.62), consumer(4.56)) | dictation=contraction; dense(7)"
2615,#2615 WFD,The office will remain shut throughout the festive holiday season.,1,0,0,1,"lex=0(rare_avg=4.12: festive(3.58), holiday(4.66)) | dictation=dense(7)"
2616,#2616 WFD,The professor is taking a sabbatical to focus on her publication.,2,1,0,1,"lex=1(rare_avg=3.70: sabbatical(2.95), publication(4.45)) | dictation=long(11)"
2617,#2617 WFD,Summer school programs provide a fast track for student learning.,1,0,0,1,"lex=0(rare_avg=4.91: programs(4.90), learning(4.92)) | dictation=dense(8)"
2618,#2618 WFD,The graph indicates only a slight increase in growth recently.,1,0,0,1,"lex=0(rare_avg=4.13: graph(4.05), slight(4.22)) | dictation=dense(6)"
2619,#2619 WFD,The instructor directed the group to start their assigned work.,1,0,0,1,"lex=0(rare_avg=4.21: instructor(4.02), assigned(4.39)) | dictation=dense(6)"
2620,#2620 WFD,"In the concert venue, the teaching ensemble will showcase their talent.",2,1,0,2,"lex=1(rare_avg=3.82: ensemble(3.72), showcase(3.92)) | dictation=long(11); dense(6)"
2621,#2621 WFD,The composition showcases a reserved style in its musical theme.,1,1,0,1,"lex=1(rare_avg=3.71: showcases(3.25), reserved(4.18)) | dictation=dense(6)"
2622,#2622 WFD,The publication's main focus was on assessing the prevalent issue.,2,2,0,2,"lex=2(rare_avg=2.92: publication's(2.09), assessing(3.74)) | dictation=contraction; dense(6)"
2623,#2623 WFD,We will assess qualifications using a method based on conference criteria.,2,0,0,2,"lex=0(rare_avg=3.98: qualifications(3.88), assess(4.07)) | dictation=long(11); dense(7)"
2624,#2624 WFD,Relative humidity quantifies the level of water vapor in the air.,2,2,0,2,"lex=2(rare_avg=2.87: quantifies(2.17), vapor(3.56)) | dictation=long(11); dense(7)"
2625,#2625 WFD,Rising global temperatures are significantly changing wildlife populations and behavior.,1,0,0,1,"lex=0(rare_avg=4.26: populations(4.19), temperatures(4.33)) | dictation=dense(8)"
2626,#2626 WFD,The summer program was discontinued due to a lack of participants.,2,0,1,2,"lex=0(rare_avg=4.02: discontinued(3.63), participants(4.40)) | grammar=passive(was discontinued) | dictation=long(11); dense(6)"
2627,#2627 WFD,The thief habitually broke into several different homes each day.,1,1,0,1,"lex=1(rare_avg=3.37: habitually(2.86), thief(3.88)) | dictation=dense(7)"
2628,#2628 WFD,"For postgraduate researchers, securing funding is often the hardest part.",1,1,0,1,"lex=1(rare_avg=3.60: postgraduate(3.28), securing(3.93)) | dictation=dense(7)"
2629,#2629 WFD,The study found a strong correlation between its two primary variables.,2,0,0,2,"lex=0(rare_avg=3.92: correlation(3.86), variables(3.97)) | dictation=long(11); dense(7)"
2630,#2630 WFD,This university's archaeology school is known worldwide for its excellence.,2,1,1,2,"lex=1(rare_avg=3.67: archaeology(3.57), university's(3.78)) | grammar=passive(is known) | dictation=contraction; dense(6)"
2631,#2631 WFD,Solar energy's untapped potential for use holds incredibly vast possibilities.,2,2,0,2,"lex=2(rare_avg=2.76: energy's(2.58), untapped(2.94)) | dictation=contraction; dense(9)"
2632,#2632 WFD,Specialized vocabulary with unique meanings within fields is termed jargon.,2,1,1,1,"lex=1(rare_avg=3.43: jargon(3.24), termed(3.62)) | grammar=passive(is termed) | dictation=dense(8)"
2633,#2633 WFD,The methods of communication among people are evolving over time steadily.,2,1,0,2,"lex=1(rare_avg=3.80: evolving(3.77), steadily(3.84)) | dictation=long(11); dense(7)"
2634,#2634 WFD,The project's goal was to examine standard cases rather than exceptions.,2,1,1,3,"lex=1(rare_avg=3.58: project's(3.20), exceptions(3.97)) | grammar=phrase(rather than) | dictation=contraction; long(11); dense(7)"
2635,#2635 WFD,Comprehensive theory and practical training are necessities in medical specializations.,2,2,0,1,"lex=2(rare_avg=2.96: specializations(2.57), necessities(3.36)) | dictation=dense(7)"
2636,#2636 WFD,"Globally, governments are structured and operate in various distinct forms.",2,1,1,1,"lex=1(rare_avg=3.82: globally(3.82), structured(3.82)) | grammar=passive(are structured) | dictation=dense(7)"
2637,#2637 WFD,Medical studies branch out into numerous specialties and research areas.,1,0,0,1,"lex=0(rare_avg=3.95: specialties(3.31), branch(4.58)) | dictation=dense(7)"
2638,#2638 WFD,Our world features a diversity of governmental systems and policies.,1,0,0,1,"lex=0(rare_avg=4.08: governmental(3.85), diversity(4.32)) | dictation=dense(6)"
2639,#2639 WFD,Some historical events' occurrence is questioned due to scant evidence.,2,1,1,1,"lex=1(rare_avg=3.44: scant(3.10), occurrence(3.77)) | grammar=passive(is questioned) | dictation=dense(7)"
2640,#2640 WFD,Many individuals continue to encounter challenges while working in labs.,1,0,0,1,"lex=0(rare_avg=4.04: labs(3.82), encounter(4.26)) | dictation=dense(8)"
2641,#2641 WFD,"Near the campus bookstore, students can conveniently find a pharmacy.",1,1,0,1,"lex=1(rare_avg=3.50: bookstore(3.42), conveniently(3.58)) | dictation=dense(7)"
2642,#2642 WFD,A reception to welcome new students is hosted each academic term.,2,0,1,2,"lex=0(rare_avg=4.24: reception(4.23), hosted(4.25)) | grammar=passive(is hosted) | dictation=long(11); dense(7)"
2643,#2643 WFD,The necessity for expanded research in this discipline is evident.,1,0,1,0,"lex=0(rare_avg=3.95: necessity(3.91), evident(3.99)) | grammar=passive(is evident)"
2644,#2644 WFD,The best presenting student at the seminar was awarded a prize.,2,0,1,2,"lex=0(rare_avg=3.92: seminar(3.77), presenting(4.08)) | grammar=passive(was awarded) | dictation=long(11); dense(6)"
2645,#2645 WFD,No link was established between the medication used and healing rates.,2,0,1,2,"lex=0(rare_avg=4.19: medication(4.15), healing(4.23)) | grammar=passive(was established between) | dictation=long(11); dense(6)"
2646,#2646 WFD,A summer conference on academic web research is scheduled here next.,2,0,1,2,"lex=0(rare_avg=4.51: scheduled(4.45), academic(4.57)) | grammar=passive(is scheduled) | dictation=long(11); dense(7)"
2647,#2647 WFD,These factors are also linked to numerous deaths of sea creatures.,2,0,1,2,"lex=0(rare_avg=4.37: creatures(4.21), deaths(4.53)) | grammar=passive(are also linked) | dictation=long(11); dense(6)"
2648,#2648 WFD,"Both individuals, raised in the countryside, prefer it to city living.",2,0,0,3,"lex=0(rare_avg=4.25: countryside(3.92), prefer(4.57)) | dictation=list_enum; long(11); dense(6)"
2649,#2649 WFD,They've been working since last year to introduce paid services.,1,0,0,2,"lex=0(rare_avg=4.56: introduce(4.37), they've(4.76)) | dictation=contraction; dense(8)"
2650,#2650 WFD,The integrated course combines various elements into a cohesive program.,1,1,0,1,"lex=1(rare_avg=3.52: cohesive(3.31), combines(3.73)) | dictation=dense(7)"
2651,#2651 WFD,He is well-qualified to guide groups on mountain expeditions safely.,1,1,0,1,"lex=1(rare_avg=3.79: expeditions(3.36), safely(4.22)) | dictation=dense(7)"
2652,#2652 WFD,"Unfortunately, today's lecture on economic policy is no longer happening.",1,0,0,2,"lex=0(rare_avg=4.33: lecture(4.14), today's(4.53)) | dictation=contraction; dense(7)"
2653,#2653 WFD,The graph indicates only a slight increase has been observed.,3,0,2,0,"lex=0(rare_avg=4.13: graph(4.05), slight(4.22)) | grammar=passive(been observed); perfect(has been observed)"
2654,#2654 WFD,This tech company specializes in developing and launching new software.,1,1,0,1,"lex=1(rare_avg=3.75: specializes(3.50), launching(3.99)) | dictation=dense(7)"
2655,#2655 WFD,Students needing more time should request an extension from the faculty.,2,0,1,2,"lex=0(rare_avg=4.17: needing(4.02), faculty(4.32)) | grammar=modal(should) | dictation=long(11); dense(6)"
2656,#2656 WFD,Consider attending this marketing seminar if you're exploring the field.,1,0,0,2,"lex=0(rare_avg=3.92: seminar(3.77), exploring(4.06)) | dictation=contraction; dense(7)"
2657,#2657 WFD,Including a thorough bibliography is necessary to secure full marks.,1,1,0,1,"lex=1(rare_avg=3.90: bibliography(3.82), thorough(3.97)) | dictation=dense(7)"
2658,#2658 WFD,A complete bibliography is essential for achieving the highest score.,1,0,0,1,"lex=0(rare_avg=3.92: bibliography(3.82), achieving(4.03)) | dictation=dense(6)"
2659,#2659 WFD,The materials from today's lecture will appear on the upcoming exam.,2,0,0,3,"lex=0(rare_avg=4.20: lecture(4.14), exam(4.26)) | dictation=contraction; long(11); dense(6)"
2660,#2660 WFD,Traffic emissions are a primary source of air pollution in cities.,2,0,0,2,"lex=0(rare_avg=4.13: emissions(4.07), pollution(4.20)) | dictation=long(11); dense(7)"
2661,#2661 WFD,Collaborate with your peers to foster teamwork and a cooperative spirit.,2,1,0,2,"lex=1(rare_avg=3.50: teamwork(3.48), collaborate(3.51)) | dictation=long(11); dense(6)"
2662,#2662 WFD,Undergraduate students can participate in specific phases of the program.,1,1,0,1,"lex=1(rare_avg=3.84: phases(3.83), undergraduate(3.85)) | dictation=dense(6)"
2663,#2663 WFD,Knowing the library's use can significantly reduce your research time.,2,1,0,2,"lex=1(rare_avg=3.74: library's(2.93), significantly(4.54)) | dictation=contraction; dense(7)"
2664,#2664 WFD,An increase in university tuition fees is anticipated for next year.,2,0,1,2,"lex=0(rare_avg=4.03: tuition(3.97), anticipated(4.08)) | grammar=passive(is anticipated) | dictation=long(11); dense(7)"
2665,#2665 WFD,Installing water fountains can reduce plastic bottle usage on campus.,1,1,0,1,"lex=1(rare_avg=3.50: fountains(3.29), installing(3.71)) | dictation=dense(8)"
2666,#2666 WFD,Working as part of a team is a skill we possess.,1,0,0,1,"lex=0(rare_avg=4.22: possess(4.02), skill(4.42)) | dictation=long(11)"
2667,#2667 WFD,"Together, we aim to reach higher standards in education collectively.",1,0,0,1,"lex=0(rare_avg=4.17: collectively(3.82), aim(4.51)) | dictation=dense(7)"
2668,#2668 WFD,Complete equality within our society remains unrealized to this day.,1,1,0,1,"lex=1(rare_avg=3.44: unrealized(2.63), equality(4.26)) | dictation=dense(7)"
2669,#2669 WFD,We study science to comprehend and value our surrounding world.,1,0,0,1,"lex=0(rare_avg=4.10: comprehend(3.70), surrounding(4.49)) | dictation=dense(6)"
2670,#2670 WFD,Research and marketing are crucial when introducing a new product.,1,0,0,1,"lex=0(rare_avg=4.22: introducing(4.16), crucial(4.28)) | dictation=dense(6)"
2671,#2671 WFD,"Faced with high risks, companies might increase their product prices.",1,0,1,1,"lex=0(rare_avg=4.42: risks(4.35), faced(4.49)) | grammar=modal(might) | dictation=dense(7)"
2672,#2672 WFD,"Although reconciliation is sought, deep issues must be resolved first.",3,0,3,1,"lex=0(rare_avg=3.91: reconciliation(3.72), resolved(4.10)) | grammar=adv_sub(although); modal(must); passive(be resolved) | dictation=dense(7)"
2673,#2673 WFD,The delay in the project's progress has raised many questions.,2,1,1,2,"lex=1(rare_avg=3.80: project's(3.20), delay(4.40)) | grammar=perfect(has raised) | dictation=contraction; dense(6)"
2674,#2674 WFD,You must hand in your assignment by Friday without fail.,1,0,1,0,"lex=0(rare_avg=4.39: assignment(4.18), fail(4.61)) | grammar=modal(must)"
2675,#2675 WFD,Assignments must be submitted by Friday next week at the latest.,3,0,2,1,"lex=0(rare_avg=4.10: assignments(3.88), submitted(4.32)) | grammar=modal(must); passive(be submitted) | dictation=long(11)"
2676,#2676 WFD,Please ensure your graph is drawn on a separate sheet.,1,0,1,1,"lex=0(rare_avg=4.22: graph(4.05), sheet(4.40)) | grammar=passive(is drawn) | dictation=dense(6)"
2677,#2677 WFD,Your estate agent receives a commission for each house sold.,1,0,0,1,"lex=0(rare_avg=4.50: receives(4.19), agent(4.81)) | dictation=dense(6)"
2678,#2678 WFD,Your lowest quiz score has been excluded from the final grade.,3,1,2,2,"lex=1(rare_avg=3.85: quiz(3.82), excluded(3.89)) | grammar=passive(been excluded); perfect(has been excluded) | dictation=long(11); dense(6)"
2679,#2679 WFD,Ensure your summary is both as clear and succinct as possible.,2,1,0,1,"lex=1(rare_avg=3.63: succinct(2.90), summary(4.37)) | dictation=long(11)"
2680,#2680 WFD,Your job is to stimulate market demand for this new product.,2,0,0,2,"lex=0(rare_avg=4.25: stimulate(3.67), demand(4.84)) | dictation=long(11); dense(6)"
2681,#2681 WFD,Taking a second major can broaden your future career choices.,1,1,0,1,"lex=1(rare_avg=3.88: broaden(3.30), choices(4.46)) | dictation=dense(7)"
2682,#2682 WFD,Insufficient sleep can raise the risk of various health issues.,1,0,0,1,"lex=0(rare_avg=4.26: insufficient(3.77), raise(4.75)) | dictation=dense(7)"
2683,#2683 WFD,Sometimes taking action is better than doing nothing at all.,1,0,0,1,"lex=0(rare_avg=5.27: action(5.25), sometimes(5.28)) | dictation=dense(6)"
2684,#2684 WFD,"Throughout his life, he composed a vast array of music.",1,0,0,1,"lex=0(rare_avg=4.18: array(4.10), composed(4.27)) | dictation=dense(6)"
2685,#2685 WFD,It took years more to fully develop and prove the theory.,2,0,0,2,"lex=0(rare_avg=4.76: develop(4.75), prove(4.77)) | dictation=long(11); dense(6)"
2686,#2686 WFD,Most governments face the significant challenge of managing population growth.,1,0,0,1,"lex=0(rare_avg=4.43: managing(4.40), governments(4.45)) | dictation=dense(7)"
2687,#2687 WFD,"Usually, older students adapt very well to the university environment.",1,0,0,1,"lex=0(rare_avg=4.42: adapt(3.98), environment(4.87)) | dictation=dense(7)"
2688,#2688 WFD,An internal organ's role includes maintaining the body's core temperature.,2,2,0,2,"lex=2(rare_avg=2.67: organ's(1.72), body's(3.62)) | dictation=contraction; dense(8)"
2689,#2689 WFD,Our courses are designed to enhance critical and independent thinking skills.,2,0,1,2,"lex=0(rare_avg=4.25: enhance(4.04), courses(4.46)) | grammar=passive(are designed) | dictation=long(11); dense(7)"
2690,#2690 WFD,All laboratory equipment is available to students without any charge.,1,0,0,1,"lex=0(rare_avg=4.59: laboratory(4.31), equipment(4.88)) | dictation=dense(6)"
2691,#2691 WFD,Scientific progress relies heavily on the process of peer review.,1,0,0,1,"lex=0(rare_avg=3.97: relies(3.81), peer(4.14)) | dictation=dense(7)"
2692,#2692 WFD,Reports are needed to substantiate the claims made in your argument.,2,1,1,2,"lex=1(rare_avg=3.73: substantiate(2.83), argument(4.64)) | grammar=passive(are needed) | dictation=long(11); dense(6)"
2693,#2693 WFD,Safety protocols dictate always wearing protective gear in the lab.,1,1,0,1,"lex=1(rare_avg=3.67: dictate(3.58), protocols(3.76)) | dictation=dense(7)"
2694,#2694 WFD,The science library is situated at the library's ground level.,2,1,1,2,"lex=1(rare_avg=3.56: library's(2.93), situated(4.19)) | grammar=passive(is situated) | dictation=contraction; dense(6)"
2695,#2695 WFD,Some thinkers may be recognized as history's most influential scientists.,3,1,2,1,"lex=1(rare_avg=3.16: history's(2.84), thinkers(3.48)) | grammar=modal(may); passive(be recognized) | dictation=contraction"
2696,#2696 WFD,Studying abroad enhances students' prospects in the global job market.,1,1,0,1,"lex=1(rare_avg=3.69: enhances(3.31), prospects(4.07)) | dictation=dense(8)"
2697,#2697 WFD,Body fat plays a crucial role in insulating and warming organs.,2,1,0,2,"lex=1(rare_avg=3.51: insulating(3.02), organs(4.00)) | dictation=long(11); dense(8)"
2698,#2698 WFD,Steam power was the driving force of Europe's Industrial Revolution.,1,0,0,1,"lex=0(rare_avg=4.71: steam(4.52), driving(4.90)) | dictation=contraction"
2699,#2699 WFD,Visits to the new art gallery are limited to Fridays only.,2,0,1,1,"lex=0(rare_avg=4.39: visits(4.30), gallery(4.49)) | grammar=passive(are limited) | dictation=long(11)"
2700,#2700 WFD,"Next term, there will be changes to the office's operating hours.",2,1,0,3,"lex=1(rare_avg=3.74: office's(2.73), operating(4.75)) | dictation=contraction; long(11); dense(6)"
2701,#2701 WFD,This play's promotional poster is displayed in the main auditorium.,2,1,1,2,"lex=1(rare_avg=3.12: play's(2.72), auditorium(3.51)) | grammar=passive(is displayed) | dictation=contraction; dense(6)"
2702,#2702 WFD,Research shows Hong Kong residents are exceptionally active compared to others.,2,0,1,2,"lex=0(rare_avg=4.19: exceptionally(3.74), residents(4.64)) | grammar=passive(are exceptionally active compared) | dictation=long(11); dense(7)"
2703,#2703 WFD,The guest speaker was previously a faculty member in our department.,2,0,0,2,"lex=0(rare_avg=4.41: faculty(4.32), speaker(4.49)) | dictation=long(11); dense(6)"
2704,#2704 WFD,Planting more trees in urban areas has many beneficial reasons.,1,0,0,1,"lex=0(rare_avg=3.95: planting(3.81), beneficial(4.08)) | dictation=dense(7)"
2705,#2705 WFD,Few connections exist between the studies of philosophy and psychology.,1,0,0,0,"lex=0(rare_avg=4.31: psychology(4.31), connections(4.32))"
2706,#2706 WFD,Recent times have seen numerous changes in the mathematics faculty.,1,0,0,1,"lex=0(rare_avg=4.24: mathematics(4.15), faculty(4.32)) | dictation=dense(7)"
2707,#2707 WFD,A scheduled meeting for newcomers is set for this Friday.,1,0,1,0,"lex=0(rare_avg=3.95: newcomers(3.44), scheduled(4.45)) | grammar=passive(is set)"
2708,#2708 WFD,New term schedules will be released in the upcoming week.,1,0,1,1,"lex=0(rare_avg=4.08: schedules(3.81), upcoming(4.34)) | grammar=passive(be released) | dictation=dense(6)"
2709,#2709 WFD,Today's history class has been relocated to another lecture hall.,3,1,2,2,"lex=1(rare_avg=3.78: relocated(3.42), lecture(4.14)) | grammar=passive(been relocated); perfect(has been relocated) | dictation=contraction; dense(7)"
2710,#2710 WFD,The jobless rate recently dropped to the lowest point in years.,2,1,0,2,"lex=1(rare_avg=3.78: jobless(3.14), lowest(4.41)) | dictation=long(11); dense(7)"
2711,#2711 WFD,The winter sun is still sufficient for warmth despite its position.,3,0,2,2,"lex=0(rare_avg=4.06: warmth(3.80), sufficient(4.32)) | grammar=adv_sub(despite); passive(is still sufficient) | dictation=long(11); dense(6)"
2712,#2712 WFD,Libraries play a crucial role in the academic journey of students.,2,0,0,2,"lex=0(rare_avg=4.21: libraries(4.14), crucial(4.28)) | dictation=long(11); dense(7)"
2713,#2713 WFD,The group's meeting is scheduled for tomorrow in the library's room.,2,1,1,3,"lex=1(rare_avg=3.41: library's(2.93), group's(3.88)) | grammar=passive(is scheduled) | dictation=contraction; long(11); dense(6)"
2714,#2714 WFD,It's essential not to mistake cause for effect regarding changes.,1,0,0,2,"lex=0(rare_avg=4.64: essential(4.61), mistake(4.67)) | dictation=contraction; dense(7)"
2715,#2715 WFD,A fire drill necessitates evacuation from buildings for everyone's safety.,2,1,0,2,"lex=1(rare_avg=3.24: necessitates(2.74), evacuation(3.74)) | dictation=contraction; dense(7)"
2716,#2716 WFD,"As populations grow, the need for more energy also increases.",1,0,0,0,"lex=0(rare_avg=4.33: populations(4.19), increases(4.46))"
2717,#2717 WFD,Active listening is vital for success in this particular course.,1,0,0,1,"lex=0(rare_avg=4.52: vital(4.38), listening(4.66)) | dictation=dense(6)"
2718,#2718 WFD,Native language speakers don't need to take language proficiency tests.,2,1,0,2,"lex=1(rare_avg=3.83: proficiency(3.43), speakers(4.24)) | dictation=contraction; dense(9)"
2719,#2719 WFD,The history of our university is both extensive and fascinating.,1,0,0,0,"lex=0(rare_avg=4.31: fascinating(4.13), extensive(4.49))"
2720,#2720 WFD,We managed to reach out to several subjects for research.,1,0,0,0,"lex=0(rare_avg=4.57: subjects(4.38), managed(4.76))"
2721,#2721 WFD,The same problem was researched leading to a similar explanation.,1,0,1,0,"lex=0(rare_avg=4.00: researched(3.56), explanation(4.44)) | grammar=passive(was researched)"
2722,#2722 WFD,The main ideas of these events remain largely not understood.,1,0,0,1,"lex=0(rare_avg=4.60: understood(4.58), largely(4.61)) | dictation=dense(6)"
2723,#2723 WFD,"The coffee shop offers a menu including salads, soups, and meats.",2,1,0,3,"lex=1(rare_avg=3.21: soups(3.10), salads(3.31)) | dictation=list_enum; long(11); dense(8)"
2724,#2724 WFD,True or false questions seem tougher to many than short answers.,2,0,0,2,"lex=0(rare_avg=4.13: tougher(3.66), answers(4.60)) | dictation=long(11); dense(8)"
2725,#2725 WFD,Student ID cards are expected to be ready by today.,1,0,1,0,"lex=0(rare_avg=4.86: cards(4.76), expected(4.96)) | grammar=passive(are expected)"
2726,#2726 WFD,Scientists are now examining a broad range of atmospheric phenomena.,1,1,0,1,"lex=1(rare_avg=3.79: phenomena(3.74), atmospheric(3.84)) | dictation=dense(6)"
2727,#2727 WFD,The reality of climate change is now recognized by experts.,1,0,1,0,"lex=0(rare_avg=4.52: recognized(4.52), experts(4.52)) | grammar=passive(is now recognized)"
2728,#2728 WFD,We will examine how to structure essays in this class.,1,0,0,0,"lex=0(rare_avg=4.13: essays(4.08), examine(4.18))"
2729,#2729 WFD,She once held the position of editor for the student newspaper.,1,0,0,1,"lex=0(rare_avg=4.61: newspaper(4.60), editor(4.62)) | dictation=long(11)"
2730,#2730 WFD,The summer class was not held due to low student numbers.,2,0,1,2,"lex=0(rare_avg=5.00: numbers(4.98), student(5.02)) | grammar=passive(was not held) | dictation=long(11); dense(7)"
2731,#2731 WFD,The garden at the university's rear has a storied history.,2,1,1,1,"lex=1(rare_avg=3.38: storied(2.99), university's(3.78)) | grammar=perfect(has a storied) | dictation=contraction"
2732,#2732 WFD,The plight of wildlife has frequently been overlooked in development.,3,1,2,0,"lex=1(rare_avg=3.64: plight(3.46), overlooked(3.82)) | grammar=passive(been overlooked in development); perfect(has frequently been overlooked)"
2733,#2733 WFD,This camera technology can locate and focus on human eyes.,1,0,0,1,"lex=0(rare_avg=4.41: locate(3.94), camera(4.87)) | dictation=dense(6)"
2734,#2734 WFD,Begin your educational journey by applying for a university scholarship.,1,0,0,1,"lex=0(rare_avg=4.20: scholarship(4.15), applying(4.24)) | dictation=dense(6)"
2735,#2735 WFD,Body fat functions as an insulator for our internal organs.,1,1,0,1,"lex=1(rare_avg=3.37: insulator(2.74), organs(4.00)) | dictation=dense(6)"
2736,#2736 WFD,The history class has been relocated to the main theater.,3,1,2,0,"lex=1(rare_avg=3.88: relocated(3.42), theater(4.35)) | grammar=passive(been relocated); perfect(has been relocated)"
2737,#2737 WFD,The London bus's departure has been delayed by ten minutes.,3,2,2,1,"lex=2(rare_avg=2.91: bus's(1.62), delayed(4.20)) | grammar=passive(been delayed); perfect(has been delayed) | dictation=contraction"
2738,#2738 WFD,The reception can assist with queries about lending and printing.,1,1,0,0,"lex=1(rare_avg=3.66: queries(3.45), lending(3.87))"
2739,#2739 WFD,Ensure all files are saved prior to shutting down your computer.,2,0,1,2,"lex=0(rare_avg=4.08: shutting(3.71), files(4.46)) | grammar=passive(are saved) | dictation=long(11); dense(6)"
2740,#2740 WFD,"For staff training purposes, the library will be closed tomorrow.",1,0,1,1,"lex=0(rare_avg=4.69: purposes(4.51), library(4.86)) | grammar=passive(be closed) | dictation=dense(6)"
2741,#2741 WFD,Sound cannot travel in a vacuum where no air exists.,1,0,1,1,"lex=0(rare_avg=4.29: vacuum(4.09), exists(4.48)) | grammar=relative(where) | dictation=dense(6)"
2742,#2742 WFD,Payments can be made with either cash or credit card.,1,0,0,1,"lex=0(rare_avg=4.70: payments(4.48), cash(4.92)) | dictation=dense(6)"
2743,#2743 WFD,Salt is sourced either from evaporated seawater or mined directly.,2,1,1,1,"lex=1(rare_avg=3.08: evaporated(3.04), seawater(3.12)) | grammar=passive(is sourced) | dictation=dense(7)"
2744,#2744 WFD,The car park on the north side may shut this Sunday.,2,0,1,1,"lex=0(rare_avg=4.97: shut(4.78), park(5.16)) | grammar=modal(may) | dictation=long(11)"
2745,#2745 WFD,Internet addiction is often blamed on frequent social media use.,1,0,1,1,"lex=0(rare_avg=4.02: blamed(3.90), addiction(4.14)) | grammar=passive(is often blamed) | dictation=dense(8)"
2746,#2746 WFD,The university has put funds into new technology for educational purposes.,2,0,0,2,"lex=0(rare_avg=4.55: purposes(4.51), educational(4.60)) | dictation=long(11); dense(7)"
2747,#2747 WFD,The research yielded some results that were not anticipated initially.,1,1,1,0,"lex=1(rare_avg=3.79: yielded(3.51), anticipated(4.08)) | grammar=passive(were not anticipated)"
2748,#2748 WFD,Proper nutrition is vital for overall health and maintaining energy.,1,0,0,1,"lex=0(rare_avg=4.17: nutrition(4.10), maintaining(4.25)) | dictation=dense(7)"
2749,#2749 WFD,Banks earn by charging interest on the money they lend out.,2,0,0,2,"lex=0(rare_avg=4.04: lend(3.92), charging(4.17)) | dictation=long(11); dense(6)"
2750,#2750 WFD,Speed is calculated by using the variables of time and distance.,2,0,1,2,"lex=0(rare_avg=4.04: variables(3.97), calculated(4.10)) | grammar=passive(is calculated) | dictation=long(11); dense(6)"
2751,#2751 WFD,Specialist knowledge isn't necessary to comprehend the contents of this book.,2,0,0,3,"lex=0(rare_avg=3.94: comprehend(3.70), contents(4.18)) | dictation=contraction; long(11); dense(7)"
2752,#2752 WFD,Astronauts measure vast space distances in units called light years.,1,1,0,1,"lex=1(rare_avg=3.65: astronauts(3.46), distances(3.83)) | dictation=dense(9)"
2753,#2753 WFD,Team practices occur on weekdays with games scheduled for weekends.,1,1,0,1,"lex=1(rare_avg=3.65: weekdays(3.25), weekends(4.05)) | dictation=dense(7)"
2754,#2754 WFD,Physics plays a crucial role in comprehending the universe's workings.,2,2,0,2,"lex=2(rare_avg=2.60: universe's(2.59), comprehending(2.61)) | dictation=contraction; dense(7)"
2755,#2755 WFD,Eating is prohibited within the main sections of the library.,1,0,1,1,"lex=0(rare_avg=4.18: prohibited(3.99), sections(4.36)) | grammar=passive(is prohibited) | dictation=dense(6)"
2756,#2756 WFD,Expectations are set for improved performance figures in the coming years.,2,0,1,2,"lex=0(rare_avg=4.53: expectations(4.44), improved(4.61)) | grammar=passive(are set for improved) | dictation=long(11); dense(7)"
2757,#2757 WFD,The global conversation now often includes the politics of food.,1,0,0,1,"lex=0(rare_avg=4.81: conversation(4.75), politics(4.87)) | dictation=dense(6)"
2758,#2758 WFD,Being bilingual doesn't equate to the ability to dissect language.,2,1,0,2,"lex=1(rare_avg=3.05: dissect(2.90), equate(3.20)) | dictation=contraction; dense(6)"
2759,#2759 WFD,Journalism is undergoing a crisis due to the digital age.,1,0,0,1,"lex=0(rare_avg=3.92: undergoing(3.71), journalism(4.12)) | dictation=dense(6)"
2760,#2760 WFD,Gravity is the force that causes mutual attraction between objects.,1,0,0,1,"lex=0(rare_avg=4.16: attraction(4.11), gravity(4.21)) | dictation=dense(6)"
2761,#2761 WFD,Books from this collection are loanable for a one-week period.,1,1,0,1,"lex=1(rare_avg=3.20: loanable(1.44), collection(4.96)) | dictation=dense(6)"
2762,#2762 WFD,Please place the books on that specified table over there.,1,0,0,0,"lex=0(rare_avg=4.55: specified(4.06), table(5.05))"
2763,#2763 WFD,Muscles function to bring parts of the body closer together.,1,0,0,1,"lex=0(rare_avg=4.44: muscles(4.14), closer(4.73)) | dictation=dense(7)"
2764,#2764 WFD,Some life forms can reproduce with only one parent involved.,1,0,0,1,"lex=0(rare_avg=4.10: reproduce(3.63), parent(4.57)) | dictation=dense(6)"
2765,#2765 WFD,The quality of your statistics relies on your initial data.,1,0,0,0,"lex=0(rare_avg=4.21: relies(3.81), statistics(4.60))"
2766,#2766 WFD,The castle's grand design aimed to deter locals and adversaries alike.,2,2,0,3,"lex=2(rare_avg=2.92: castle's(2.63), adversaries(3.21)) | dictation=contraction; long(11); dense(8)"
2767,#2767 WFD,"Biology examines all aspects of life, from cells to ecosystems.",1,1,0,1,"lex=1(rare_avg=3.55: ecosystems(3.52), examines(3.59)) | dictation=dense(6)"
2768,#2768 WFD,The stock market has reshaped financial trading on a global scale.,2,1,1,2,"lex=1(rare_avg=3.63: reshaped(2.63), trading(4.63)) | grammar=perfect(has reshaped) | dictation=long(11); dense(7)"
2769,#2769 WFD,Ensure your essays are submitted by Friday noon without fail.,1,0,1,1,"lex=0(rare_avg=4.10: essays(4.08), noon(4.11)) | grammar=passive(are submitted) | dictation=dense(6)"
2770,#2770 WFD,Specialist librarians are always ready to assist with research needs.,1,1,0,1,"lex=1(rare_avg=3.77: librarians(3.26), specialist(4.28)) | dictation=dense(6)"
2771,#2771 WFD,Art must strike a balance between originality and public appeal.,1,0,1,1,"lex=0(rare_avg=4.00: originality(3.34), strike(4.66)) | grammar=modal(must) | dictation=dense(6)"
2772,#2772 WFD,Speed measures the rate at which someone or something moves.,1,0,1,1,"lex=0(rare_avg=4.63: moves(4.59), measures(4.67)) | grammar=relative(which) | dictation=dense(6)"
2773,#2773 WFD,Funding is often the most challenging aspect of postgraduate studies.,1,1,0,1,"lex=1(rare_avg=3.77: postgraduate(3.28), challenging(4.27)) | dictation=dense(6)"
2774,#2774 WFD,Historians are intrigued by the year a shipwreck was discovered.,1,1,1,0,"lex=1(rare_avg=3.29: shipwreck(3.11), intrigued(3.47)) | grammar=passive(are intrigued)"
2775,#2775 WFD,A foundational understanding of economics is needed for this course.,1,1,1,0,"lex=1(rare_avg=3.74: foundational(3.06), economics(4.42)) | grammar=passive(is needed)"
2776,#2776 WFD,"Currently, we face some of the greatest challenges in history.",1,0,0,0,"lex=0(rare_avg=4.64: challenges(4.49), greatest(4.79))"
2777,#2777 WFD,The university offers a variety of amenities for all campus users.,2,0,0,2,"lex=0(rare_avg=4.02: amenities(3.53), campus(4.51)) | dictation=long(11); dense(6)"
2778,#2778 WFD,Medicine offers a broad spectrum of career possibilities upon graduation.,1,0,0,1,"lex=0(rare_avg=4.09: graduation(4.07), possibilities(4.11)) | dictation=dense(8)"
2779,#2779 WFD,Swimming utilizes more muscles than most other forms of exercise.,1,1,0,0,"lex=1(rare_avg=3.71: utilizes(3.27), muscles(4.14))"
2780,#2780 WFD,Farms must modify practices to cope with challenging climate conditions.,1,0,1,1,"lex=0(rare_avg=3.92: modify(3.79), cope(4.04)) | grammar=modal(must) | dictation=dense(7)"
2781,#2781 WFD,"Even as infants, humans can discern language from other sounds.",1,1,0,0,"lex=1(rare_avg=3.50: discern(3.23), infants(3.76))"
2782,#2782 WFD,Honey serves both as a nutritious food and a medicinal product.,2,1,0,2,"lex=1(rare_avg=3.35: nutritious(3.18), medicinal(3.53)) | dictation=long(11); dense(6)"
2783,#2783 WFD,There is disagreement on the methods to resolve the ongoing issue.,2,0,1,1,"lex=0(rare_avg=3.92: disagreement(3.66), resolve(4.17)) | grammar=passive(is disagreement) | dictation=long(11)"
2784,#2784 WFD,"Throughout this week, the library will stay open until midnight every day.",2,0,0,2,"lex=0(rare_avg=4.58: midnight(4.31), library(4.86)) | dictation=long(12); dense(8)"
2785,#2785 WFD,The policy's goal is to boost investment in international currencies.,3,2,1,2,"lex=2(rare_avg=2.91: policy's(2.19), currencies(3.62)) | grammar=passive(is to boost investment) | dictation=contraction; dense(6)"
2786,#2786 WFD,Geography courses often consider field trips as indispensable learning experiences.,1,1,0,1,"lex=1(rare_avg=3.66: indispensable(3.34), geography(3.98)) | dictation=dense(9)"
2787,#2787 WFD,The English program's third year is recognized for its merit.,2,1,1,1,"lex=1(rare_avg=3.63: program's(3.18), merit(4.08)) | grammar=passive(is recognized) | dictation=contraction"
2788,#2788 WFD,"To join this course, students need a degree in undergraduate biology.",2,0,0,2,"lex=0(rare_avg=4.04: undergraduate(3.85), biology(4.22)) | dictation=long(11); dense(7)"
2789,#2789 WFD,A chemistry examination is scheduled for the classroom next week.,1,0,1,1,"lex=0(rare_avg=4.21: classroom(4.15), examination(4.26)) | grammar=passive(is scheduled) | dictation=dense(6)"
2790,#2790 WFD,Merely relying on innate talent is insufficient for scientific success.,2,1,1,1,"lex=1(rare_avg=3.62: innate(3.48), insufficient(3.77)) | grammar=passive(is insufficient) | dictation=dense(7)"
2791,#2791 WFD,Digital cameras offer benefits not found in traditional film cameras.,1,0,0,1,"lex=0(rare_avg=4.34: cameras(4.34), cameras(4.34)) | dictation=dense(8)"
2792,#2792 WFD,Safety training is compulsory prior to using the engineering workshop.,1,0,0,1,"lex=0(rare_avg=3.93: compulsory(3.70), workshop(4.15)) | dictation=dense(7)"
2793,#2793 WFD,Placements in various settings form part of the English curriculum.,1,1,0,1,"lex=1(rare_avg=3.70: placements(3.27), curriculum(4.12)) | dictation=dense(6)"
2794,#2794 WFD,Choir auditions at the university are postponed until next week.,2,1,1,1,"lex=1(rare_avg=3.57: auditions(3.40), postponed(3.74)) | grammar=passive(are postponed) | dictation=dense(7)"
2795,#2795 WFD,"Last year, they faced challenges in making their service profitable.",1,0,0,1,"lex=0(rare_avg=4.26: profitable(4.03), faced(4.49)) | dictation=dense(7)"
2796,#2796 WFD,Active research engagement is a hallmark of the history department.,1,1,0,1,"lex=1(rare_avg=3.84: hallmark(3.37), engagement(4.31)) | dictation=dense(6)"
2797,#2797 WFD,Pursuing a career in art and design is highly competitive.,1,0,0,1,"lex=0(rare_avg=4.27: pursuing(3.96), competitive(4.57)) | dictation=dense(6)"
2798,#2798 WFD,Reaching the university on foot can be a lengthy endeavor.,1,1,0,0,"lex=1(rare_avg=3.71: endeavor(3.56), lengthy(3.85))"
2799,#2799 WFD,Universities offer a range of leisure amenities to their community.,1,1,0,1,"lex=1(rare_avg=3.72: amenities(3.53), leisure(3.92)) | dictation=dense(6)"
2800,#2800 WFD,A new series of scholarly articles has recently been released.,3,0,2,1,"lex=0(rare_avg=4.16: scholarly(3.60), articles(4.71)) | grammar=passive(been released); perfect(has recently been released) | dictation=dense(6)"
2801,#2801 WFD,Current societal issues are the focus of our intense research.,1,0,0,1,"lex=0(rare_avg=3.99: societal(3.59), intense(4.39)) | dictation=dense(6)"
2802,#2802 WFD,Students build confidence in their critical thinking skills over time.,1,0,0,1,"lex=0(rare_avg=4.71: confidence(4.65), skills(4.77)) | dictation=dense(7)"
2803,#2803 WFD,These few resources fall short in completing the current assignment.,1,0,0,1,"lex=0(rare_avg=4.12: completing(4.06), assignment(4.18)) | dictation=dense(6)"
2804,#2804 WFD,The night sky evokes a sense of mystery and profound wonder.,2,1,0,2,"lex=1(rare_avg=3.51: evokes(3.08), profound(3.94)) | dictation=long(11); dense(7)"
2805,#2805 WFD,"Sugar, a solid carbohydrate, is a staple in sweetened foods.",2,1,0,2,"lex=1(rare_avg=3.09: sweetened(3.01), carbohydrate(3.17)) | dictation=list_enum; dense(6)"
2806,#2806 WFD,The course begins by tracing the historical evolution of architecture.,1,0,0,1,"lex=0(rare_avg=3.99: tracing(3.56), evolution(4.41)) | dictation=dense(6)"
2807,#2807 WFD,Every student develops a unique approach to their learning process.,1,0,0,1,"lex=0(rare_avg=4.32: develops(3.89), unique(4.75)) | dictation=dense(6)"
2808,#2808 WFD,Students are afforded the liberty to pursue personal academic interests.,2,1,1,1,"lex=1(rare_avg=3.86: afforded(3.46), pursue(4.26)) | grammar=passive(are afforded) | dictation=dense(7)"
2809,#2809 WFD,Time spent outdoors is proven to be beneficial for mental and physical health.,2,1,1,2,"lex=1(rare_avg=3.90: outdoors(3.71), beneficial(4.08)) | grammar=passive(is proven) | dictation=long(13); dense(8)"
2810,#2810 WFD,Sentencing decisions hinge on the adjudicated guilt of the accused.,2,2,0,1,"lex=2(rare_avg=2.93: adjudicated(2.54), hinge(3.32)) | dictation=dense(6)"
2811,#2811 WFD,Dark chocolate contains cocoa known to enhance immunity and mood.,1,1,0,1,"lex=1(rare_avg=3.78: cocoa(3.64), immunity(3.91)) | dictation=dense(8)"
2812,#2812 WFD,British students are required to undertake mathematics during secondary education.,1,0,1,1,"lex=0(rare_avg=3.94: undertake(3.73), mathematics(4.15)) | grammar=passive(are required) | dictation=dense(7)"
2813,#2813 WFD,"Unfortunately, the microscope in the biology lab was broken by accident.",2,1,1,2,"lex=1(rare_avg=3.86: microscope(3.50), biology(4.22)) | grammar=passive(was broken by accident) | dictation=long(11); dense(6)"
2814,#2814 WFD,The university awarded her a scholarship for her academic achievements.,1,0,0,0,"lex=0(rare_avg=4.11: achievements(4.06), scholarship(4.15))"
2815,#2815 WFD,"Any applications turned in late will not be considered, unfortunately.",1,0,1,0,"lex=0(rare_avg=4.63: unfortunately(4.62), applications(4.64)) | grammar=passive(be considered)"
2816,#2816 WFD,Challenges for local workers are often greater than for others.,1,0,0,1,"lex=0(rare_avg=4.70: challenges(4.49), greater(4.90)) | dictation=dense(6)"
2817,#2817 WFD,A good assistant always makes sure to clarify all the details.,2,0,0,2,"lex=0(rare_avg=4.29: clarify(3.85), assistant(4.72)) | dictation=long(11); dense(6)"
2818,#2818 WFD,Deforestation increases as the number of people in the world grows.,2,1,0,2,"lex=1(rare_avg=3.69: deforestation(3.20), grows(4.18)) | dictation=long(11); dense(6)"
2819,#2819 WFD,Online classes offer flexibility to learn despite a hectic personal schedule.,2,1,1,2,"lex=1(rare_avg=3.67: hectic(3.33), flexibility(4.02)) | grammar=adv_sub(despite) | dictation=long(11); dense(9)"
2820,#2820 WFD,"If the government helps, solar energy could become more widely used.",2,0,1,2,"lex=0(rare_avg=4.54: solar(4.53), widely(4.54)) | grammar=modal(could) | dictation=long(11); dense(7)"
2821,#2821 WFD,Observing how teachers work offers valuable lessons in the teaching process.,2,0,0,2,"lex=0(rare_avg=4.06: observing(3.75), lessons(4.38)) | dictation=long(11); dense(8)"
2822,#2822 WFD,Learning how to teach can involve watching other teachers teach.,1,0,0,1,"lex=0(rare_avg=4.47: involve(4.28), teach(4.67)) | dictation=dense(6)"
2823,#2823 WFD,Securing enough money is often the toughest part of graduate research.,2,1,0,2,"lex=1(rare_avg=3.77: toughest(3.61), securing(3.93)) | dictation=long(11); dense(8)"
2824,#2824 WFD,"For students doing research, finding enough money can be tough.",1,0,0,1,"lex=0(rare_avg=4.81: tough(4.77), finding(4.85)) | dictation=dense(7)"
2825,#2825 WFD,"Right now, we don't have enough evidence to support these claims.",2,0,0,3,"lex=0(rare_avg=5.00: claims(4.86), evidence(5.14)) | dictation=contraction; long(11); dense(6)"
2826,#2826 WFD,We're not planning to raise our prices at this time.,1,0,0,1,"lex=0(rare_avg=4.81: raise(4.75), prices(4.88)) | dictation=contraction"
2827,#2827 WFD,Farming has changed a lot and gotten better over the years.,2,0,1,2,"lex=0(rare_avg=4.34: farming(4.21), gotten(4.47)) | grammar=perfect(has changed) | dictation=long(11); dense(6)"
2828,#2828 WFD,Don't miss the deadline for turning in your scholarship applications.,1,0,0,2,"lex=0(rare_avg=4.13: deadline(4.12), scholarship(4.15)) | dictation=contraction; dense(6)"
2829,#2829 WFD,Problems with air pollution are happening everywhere on the planet.,1,0,0,1,"lex=0(rare_avg=4.43: pollution(4.20), everywhere(4.66)) | dictation=dense(6)"
2830,#2830 WFD,The oceans are in trouble because there's too much pollution.,1,0,0,2,"lex=0(rare_avg=3.98: oceans(3.76), pollution(4.20)) | dictation=contraction; dense(6)"
2831,#2831 WFD,Journalism students don't have a standard test to pass.,1,0,0,2,"lex=0(rare_avg=4.58: journalism(4.12), standard(5.03)) | dictation=contraction; dense(6)"
2832,#2832 WFD,Designers must keep up with the latest social changes.,1,0,1,0,"lex=0(rare_avg=4.48: designers(4.05), latest(4.92)) | grammar=modal(must)"
2833,#2833 WFD,Digital architecture is changing a lot because of new technology today.,2,0,0,2,"lex=0(rare_avg=4.59: architecture(4.42), changing(4.76)) | dictation=long(11); dense(8)"
2834,#2834 WFD,Unexpected data can shape decisions in ways people don't anticipate.,1,0,0,2,"lex=0(rare_avg=3.98: anticipate(3.73), unexpected(4.23)) | dictation=contraction; dense(8)"
2835,#2835 WFD,Archaeologists are now predicting the past with new research models.,1,1,0,1,"lex=1(rare_avg=3.50: archaeologists(3.37), predicting(3.62)) | dictation=dense(6)"
2836,#2836 WFD,Students at university usually have to work on many projects together.,2,0,0,2,"lex=0(rare_avg=4.98: projects(4.81), usually(5.15)) | dictation=long(11); dense(7)"
2837,#2837 WFD,It's important for governments to help make the economy grow well.,2,0,0,3,"lex=0(rare_avg=4.66: governments(4.45), economy(4.87)) | dictation=contraction; long(11); dense(8)"
2838,#2838 WFD,"People may be influenced by unexpected data, leading to decisions different from their expectations.",3,0,2,2,"lex=0(rare_avg=4.21: influenced(4.20), unexpected(4.23)) | grammar=modal(may); passive(be influenced by unexpected) | dictation=long(14); dense(8)"
2839,#2839 WFD,Colleges are starting to use new technologies to teach better.,1,0,0,1,"lex=0(rare_avg=4.29: colleges(4.25), technologies(4.32)) | dictation=dense(7)"
2840,#2840 WFD,"When you finish researching, it's a lot simpler to start writing.",2,1,0,3,"lex=1(rare_avg=3.73: researching(3.63), simpler(3.83)) | dictation=contraction; long(11); dense(7)"
2841,#2841 WFD,People who study journalism often get jobs in the news and media.,2,0,1,2,"lex=0(rare_avg=4.55: journalism(4.12), jobs(4.98)) | grammar=relative(who) | dictation=long(12); dense(8)"
2842,#2842 WFD,"Sometimes, we choose things for reasons that don't make sense.",1,0,0,2,"lex=0(rare_avg=4.92: choose(4.91), reasons(4.93)) | dictation=contraction; dense(7)"
2843,#2843 WFD,"We got your application for money, and it's all official now.",1,0,0,2,"lex=0(rare_avg=5.00: application(4.86), official(5.14)) | dictation=contraction; long(11)"
2844,#2844 WFD,"Now, many workplaces offer special training to help their people.",1,0,0,1,"lex=0(rare_avg=4.12: workplaces(3.19), offer(5.05)) | dictation=dense(7)"
2845,#2845 WFD,Lots of discoveries happen in science labs where researchers work.,2,1,1,1,"lex=1(rare_avg=3.77: discoveries(3.73), labs(3.82)) | grammar=relative(where) | dictation=dense(7)"
2846,#2846 WFD,Business people sometimes split costs with each other for things.,1,0,0,1,"lex=0(rare_avg=4.80: split(4.65), costs(4.96)) | dictation=dense(6)"
2847,#2847 WFD,Giving good examples can help make what you're saying stronger.,1,0,0,2,"lex=0(rare_avg=4.59: stronger(4.55), examples(4.63)) | dictation=contraction; dense(8)"
2848,#2848 WFD,Schools make special classes that match what students are into.,1,0,0,1,"lex=0(rare_avg=4.91: classes(4.77), schools(5.05)) | dictation=dense(6)"
2849,#2849 WFD,It's really hard for countries to deal with too many people.,2,0,0,3,"lex=0(rare_avg=5.22: countries(5.13), deal(5.32)) | dictation=contraction; long(11); dense(7)"
2850,#2850 WFD,What students say can really shape the talk in class discussions.,2,0,0,2,"lex=0(rare_avg=4.50: discussions(4.28), shape(4.72)) | dictation=long(11); dense(7)"
2851,#2851 WFD,Momentum is about how quickly something moves and its weight.,1,0,0,0,"lex=0(rare_avg=4.33: momentum(4.07), moves(4.59))"
2852,#2852 WFD,"When houses don't sell, it can make the whole economy bad.",2,0,0,3,"lex=0(rare_avg=4.79: houses(4.72), economy(4.87)) | dictation=contraction; long(11); dense(7)"
2853,#2853 WFD,They wrote about some neat things they tried in the lab.,1,0,0,1,"lex=0(rare_avg=4.21: neat(3.99), lab(4.42)) | dictation=long(11)"
2854,#2854 WFD,He didn't like it when they made him Minister of Culture.,1,0,0,2,"lex=0(rare_avg=5.80: didn't(5.68), made(5.92)) | dictation=contraction; long(11)"
2855,#2855 WFD,Pick courses that are good for the job you want later.,2,0,0,2,"lex=0(rare_avg=4.77: courses(4.46), pick(5.08)) | dictation=long(11); dense(6)"
2856,#2856 WFD,You need to wear nice clothes when you graduate from school.,2,0,0,2,"lex=0(rare_avg=4.61: graduate(4.50), clothes(4.72)) | dictation=long(11); dense(6)"
2857,#2857 WFD,It was sad when the study didn't give them clear answers.,2,0,0,3,"lex=0(rare_avg=4.72: answers(4.60), sad(4.84)) | dictation=contraction; long(11); dense(6)"
2858,#2858 WFD,They have devised methods to represent plant growth through charts.,2,1,1,1,"lex=1(rare_avg=3.88: devised(3.59), charts(4.16)) | grammar=perfect(have devised) | dictation=dense(6)"
2859,#2859 WFD,Studying old times can help us understand what's happening now.,1,0,0,2,"lex=0(rare_avg=4.61: studying(4.42), happening(4.80)) | dictation=contraction; dense(7)"
2860,#2860 WFD,Neuroscience is about how different parts of the brain work.,1,0,1,0,"lex=0(rare_avg=4.20: neuroscience(3.45), brain(4.94)) | grammar=passive(is about how different)"
2861,#2861 WFD,They teach about how to design buildings all over the world.,1,0,0,1,"lex=0(rare_avg=4.68: teach(4.67), buildings(4.69)) | dictation=long(11)"
2862,#2862 WFD,Even small children can say words before they can walk.,1,0,0,0,"lex=0(rare_avg=5.17: walk(5.08), words(5.25))"
2863,#2863 WFD,Now we need to use computers for almost everything we do.,1,0,0,1,"lex=0(rare_avg=4.86: computers(4.33), almost(5.39)) | dictation=long(11)"
2864,#2864 WFD,Libraries are starting to talk to people on the internet more.,1,0,0,1,"lex=0(rare_avg=4.60: libraries(4.14), internet(5.06)) | dictation=long(11)"
2865,#2865 WFD,Your tests and big writing assignments will show your grade.,1,0,0,1,"lex=0(rare_avg=4.28: assignments(3.88), tests(4.67)) | dictation=dense(6)"
2866,#2866 WFD,Gadgets and apps are really making our normal days different.,1,0,0,1,"lex=0(rare_avg=3.97: gadgets(3.59), apps(4.35)) | dictation=dense(7)"
2867,#2867 WFD,"During the class, you will be taught both applied and theoretical mathematics.",2,0,1,1,"lex=0(rare_avg=4.08: theoretical(4.01), mathematics(4.15)) | grammar=passive(be taught both applied) | dictation=long(12)"
2868,#2868 WFD,The way things move can be explained with math and physics.,2,0,1,2,"lex=0(rare_avg=4.42: physics(4.39), math(4.45)) | grammar=passive(be explained) | dictation=long(11); dense(6)"
2869,#2869 WFD,"Right now, they're fixing and making the whole place better.",1,0,0,2,"lex=0(rare_avg=4.78: fixing(4.09), whole(5.46)) | dictation=contraction; dense(7)"
2870,#2870 WFD,Everything you need to know is in the class plan book.,2,0,0,2,"lex=0(rare_avg=5.33: plan(5.29), class(5.36)) | dictation=long(11); dense(6)"
2871,#2871 WFD,Many governments are struggling with their countries' high populations.,1,0,0,1,"lex=0(rare_avg=4.26: populations(4.19), struggling(4.33)) | dictation=dense(6)"
2872,#2872 WFD,Group projects often lead to good results and teach teamwork.,1,0,0,1,"lex=0(rare_avg=4.08: teamwork(3.48), teach(4.67)) | dictation=dense(8)"
2873,#2873 WFD,A special lecture on Thursday will offer lots of new information.,2,0,0,2,"lex=0(rare_avg=4.51: lecture(4.14), lots(4.88)) | dictation=long(11); dense(6)"
2874,#2874 WFD,This course section teaches you a new method of creating.,1,0,0,1,"lex=0(rare_avg=4.32: teaches(3.95), creating(4.69)) | dictation=dense(6)"
2875,#2875 WFD,Remember to write down where you got your information for homework.,2,0,1,1,"lex=0(rare_avg=4.58: homework(4.13), write(5.03)) | grammar=relative(where) | dictation=long(11)"
2876,#2876 WFD,They will test your knowledge with difficult questions in class.,1,0,0,0,"lex=0(rare_avg=5.02: knowledge(4.96), difficult(5.07))"
2877,#2877 WFD,Cheating on an exam can get you into serious trouble.,1,0,0,0,"lex=0(rare_avg=4.23: cheating(4.20), exam(4.26))"
2878,#2878 WFD,Swimming exercises numerous muscles and serves as an excellent workout.,1,0,0,1,"lex=0(rare_avg=4.07: workout(4.02), exercises(4.12)) | dictation=dense(7)"
2879,#2879 WFD,Artists and politicians alike start by learning the basics of politics.,2,0,0,2,"lex=0(rare_avg=3.97: basics(3.82), alike(4.13)) | dictation=long(11); dense(7)"
2880,#2880 WFD,"In college, you'll learn many new things and gain skills.",1,0,0,2,"lex=0(rare_avg=4.79: skills(4.77), gain(4.81)) | dictation=contraction; dense(8)"
2881,#2881 WFD,The same features in the device explain the issue every time.,1,0,0,1,"lex=0(rare_avg=4.78: device(4.67), explain(4.89)) | dictation=long(11)"
2882,#2882 WFD,A well-done school paper is always easy to understand and organized.,2,0,0,2,"lex=0(rare_avg=4.79: organized(4.51), paper(5.07)) | dictation=long(11); dense(7)"
2883,#2883 WFD,A new article talks about all kinds of cool experiments.,1,0,0,1,"lex=0(rare_avg=4.36: experiments(4.20), kinds(4.51)) | dictation=dense(6)"
2884,#2884 WFD,Writers often put a bit of their culture in their work.,2,0,0,2,"lex=0(rare_avg=4.79: writers(4.55), culture(5.03)) | dictation=long(11); dense(6)"
2885,#2885 WFD,It's tough but important to work on keeping our planet healthy.,2,0,0,3,"lex=0(rare_avg=4.72: planet(4.68), tough(4.77)) | dictation=contraction; long(11); dense(7)"
2886,#2886 WFD,Starting off right with a good introduction is really important.,1,0,1,1,"lex=0(rare_avg=4.79: introduction(4.52), starting(5.07)) | grammar=passive(is really important) | dictation=dense(6)"
2887,#2887 WFD,Scientists are working hard to understand climate change better.,1,0,0,1,"lex=0(rare_avg=4.61: scientists(4.50), climate(4.71)) | dictation=dense(7)"
2888,#2888 WFD,Nurses get ready for their jobs by practicing in hospitals first.,2,0,0,2,"lex=0(rare_avg=4.06: practicing(3.99), nurses(4.14)) | dictation=long(11); dense(7)"
2889,#2889 WFD,Companies try hard to protect their brand from bad comments.,1,0,0,1,"lex=0(rare_avg=4.85: brand(4.83), comments(4.87)) | dictation=dense(7)"
2890,#2890 WFD,Getting into this class is really hard because it's so popular.,2,0,0,3,"lex=0(rare_avg=5.21: popular(5.07), class(5.36)) | dictation=contraction; long(11); dense(7)"
2891,#2891 WFD,You should plan your meetings at least two weeks before.,1,0,1,0,"lex=0(rare_avg=4.84: meetings(4.48), weeks(5.19)) | grammar=modal(should)"
2892,#2892 WFD,Machines in factories are now really good at being precise.,1,0,0,0,"lex=0(rare_avg=4.04: factories(3.95), precise(4.13))"
2893,#2893 WFD,It's tough to find proof that supports this difficult idea.,1,0,0,2,"lex=0(rare_avg=4.56: supports(4.42), proof(4.70)) | dictation=contraction; dense(7)"
2894,#2894 WFD,The chemistry area got closed even though people protested.,1,0,1,1,"lex=0(rare_avg=3.97: protested(3.59), chemistry(4.35)) | grammar=phrase(even though) | dictation=dense(7)"
2895,#2895 WFD,Doctorate papers are set up a lot like other research articles.,2,0,1,2,"lex=0(rare_avg=4.00: doctorate(3.38), papers(4.61)) | grammar=passive(are set) | dictation=long(11); dense(7)"
2896,#2896 WFD,Job problems have made more people unable to find work.,1,0,0,1,"lex=0(rare_avg=4.90: unable(4.61), problems(5.19)) | dictation=dense(7)"
2897,#2897 WFD,Schools teach you the important skills you need for jobs.,1,0,0,1,"lex=0(rare_avg=4.72: teach(4.67), skills(4.77)) | dictation=dense(6)"
2898,#2898 WFD,Weather experts can tell what the weather will do later on.,1,0,0,1,"lex=0(rare_avg=4.70: experts(4.52), weather(4.87)) | dictation=long(11)"
2899,#2899 WFD,More businesses will make the country's money situation better.,1,0,0,2,"lex=0(rare_avg=4.42: country's(4.17), businesses(4.66)) | dictation=contraction; dense(6)"
2900,#2900 WFD,"Next week, it looks like it's going to rain a lot.",2,0,0,3,"lex=0(rare_avg=5.04: rain(4.71), looks(5.36)) | dictation=contraction; long(11); dense(8)"
2901,#2901 WFD,"After the last sickness, more people got sick than before.",1,0,0,0,"lex=0(rare_avg=4.36: sickness(3.83), sick(4.88))"
2902,#2902 WFD,It seems really hard to fix this problem easily.,1,0,0,1,"lex=0(rare_avg=4.83: fix(4.75), easily(4.91)) | dictation=dense(6)"
2903,#2903 WFD,"If you're short on money, you might get help for school.",2,0,1,3,"lex=0(rare_avg=5.48: short(5.33), money(5.64)) | grammar=modal(might) | dictation=contraction; long(11); dense(6)"
2904,#2904 WFD,"If you need more help, the school's help center is there.",1,0,0,2,"lex=0(rare_avg=4.52: school's(3.84), center(5.19)) | dictation=contraction; long(11)"
2905,#2905 WFD,"To graduate, students have to pass some important tests first.",1,0,0,1,"lex=0(rare_avg=4.58: graduate(4.50), tests(4.67)) | dictation=dense(6)"
2906,#2906 WFD,Always say where you got your information when writing papers.,1,0,1,0,"lex=0(rare_avg=4.84: papers(4.61), writing(5.07)) | grammar=relative(where)"
2907,#2907 WFD,It's important to use your study time in a smart way.,2,0,0,3,"lex=0(rare_avg=5.04: smart(4.83), study(5.26)) | dictation=contraction; long(11); dense(7)"
2908,#2908 WFD,"When it gets cold, birds fly to places where it's warm.",2,0,1,3,"lex=0(rare_avg=4.65: birds(4.60), warm(4.71)) | grammar=relative(where) | dictation=contraction; long(11); dense(7)"
2909,#2909 WFD,Some bad stuff comes from plants and animals we know.,1,0,0,1,"lex=0(rare_avg=4.78: plants(4.71), animals(4.84)) | dictation=dense(6)"
2910,#2910 WFD,Figuring out if you're happy is easier than it might seem.,2,0,1,2,"lex=0(rare_avg=4.22: figuring(3.69), easier(4.76)) | grammar=modal(might) | dictation=contraction; long(11)"
2911,#2911 WFD,Most people who looked at the idea thought it was good.,2,0,1,1,"lex=0(rare_avg=5.24: looked(5.11), idea(5.36)) | grammar=relative(who) | dictation=long(11)"
2912,#2912 WFD,Writers usually write about things they know or have lived through.,2,0,1,2,"lex=0(rare_avg=4.71: writers(4.55), lived(4.88)) | grammar=perfect(have lived) | dictation=long(11); dense(6)"
2913,#2913 WFD,Our teacher is organizing a big meeting for business people.,1,0,0,1,"lex=0(rare_avg=4.42: organizing(3.97), teacher(4.88)) | dictation=dense(6)"
2914,#2914 WFD,Parents usually talk to their kids in simple ways.,1,0,0,1,"lex=0(rare_avg=5.07: ways(5.06), simple(5.08)) | dictation=dense(6)"
2915,#2915 WFD,We pick people who know the basics to start with.,1,0,1,0,"lex=0(rare_avg=4.45: basics(3.82), pick(5.08)) | grammar=relative(who)"
2916,#2916 WFD,"We change due dates only for very big, important reasons.",1,0,0,1,"lex=0(rare_avg=4.73: dates(4.54), reasons(4.93)) | dictation=dense(6)"
2917,#2917 WFD,Being prepared in the lab will stop accidents from happening.,1,0,1,0,"lex=0(rare_avg=4.29: accidents(4.16), lab(4.42)) | grammar=passive(being prepared)"
2918,#2918 WFD,Please make sure to read the start before we meet.,1,0,0,1,"lex=0(rare_avg=5.40: meet(5.27), read(5.54)) | dictation=dense(6)"
2919,#2919 WFD,Hard times can sometimes make people start new companies.,1,0,0,1,"lex=0(rare_avg=5.23: companies(5.18), sometimes(5.28)) | dictation=dense(8)"
2920,#2920 WFD,Humidity measures the amount of water there is in the air.,1,0,0,1,"lex=0(rare_avg=4.25: humidity(3.83), measures(4.67)) | dictation=long(11)"
2921,#2921 WFD,Some wonder if spending money on space is good.,1,0,0,0,"lex=0(rare_avg=4.82: spending(4.71), wonder(4.93))"
2922,#2922 WFD,"Organic foods are cultivated without any synthetic chemicals, pesticides, or fertilizers.",2,1,1,3,"lex=1(rare_avg=3.25: fertilizers(3.01), pesticides(3.49)) | grammar=passive(are cultivated) | dictation=list_enum; long(11); dense(8)"
2923,#2923 WFD,Our class is going to be split into three groups.,1,0,0,0,"lex=0(rare_avg=4.88: split(4.65), groups(5.12))"
2924,#2924 WFD,The influence of friends is often pivotal to young people's behavior.,2,0,0,3,"lex=0(rare_avg=4.09: pivotal(3.50), people's(4.68)) | dictation=contraction; long(11); dense(7)"
2925,#2925 WFD,Make sure you bring everything you need with you.,1,0,0,0,"lex=0(rare_avg=5.40: bring(5.27), everything(5.54))"
2926,#2926 WFD,"Every four years, people vote for a new president.",1,0,0,1,"lex=0(rare_avg=5.28: vote(5.11), president(5.45)) | dictation=dense(6)"
2927,#2927 WFD,Only some people are allowed to join this group.,1,0,1,0,"lex=0(rare_avg=5.02: join(5.00), allowed(5.03)) | grammar=passive(are allowed)"
2928,#2928 WFD,You must wear safety goggles to protect your eyes.,1,0,1,0,"lex=0(rare_avg=4.13: goggles(3.35), wear(4.92)) | grammar=modal(must)"
2929,#2929 WFD,Science is really important in how we live today.,1,0,1,0,"lex=0(rare_avg=5.28: science(5.12), important(5.44)) | grammar=passive(is really important)"
2930,#2930 WFD,Political discussions can sometimes unexpectedly turn into serious and heated confrontations.,2,1,0,2,"lex=1(rare_avg=3.33: confrontations(2.96), unexpectedly(3.71)) | dictation=long(11); dense(8)"
2931,#2931 WFD,Lots of people still love listening to the radio.,1,0,0,0,"lex=0(rare_avg=4.77: listening(4.66), lots(4.88))"
2932,#2932 WFD,Think about all the facts before you make a decision.,1,0,0,0,"lex=0(rare_avg=4.90: facts(4.72), decision(5.09))"
2933,#2933 WFD,Our scientists diligently study various weather types for research purposes.,1,1,0,1,"lex=1(rare_avg=3.81: diligently(3.13), scientists(4.50)) | dictation=dense(8)"
2934,#2934 WFD,Students should keep track of their own grades and work.,1,0,1,0,"lex=0(rare_avg=4.65: grades(4.28), track(5.02)) | grammar=modal(should)"
2935,#2935 WFD,It's good for students to check their own attendance.,1,0,0,1,"lex=0(rare_avg=4.71: attendance(4.17), students(5.25)) | dictation=contraction"
2936,#2936 WFD,Fill out this form to get cheaper prices at school.,1,0,0,1,"lex=0(rare_avg=4.43: cheaper(4.22), fill(4.64)) | dictation=dense(6)"
2937,#2937 WFD,You need to hand in your work by Friday.,1,0,0,0,"lex=0(rare_avg=5.69: hand(5.41), work(5.96))"
2938,#2938 WFD,Research shows that these two things are closely connected.,1,0,1,1,"lex=0(rare_avg=4.61: closely(4.53), connected(4.68)) | grammar=passive(are closely connected) | dictation=dense(6)"
2939,#2939 WFD,Chosen people will work together on big research projects.,1,0,0,1,"lex=0(rare_avg=4.71: chosen(4.61), projects(4.81)) | dictation=dense(7)"
2940,#2940 WFD,Teaching helpers get extra money for their living costs.,1,0,0,1,"lex=0(rare_avg=3.94: helpers(3.17), teaching(4.72)) | dictation=dense(7)"
2941,#2941 WFD,Ads for kids are something people have strong opinions about.,1,0,0,1,"lex=0(rare_avg=4.37: ads(4.32), opinions(4.41)) | dictation=dense(6)"
2942,#2942 WFD,It might take longer to process your paperwork than normal.,1,0,1,0,"lex=0(rare_avg=4.42: paperwork(3.84), normal(5.01)) | grammar=modal(might)"
2943,#2943 WFD,The archaeologist found new things at an old site.,1,0,0,1,"lex=0(rare_avg=4.17: archaeologist(3.12), site(5.22)) | dictation=dense(6)"
2944,#2944 WFD,The study showed big differences in the building numbers.,1,0,0,1,"lex=0(rare_avg=4.69: differences(4.52), showed(4.86)) | dictation=dense(6)"
2945,#2945 WFD,Various groups are dedicated to reducing suffering in animal populations.,1,0,1,1,"lex=0(rare_avg=4.28: populations(4.19), reducing(4.36)) | grammar=passive(are dedicated) | dictation=dense(7)"
2946,#2946 WFD,Quickly processed aerial photos allow for in-depth geographical analysis.,1,1,0,1,"lex=1(rare_avg=3.88: geographical(3.85), aerial(3.91)) | dictation=dense(8)"
2947,#2947 WFD,The article discusses a wide array of innovative experimental approaches.,1,0,0,1,"lex=0(rare_avg=4.01: discusses(3.93), array(4.10)) | dictation=dense(7)"
2948,#2948 WFD,"Some academic departments have unique, specialized collections of books.",1,0,0,1,"lex=0(rare_avg=4.13: specialized(4.07), departments(4.20)) | dictation=dense(6)"
2949,#2949 WFD,Successful academic results often rely on effective studying methods.,1,0,0,1,"lex=0(rare_avg=4.36: rely(4.29), studying(4.42)) | dictation=dense(8)"
2950,#2950 WFD,Students working together often find their educational experiences enriched.,1,0,0,1,"lex=0(rare_avg=4.03: enriched(3.50), experiences(4.55)) | dictation=dense(8)"
2951,#2951 WFD,The book's release was supported by numerous members of the faculty.,2,1,1,3,"lex=1(rare_avg=3.80: book's(3.28), faculty(4.32)) | grammar=passive(was supported) | dictation=contraction; long(11); dense(6)"
2952,#2952 WFD,The city's founders set down rules that have become today's laws.,2,0,0,3,"lex=0(rare_avg=4.03: founders(3.83), city's(4.23)) | dictation=contraction; long(11); dense(7)"
2953,#2953 WFD,The cafe menu includes a diverse selection of sandwiches and coffee.,2,0,0,2,"lex=0(rare_avg=3.93: sandwiches(3.77), cafe(4.09)) | dictation=long(11); dense(7)"
2954,#2954 WFD,Funds from the budget will be allocated to various departments fairly.,2,0,1,2,"lex=0(rare_avg=4.02: allocated(3.83), departments(4.20)) | grammar=passive(be allocated) | dictation=long(11); dense(6)"
2955,#2955 WFD,This language class provides key strategies for pronunciation improvement.,1,0,0,1,"lex=0(rare_avg=3.90: pronunciation(3.51), strategies(4.29)) | dictation=dense(7)"
2956,#2956 WFD,Our varied courses cover many aspects of the subject comprehensively.,1,1,0,1,"lex=1(rare_avg=3.50: comprehensively(2.96), varied(4.03)) | dictation=dense(7)"
2957,#2957 WFD,The curriculum has been updated to encourage more scholarly development.,3,1,2,0,"lex=1(rare_avg=3.86: scholarly(3.60), curriculum(4.12)) | grammar=passive(been updated); perfect(has been updated)"
2958,#2958 WFD,"Each semester, the dance department presents complex, artistic performances.",1,0,0,2,"lex=0(rare_avg=4.10: semester(4.03), artistic(4.17)) | dictation=list_enum; dense(7)"
2959,#2959 WFD,Older studies were more about ideas than doing real experiments.,1,0,0,1,"lex=0(rare_avg=4.52: experiments(4.20), ideas(4.84)) | dictation=dense(6)"
2960,#2960 WFD,"In the back left, you can find books on economic topics.",2,0,0,2,"lex=0(rare_avg=4.68: topics(4.27), economic(5.10)) | dictation=long(11); dense(6)"
2961,#2961 WFD,We are seeing the first hopeful signs of an economic upturn.,2,1,0,2,"lex=1(rare_avg=3.13: upturn(2.48), hopeful(3.79)) | dictation=long(11); dense(6)"
2962,#2962 WFD,The essay's publication will happen once the research is finalized.,3,2,1,1,"lex=2(rare_avg=2.43: essay's(1.55), finalized(3.31)) | grammar=passive(is finalized) | dictation=contraction"
2963,#2963 WFD,The testing format has been changed to meet professional standards.,3,0,2,1,"lex=0(rare_avg=4.57: format(4.47), testing(4.67)) | grammar=passive(been changed); perfect(has been changed) | dictation=dense(6)"
2964,#2964 WFD,People still don't fully realize how important this event was.,1,0,0,2,"lex=0(rare_avg=4.86: realize(4.83), fully(4.89)) | dictation=contraction; dense(6)"
2965,#2965 WFD,A strong beginning is key to any successful presentation's success.,2,1,0,2,"lex=1(rare_avg=3.07: presentation's(1.19), successful(4.94)) | dictation=contraction; dense(6)"
2966,#2966 WFD,Many faculty members showed their support for this decision openly.,1,0,0,1,"lex=0(rare_avg=4.21: openly(4.11), faculty(4.32)) | dictation=dense(7)"
2967,#2967 WFD,Debate continues on whether children should participate in educational trips frequently.,2,0,1,2,"lex=0(rare_avg=4.33: trips(4.23), participate(4.42)) | grammar=modal(should) | dictation=long(11); dense(8)"
2968,#2968 WFD,"More and more, studies aim to find cures for different illnesses.",2,1,0,2,"lex=1(rare_avg=3.50: cures(3.34), illnesses(3.67)) | dictation=long(11); dense(6)"
2969,#2969 WFD,Diving into hobbies can lead to a lot of personal happiness.,2,1,0,2,"lex=1(rare_avg=3.79: hobbies(3.57), diving(4.02)) | dictation=long(11); dense(6)"
2970,#2970 WFD,Big companies changed their rules after reports about them came out.,2,0,0,2,"lex=0(rare_avg=4.98: reports(4.90), rules(5.06)) | dictation=long(11); dense(6)"
2971,#2971 WFD,The next lecture will discuss what is causing global warming.,1,0,0,1,"lex=0(rare_avg=4.09: warming(4.05), lecture(4.14)) | dictation=dense(6)"
2972,#2972 WFD,The next talk will go over educational policies in the United States.,1,0,0,1,"lex=0(rare_avg=4.65: educational(4.60), policies(4.71)) | dictation=long(12)"
2973,#2973 WFD,"Since the start of the year, the marketing budget has grown.",2,0,1,2,"lex=0(rare_avg=4.72: grown(4.67), marketing(4.78)) | grammar=perfect(has grown) | dictation=long(11); dense(6)"
2974,#2974 WFD,Important parts of this argument seem to be missing right now.,2,0,0,2,"lex=0(rare_avg=4.84: argument(4.64), missing(5.05)) | dictation=long(11); dense(6)"
2975,#2975 WFD,The best thing about this cheap phone isn't obvious at first.,2,0,0,3,"lex=0(rare_avg=4.67: obvious(4.63), cheap(4.71)) | dictation=contraction; long(11); dense(7)"
2976,#2976 WFD,The museum shuts down every Thursday morning for the month.,1,0,0,0,"lex=0(rare_avg=4.10: shuts(3.49), museum(4.71))"
2977,#2977 WFD,Another book isn't complete but gives more insightful information.,1,0,0,2,"lex=0(rare_avg=4.22: insightful(3.41), gives(5.03)) | dictation=contraction; dense(7)"
2978,#2978 WFD,"Every semester, students have the opportunity to take math and stats tests.",2,0,0,2,"lex=0(rare_avg=4.18: semester(4.03), stats(4.33)) | dictation=long(12); dense(7)"
2979,#2979 WFD,It's important to share these properties fairly among everyone.,1,0,0,2,"lex=0(rare_avg=4.58: fairly(4.50), properties(4.65)) | dictation=contraction; dense(7)"
2980,#2980 WFD,Trains have made it easy for everyone to travel far.,1,0,0,1,"lex=0(rare_avg=4.63: trains(4.27), travel(5.00)) | dictation=dense(6)"
2981,#2981 WFD,A new study has shown some really new and interesting things.,2,0,1,2,"lex=0(rare_avg=4.95: shown(4.90), interesting(5.00)) | grammar=perfect(has shown) | dictation=long(11); dense(7)"
2982,#2982 WFD,The results of the experiment are shown in this table here.,2,0,1,1,"lex=0(rare_avg=4.64: experiment(4.38), shown(4.90)) | grammar=passive(are shown) | dictation=long(11)"
2983,#2983 WFD,Using the same method again led to the same problem.,1,0,0,0,"lex=0(rare_avg=4.96: method(4.80), led(5.11))"
2984,#2984 WFD,This problem has two different explanations that seem the same.,1,0,1,0,"lex=0(rare_avg=4.42: explanations(3.76), seem(5.08)) | grammar=perfect(has two different)"
2985,#2985 WFD,The class schedule gives you lots of time to study alone.,2,0,0,2,"lex=0(rare_avg=4.78: schedule(4.67), lots(4.88)) | dictation=long(11); dense(7)"
2986,#2986 WFD,"Today, scientists found out a lot from many different studies.",1,0,0,1,"lex=0(rare_avg=4.74: scientists(4.50), studies(4.98)) | dictation=dense(7)"
2987,#2987 WFD,"Now, researchers are dealing with problems and finding answers.",1,0,0,0,"lex=0(rare_avg=4.49: researchers(4.39), dealing(4.60))"
2988,#2988 WFD,Our sociology department has a global reputation for its outstanding quality.,2,0,0,2,"lex=0(rare_avg=4.12: sociology(3.78), reputation(4.47)) | dictation=long(11); dense(6)"
2989,#2989 WFD,Software companies are always coming up with new things.,1,0,0,0,"lex=0(rare_avg=4.97: software(4.77), companies(5.18))"
2990,#2990 WFD,The summary covers all the main points you need to know.,2,0,0,2,"lex=0(rare_avg=4.44: summary(4.37), covers(4.51)) | dictation=long(11); dense(6)"
2991,#2991 WFD,Theatre courses really encourage students to be more creative.,1,0,0,1,"lex=0(rare_avg=4.46: encourage(4.45), courses(4.46)) | dictation=dense(6)"
2992,#2992 WFD,Our first results were surprising and didn't match our theories.,1,0,0,2,"lex=0(rare_avg=4.25: theories(4.22), surprising(4.28)) | dictation=contraction; dense(6)"
2993,#2993 WFD,The struggles of animals in the wild are often overlooked.,1,0,1,0,"lex=0(rare_avg=3.95: overlooked(3.82), struggles(4.08)) | grammar=passive(are often overlooked)"
2994,#2994 WFD,Students engaged in research often face the greatest challenge in securing funding.,2,0,0,2,"lex=0(rare_avg=4.22: securing(3.93), engaged(4.52)) | dictation=long(12); dense(9)"
2995,#2995 WFD,Leaders from around the world need to talk and solve problems.,2,0,0,2,"lex=0(rare_avg=4.62: solve(4.42), leaders(4.81)) | dictation=long(11); dense(7)"
2996,#2996 WFD,The recommendations weren't supported well by the data we found.,1,0,0,2,"lex=0(rare_avg=4.48: recommendations(4.29), weren't(4.68)) | dictation=contraction; dense(6)"
2997,#2997 WFD,What's going on in parliament right now is really interesting to watch.,2,0,0,3,"lex=0(rare_avg=4.87: parliament(4.74), interesting(5.00)) | dictation=contraction; long(12); dense(7)"
2998,#2998 WFD,Expect to run into a lot of challenges during this project.,1,0,0,1,"lex=0(rare_avg=4.75: challenges(4.49), expect(5.01)) | dictation=long(11)"
2999,#2999 WFD,Tomorrow's lecture will look closely at educational policies in America.,2,1,0,2,"lex=1(rare_avg=3.86: tomorrow's(3.59), lecture(4.14)) | dictation=contraction; dense(6)"
3000,#3000 WFD,"Tours run year-round, peaking in May during the dry season.",2,1,1,1,"lex=1(rare_avg=3.63: peaking(3.12), tours(4.14)) | grammar=modal(may) | dictation=dense(7)"
3001,#3001 WFD,Boating on the river during winter is considered excessively dangerous.,2,1,1,1,"lex=1(rare_avg=3.34: boating(3.33), excessively(3.35)) | grammar=passive(is considered) | dictation=dense(6)"
3002,#3002 WFD,Undergrads need specific sources to properly analyze their programs.,1,1,0,1,"lex=1(rare_avg=3.08: undergrads(2.32), analyze(3.84)) | dictation=dense(7)"
3003,#3003 WFD,Undergraduates explore specialized topics within their academic program's offerings.,2,1,0,2,"lex=1(rare_avg=3.16: undergraduates(3.14), program's(3.18)) | dictation=contraction; dense(8)"
3004,#3004 WFD,"Today, we use complex ways to learn how the brain works.",2,0,0,2,"lex=0(rare_avg=4.90: complex(4.86), brain(4.94)) | dictation=long(11); dense(7)"
3005,#3005 WFD,We study how tropical storms work and how to predict them.,1,0,0,1,"lex=0(rare_avg=4.01: storms(3.94), predict(4.08)) | dictation=long(11)"
3006,#3006 WFD,Companies sometimes raise prices when workers want more pay.,1,0,0,1,"lex=0(rare_avg=4.81: raise(4.75), prices(4.88)) | dictation=dense(7)"
3007,#3007 WFD,Essay writing gets easier once you've done all the research.,1,0,0,2,"lex=0(rare_avg=4.50: essay(4.23), easier(4.76)) | dictation=contraction; dense(7)"
3008,#3008 WFD,Make sure you turn in your work by Monday's deadline.,1,0,0,1,"lex=0(rare_avg=4.72: deadline(4.12), turn(5.32)) | dictation=contraction"
3009,#3009 WFD,You can email any tutor if you have questions about class.,1,0,0,1,"lex=0(rare_avg=4.17: tutor(3.67), email(4.68)) | dictation=long(11)"
3010,#3010 WFD,Undergraduates can explore specific topics deeply within their academic program.,1,1,0,1,"lex=1(rare_avg=3.71: undergraduates(3.14), topics(4.27)) | dictation=dense(8)"
3011,#3011 WFD,"You should hand in your essay next semester, by the deadline.",2,0,1,1,"lex=0(rare_avg=4.08: semester(4.03), deadline(4.12)) | grammar=modal(should) | dictation=long(11)"
3012,#3012 WFD,Submit your group assignments at the office designated for assistance.,1,0,0,1,"lex=0(rare_avg=4.06: assignments(3.88), designated(4.25)) | dictation=dense(6)"
3013,#3013 WFD,You can talk to many different people for your research project.,2,0,0,2,"lex=0(rare_avg=5.30: project(5.22), research(5.39)) | dictation=long(11); dense(6)"
3014,#3014 WFD,Your main paper should talk about one very specific idea.,1,0,1,1,"lex=0(rare_avg=5.05: specific(5.03), paper(5.07)) | grammar=modal(should) | dictation=dense(6)"
3015,#3015 WFD,Eating right and exercising are key to staying healthy.,1,0,0,1,"lex=0(rare_avg=4.14: exercising(3.73), staying(4.55)) | dictation=dense(6)"
3016,#3016 WFD,Repeated practice is key to improving skills in any activity.,1,0,0,1,"lex=0(rare_avg=4.33: repeated(4.28), improving(4.37)) | dictation=dense(6)"
3017,#3017 WFD,You can find what each part of the course involves online.,1,0,0,1,"lex=0(rare_avg=4.77: involves(4.34), online(5.19)) | dictation=long(11)"
3018,#3018 WFD,Art represents the expression of creativity and ideas in tangible forms.,2,1,0,2,"lex=1(rare_avg=3.83: tangible(3.66), creativity(4.01)) | dictation=long(11); dense(7)"
3019,#3019 WFD,Art students display their creations for everyone at school to admire.,2,1,0,2,"lex=1(rare_avg=3.75: creations(3.53), admire(3.97)) | dictation=long(11); dense(7)"
3020,#3020 WFD,Both students and staff can buy parking passes on the internet.,2,0,0,2,"lex=0(rare_avg=4.46: passes(4.45), parking(4.47)) | dictation=long(11); dense(6)"
3021,#3021 WFD,You can find cheaper school books listed on the school's site.,2,0,0,3,"lex=0(rare_avg=4.03: school's(3.84), cheaper(4.22)) | dictation=contraction; long(11); dense(7)"
3022,#3022 WFD,Students have regular meetings with their own tutors for help.,1,1,0,0,"lex=1(rare_avg=3.82: tutors(3.15), meetings(4.48))"
3023,#3023 WFD,Ensure restful sleep the night before a test for optimal performance.,2,1,0,2,"lex=1(rare_avg=3.34: restful(2.75), optimal(3.94)) | dictation=long(11); dense(7)"
3024,#3024 WFD,Industry experts will talk about jobs in automated workplaces soon.,1,1,0,1,"lex=1(rare_avg=3.55: workplaces(3.19), automated(3.91)) | dictation=dense(7)"
3025,#3025 WFD,Women around the world like various forms of entertainment a lot.,2,0,0,2,"lex=0(rare_avg=4.67: entertainment(4.60), forms(4.73)) | dictation=long(11); dense(8)"
3026,#3026 WFD,More people work in making things than in farming or fishing.,2,0,0,2,"lex=0(rare_avg=4.34: farming(4.21), fishing(4.47)) | dictation=long(11); dense(6)"
3027,#3027 WFD,We need to study more to make sure about this thing.,1,0,0,1,"lex=0(rare_avg=5.46: study(5.26), sure(5.67)) | dictation=long(11)"
3028,#3028 WFD,"Modern diets often contain excessive sugar, overwhelming our bodies' capabilities.",1,1,0,1,"lex=1(rare_avg=3.87: diets(3.66), overwhelming(4.08)) | dictation=dense(9)"
3029,#3029 WFD,Doing exercises regularly is really good for your health.,1,0,0,1,"lex=0(rare_avg=4.32: exercises(4.12), regularly(4.52)) | dictation=dense(6)"
3030,#3030 WFD,Changing weather is starting to affect animals and where they live.,2,0,1,2,"lex=0(rare_avg=4.67: affect(4.59), changing(4.76)) | grammar=relative(where) | dictation=long(11); dense(6)"
3031,#3031 WFD,The student advisor was aware that today's lecture was not happening.,2,0,0,3,"lex=0(rare_avg=4.07: advisor(4.01), lecture(4.14)) | dictation=contraction; long(11); dense(6)"
3032,#3032 WFD,Students should look at online resources before their classes start.,1,0,1,1,"lex=0(rare_avg=4.84: classes(4.77), resources(4.91)) | grammar=modal(should) | dictation=dense(6)"
3033,#3033 WFD,The cooperators use ongoing assessments as their ways of checking work.,2,2,0,2,"lex=2(rare_avg=2.79: cooperators(1.78), assessments(3.79)) | dictation=long(11); dense(7)"
3034,#3034 WFD,There are more postgrad students here than is usually seen.,1,1,0,0,"lex=1(rare_avg=3.60: postgrad(2.05), usually(5.15))"
3035,#3035 WFD,The new theory uses the latest research to explain things better.,2,0,0,2,"lex=0(rare_avg=4.88: theory(4.88), uses(4.88)) | dictation=long(11); dense(8)"
3036,#3036 WFD,This website is made to be easy for people to use.,1,0,0,1,"lex=0(rare_avg=5.19: website(5.09), easy(5.29)) | dictation=long(11)"
3037,#3037 WFD,Art students have a good chance of getting scholarships these days.,2,0,0,2,"lex=0(rare_avg=4.50: scholarships(3.76), students(5.25)) | dictation=long(11); dense(7)"
3038,#3038 WFD,Crafting items individually differs greatly from mass batch production methods.,1,1,0,1,"lex=1(rare_avg=3.58: crafting(3.51), differs(3.66)) | dictation=dense(9)"
3039,#3039 WFD,The study guides offer numerous helpful strategies for exam preparation.,1,0,0,1,"lex=0(rare_avg=4.12: guides(3.99), exam(4.26)) | dictation=dense(8)"
3040,#3040 WFD,This class really helps you to think through problems better.,1,0,0,1,"lex=0(rare_avg=4.96: helps(4.74), problems(5.19)) | dictation=dense(6)"
3041,#3041 WFD,Today's class will show you different ways to show data clearly.,2,0,0,3,"lex=0(rare_avg=4.72: today's(4.53), clearly(4.92)) | dictation=contraction; long(11); dense(8)"
3042,#3042 WFD,Teachers should make what they want students to learn very clear.,2,0,1,2,"lex=0(rare_avg=4.96: teachers(4.74), learn(5.17)) | grammar=modal(should) | dictation=long(11); dense(6)"
3043,#3043 WFD,Colleges are now putting money into new ways to teach with tech.,2,0,0,2,"lex=0(rare_avg=4.46: colleges(4.25), teach(4.67)) | dictation=long(12); dense(7)"
3044,#3044 WFD,Getting enough money for research is very important for universities.,1,0,1,1,"lex=0(rare_avg=4.88: universities(4.36), research(5.39)) | grammar=passive(is very important) | dictation=dense(6)"
3045,#3045 WFD,Sleeping too much might not be as good as you think.,2,0,1,1,"lex=0(rare_avg=5.28: sleeping(4.56), much(6.00)) | grammar=modal(might) | dictation=long(11)"
3046,#3046 WFD,It's hard for farmers to work with the weather being so strange.,2,0,0,3,"lex=0(rare_avg=4.54: farmers(4.43), strange(4.64)) | dictation=contraction; long(12); dense(6)"
3047,#3047 WFD,We want everyone in our department to succeed together.,1,0,0,0,"lex=0(rare_avg=4.76: succeed(4.29), department(5.23))"
3048,#3048 WFD,Work through these math questions using what you've learned.,1,0,0,2,"lex=0(rare_avg=4.65: math(4.45), learned(4.85)) | dictation=contraction; dense(6)"
3049,#3049 WFD,The new professor will teach their first chemistry class tomorrow.,1,0,0,1,"lex=0(rare_avg=4.51: chemistry(4.35), teach(4.67)) | dictation=dense(7)"
3050,#3050 WFD,You can find your class times on the school's web page.,2,0,0,3,"lex=0(rare_avg=4.29: school's(3.84), web(4.74)) | dictation=contraction; long(11); dense(6)"
3051,#3051 WFD,Doing things and just learning about them in school are different.,2,0,1,1,"lex=0(rare_avg=5.25: learning(4.92), different(5.59)) | grammar=passive(are different) | dictation=long(11)"
3052,#3052 WFD,"All living things, no matter how different, share some same parts.",2,0,0,3,"lex=0(rare_avg=5.13: parts(5.07), share(5.20)) | dictation=list_enum; long(11); dense(6)"
3053,#3053 WFD,People who study journalism usually work in news or public relations.,2,0,1,2,"lex=0(rare_avg=4.39: journalism(4.12), relations(4.67)) | grammar=relative(who) | dictation=long(11); dense(8)"
3054,#3054 WFD,"To know when we're open, please look at our online site.",2,0,0,3,"lex=0(rare_avg=5.21: online(5.19), site(5.22)) | dictation=contraction; long(11); dense(7)"
3055,#3055 WFD,Reserve your books at the library's help desk for easy pickup.,2,1,0,3,"lex=1(rare_avg=3.40: library's(2.93), pickup(3.86)) | dictation=contraction; long(11); dense(7)"
3056,#3056 WFD,The school's garden becomes a beautiful spot to relax during summertime.,2,1,0,3,"lex=1(rare_avg=3.54: summertime(3.25), school's(3.84)) | dictation=contraction; long(11); dense(7)"
3057,#3057 WFD,Parents often simplify their vocabulary when speaking with their kids.,1,1,0,1,"lex=1(rare_avg=3.64: simplify(3.46), vocabulary(3.82)) | dictation=dense(6)"
3058,#3058 WFD,True or false tests seem harder to students than essay questions.,2,0,0,2,"lex=0(rare_avg=4.40: essay(4.23), harder(4.57)) | dictation=long(11); dense(8)"
3059,#3059 WFD,It's best to email your teachers if you have questions about class.,2,0,0,3,"lex=0(rare_avg=4.71: email(4.68), teachers(4.74)) | dictation=contraction; long(12); dense(6)"
3060,#3060 WFD,Plan your study time well to make sure you review everything.,2,0,0,2,"lex=0(rare_avg=5.19: review(5.12), study(5.26)) | dictation=long(11); dense(8)"
3061,#3061 WFD,We're still not sure what really happened in those old stories.,2,0,0,3,"lex=0(rare_avg=5.08: stories(4.95), happened(5.20)) | dictation=contraction; long(11); dense(6)"
3062,#3062 WFD,Researchers are using the web to look into different problems now.,2,0,0,2,"lex=0(rare_avg=4.56: researchers(4.39), web(4.74)) | dictation=long(11); dense(6)"
3063,#3063 WFD,The law is there to protect people who put money into businesses.,2,0,1,2,"lex=0(rare_avg=4.79: businesses(4.66), protect(4.92)) | grammar=relative(who) | dictation=long(12); dense(6)"
3064,#3064 WFD,You have to turn in your schoolwork at the weekend.,1,1,0,0,"lex=1(rare_avg=3.84: schoolwork(2.75), weekend(4.93))"
3065,#3065 WFD,Everyone here has to follow the rules of this place.,1,0,0,0,"lex=0(rare_avg=5.10: rules(5.06), follow(5.14))"
3066,#3066 WFD,Check with your teacher before you turn in your big paper.,1,0,0,1,"lex=0(rare_avg=4.97: teacher(4.88), paper(5.07)) | dictation=long(11)"
3067,#3067 WFD,This research is making us question what we thought we knew.,1,0,0,1,"lex=0(rare_avg=5.28: knew(5.20), question(5.35)) | dictation=long(11)"
3068,#3068 WFD,Calculating how things move is part of physics and math.,1,0,0,1,"lex=0(rare_avg=3.98: calculating(3.57), physics(4.39)) | dictation=dense(6)"
3069,#3069 WFD,"If there's a fire, everyone should leave by the nearest exit.",2,0,1,3,"lex=0(rare_avg=4.23: nearest(4.11), exit(4.35)) | grammar=modal(should) | dictation=contraction; long(11); dense(6)"
3070,#3070 WFD,Writing things down can help you pay attention better in class.,2,0,0,2,"lex=0(rare_avg=5.09: writing(5.07), attention(5.11)) | dictation=long(11); dense(7)"
3071,#3071 WFD,Think of everything you get from the school as helpful tools.,2,0,0,2,"lex=0(rare_avg=4.51: helpful(4.43), tools(4.59)) | dictation=long(11); dense(6)"
3072,#3072 WFD,We have good ways to learn how the brain works now.,1,0,0,1,"lex=0(rare_avg=5.00: brain(4.94), ways(5.06)) | dictation=long(11)"
3073,#3073 WFD,Class representatives will bring forms for you to vote on things.,2,0,0,2,"lex=0(rare_avg=4.62: representatives(4.52), forms(4.73)) | dictation=long(11); dense(6)"
3074,#3074 WFD,Make sure to look over your work well before you finish.,2,0,0,2,"lex=0(rare_avg=5.29: finish(4.91), sure(5.67)) | dictation=long(11); dense(6)"
3075,#3075 WFD,There's going to be a show in the main hall at school.,2,0,0,3,"lex=0(rare_avg=5.05: hall(4.87), main(5.24)) | dictation=contraction; long(12); dense(6)"
3076,#3076 WFD,"The library boasts a large, important collection on economic history.",1,0,0,1,"lex=0(rare_avg=4.24: boasts(3.61), library(4.86)) | dictation=dense(7)"
3077,#3077 WFD,Sign up now if you want to go to the conference.,1,0,0,1,"lex=0(rare_avg=5.04: conference(5.01), sign(5.08)) | dictation=long(11)"
3078,#3078 WFD,Long makeup use can sometimes lead to unexpected allergies.,1,0,0,1,"lex=0(rare_avg=3.93: allergies(3.63), unexpected(4.23)) | dictation=dense(7)"
3079,#3079 WFD,Visit the gallery on Fridays when it's open to everyone.,1,0,0,1,"lex=0(rare_avg=4.77: gallery(4.49), visit(5.04)) | dictation=contraction"
3080,#3080 WFD,Students from all over come here to study as international scholars.,1,0,0,1,"lex=0(rare_avg=4.69: scholars(4.12), students(5.25)) | dictation=long(11)"
3081,#3081 WFD,The government should help colleges and universities to grow bigger.,1,0,1,1,"lex=0(rare_avg=4.30: colleges(4.25), universities(4.36)) | grammar=modal(should) | dictation=dense(6)"
3082,#3082 WFD,Ask your tutor for extra help if you really need it.,2,0,0,2,"lex=0(rare_avg=4.33: tutor(3.67), extra(4.98)) | dictation=long(11); dense(6)"
3083,#3083 WFD,Answering some questions is needed to change your password.,1,0,1,0,"lex=0(rare_avg=4.06: password(4.06), answering(4.07)) | grammar=passive(is needed)"
3084,#3084 WFD,Write down where you got your information from very carefully.,1,0,1,0,"lex=0(rare_avg=4.75: carefully(4.46), write(5.03)) | grammar=relative(where)"
3085,#3085 WFD,New economics students have a meeting coming up on Tuesday.,1,0,0,0,"lex=0(rare_avg=4.79: economics(4.42), meeting(5.15))"
3086,#3086 WFD,Pick a question that's safe when you make a new password.,2,0,0,3,"lex=0(rare_avg=4.56: password(4.06), safe(5.07)) | dictation=contraction; long(11); dense(7)"
3087,#3087 WFD,Old tools and artifacts are found at archeological dig sites.,1,1,0,1,"lex=1(rare_avg=3.33: archeological(2.93), artifacts(3.72)) | dictation=dense(7)"
3088,#3088 WFD,The student graduation is a ceremony that's known by many.,1,0,0,2,"lex=0(rare_avg=4.25: graduation(4.07), ceremony(4.42)) | dictation=contraction; dense(6)"
3089,#3089 WFD,Printers now automatically print stuff on both paper sides.,1,0,0,1,"lex=0(rare_avg=4.07: printers(3.62), automatically(4.52)) | dictation=dense(6)"
3090,#3090 WFD,Medical students need to clean their hands before coming in.,1,0,0,1,"lex=0(rare_avg=5.06: clean(4.97), medical(5.16)) | dictation=dense(6)"
3091,#3091 WFD,"We're not taking requests for more stuff right now, sorry.",1,0,0,2,"lex=0(rare_avg=4.71: requests(4.28), stuff(5.14)) | dictation=contraction; dense(6)"
3092,#3092 WFD,The coffee machine upstairs isn't working at the moment.,1,0,0,2,"lex=0(rare_avg=4.37: upstairs(3.87), coffee(4.86)) | dictation=contraction; dense(6)"
3093,#3093 WFD,Kids learn their first language easily without any lessons.,1,0,0,1,"lex=0(rare_avg=4.64: lessons(4.38), easily(4.91)) | dictation=dense(7)"
3094,#3094 WFD,Sociology policies from the government try to fix social issues.,1,0,0,1,"lex=0(rare_avg=4.25: sociology(3.78), policies(4.71)) | dictation=dense(7)"
3095,#3095 WFD,Cells in animals and plants are kind of similar to each other.,1,0,0,1,"lex=0(rare_avg=4.73: plants(4.71), cells(4.75)) | dictation=long(12)"
3096,#3096 WFD,Graphs are really helpful when you study places and maps.,1,0,0,1,"lex=0(rare_avg=3.98: graphs(3.55), maps(4.42)) | dictation=dense(6)"
3097,#3097 WFD,"Sugar consists of carbon, hydrogen, and oxygen in small amounts.",1,0,0,2,"lex=0(rare_avg=4.12: hydrogen(3.98), oxygen(4.25)) | dictation=list_enum; dense(7)"
3098,#3098 WFD,Different water creatures have different amounts of water in them.,1,0,1,1,"lex=0(rare_avg=4.31: creatures(4.21), amounts(4.41)) | grammar=perfect(have different) | dictation=dense(6)"
3099,#3099 WFD,Keep practicing a lot if you want to get good at something.,2,0,0,2,"lex=0(rare_avg=4.80: practicing(3.99), lot(5.61)) | dictation=long(12); dense(7)"
3100,#3100 WFD,"Put your bags over there where they're supposed to go, please.",2,0,1,3,"lex=0(rare_avg=4.67: bags(4.43), supposed(4.91)) | grammar=relative(where) | dictation=contraction; long(11); dense(6)"
3101,#3101 WFD,Thinking clearly about what you're saying is important at school.,2,0,1,2,"lex=0(rare_avg=5.08: clearly(4.92), thinking(5.24)) | grammar=passive(is important) | dictation=contraction; dense(6)"
3102,#3102 WFD,This place has lots of different kinds of underwater life.,1,0,1,1,"lex=0(rare_avg=4.21: underwater(3.92), kinds(4.51)) | grammar=perfect(has lots of different) | dictation=dense(6)"
3103,#3103 WFD,Psychology and philosophy aren't really related most of the time.,1,0,0,2,"lex=0(rare_avg=4.40: psychology(4.31), philosophy(4.49)) | dictation=contraction; dense(6)"
3104,#3104 WFD,"After university, you might need more training for your job.",1,0,1,0,"lex=0(rare_avg=5.29: training(5.18), university(5.39)) | grammar=modal(might)"
3105,#3105 WFD,Our school has lots of different things for students to use.,2,0,1,2,"lex=0(rare_avg=5.06: lots(4.88), students(5.25)) | grammar=perfect(has lots of different) | dictation=long(11); dense(6)"
3106,#3106 WFD,The staff at the front desk can help you find a house.,2,0,0,2,"lex=0(rare_avg=4.75: desk(4.43), staff(5.08)) | dictation=long(12); dense(6)"
3107,#3107 WFD,The book argues that sometimes tech does more bad than good.,2,0,0,2,"lex=0(rare_avg=4.37: argues(4.04), tech(4.69)) | dictation=long(11); dense(6)"
3108,#3108 WFD,The library isn't open as long when it's summertime.,1,0,0,2,"lex=0(rare_avg=4.05: summertime(3.25), library(4.86)) | dictation=contraction; dense(6)"
3109,#3109 WFD,They found a laptop in the place where they study biology.,2,0,1,1,"lex=0(rare_avg=4.22: biology(4.22), laptop(4.23)) | grammar=relative(where) | dictation=long(11)"
3110,#3110 WFD,We let people come and look at the school every year.,2,0,0,2,"lex=0(rare_avg=5.65: let(5.60), school(5.71)) | dictation=long(11); dense(6)"
3111,#3111 WFD,Private money often pays for job training courses at schools.,1,0,0,1,"lex=0(rare_avg=4.36: pays(4.26), courses(4.46)) | dictation=dense(8)"
3112,#3112 WFD,You need a good ruler to measure things right.,1,0,0,1,"lex=0(rare_avg=4.25: ruler(3.84), measure(4.65)) | dictation=dense(6)"
3113,#3113 WFD,Your grades come from working alone and with others on projects.,2,0,0,2,"lex=0(rare_avg=4.54: grades(4.28), projects(4.81)) | dictation=long(11); dense(6)"
3114,#3114 WFD,There are many different things you can study in cultural classes.,2,0,1,2,"lex=0(rare_avg=4.76: cultural(4.75), classes(4.77)) | grammar=passive(are many different) | dictation=long(11); dense(6)"
3115,#3115 WFD,"After class, we can all meet in the main school office.",1,0,0,1,"lex=0(rare_avg=5.25: main(5.24), meet(5.27)) | dictation=long(11)"
3116,#3116 WFD,"When you do research, it's best to not have too much info.",1,0,0,2,"lex=0(rare_avg=4.99: info(4.60), research(5.39)) | dictation=contraction; long(12)"
3117,#3117 WFD,Using charts makes it easier to understand numbers and data.,1,0,0,1,"lex=0(rare_avg=4.46: charts(4.16), easier(4.76)) | dictation=dense(7)"
3118,#3118 WFD,Banks make money by charging interest when they lend it out.,2,0,0,2,"lex=0(rare_avg=4.04: lend(3.92), charging(4.17)) | dictation=long(11); dense(6)"
3119,#3119 WFD,You can buy things for school at the shop for students.,1,0,0,1,"lex=0(rare_avg=5.06: shop(4.88), students(5.25)) | dictation=long(11)"
3120,#3120 WFD,They watched how things happened in the classroom for their study.,1,0,0,1,"lex=0(rare_avg=4.44: classroom(4.15), watched(4.72)) | dictation=long(11)"
3121,#3121 WFD,This school is really good because it has a long tradition.,2,0,0,2,"lex=0(rare_avg=5.11: tradition(4.50), school(5.71)) | dictation=long(11); dense(6)"
3122,#3122 WFD,Social psychology is about how people act and why.,1,0,0,0,"lex=0(rare_avg=4.80: psychology(4.31), act(5.30))"
3123,#3123 WFD,Gold is very special and expensive because it's rare and pure.,2,0,0,3,"lex=0(rare_avg=4.67: pure(4.64), expensive(4.69)) | dictation=contraction; long(11); dense(7)"
3124,#3124 WFD,Make sure you're not late; class starts exactly on time.,1,0,0,2,"lex=0(rare_avg=4.99: starts(4.83), exactly(5.15)) | dictation=contraction; dense(8)"
3125,#3125 WFD,"Sugar is something that has carbon, oxygen, and hydrogen in it.",1,0,0,2,"lex=0(rare_avg=4.12: hydrogen(3.98), oxygen(4.25)) | dictation=list_enum; long(11)"
3126,#3126 WFD,Going to other countries to study is part of our school program.,2,0,0,2,"lex=0(rare_avg=5.20: countries(5.13), study(5.26)) | dictation=long(12); dense(6)"
3127,#3127 WFD,People tried to make really big statues a long time ago.,2,0,0,2,"lex=0(rare_avg=4.41: statues(3.65), tried(5.16)) | dictation=long(11); dense(9)"
3128,#3128 WFD,Plants can keep growing for as long as they live.,1,0,1,0,"lex=0(rare_avg=4.83: plants(4.71), growing(4.94)) | grammar=phrase(as long as)"
3129,#3129 WFD,Career advisors give tips on how to do well in job talks.,2,0,0,2,"lex=0(rare_avg=4.11: advisors(3.63), tips(4.58)) | dictation=long(12); dense(7)"
3130,#3130 WFD,This study gives new ideas about what people think of tech.,2,0,0,2,"lex=0(rare_avg=4.77: tech(4.69), ideas(4.84)) | dictation=long(11); dense(7)"
3131,#3131 WFD,Our classes give you the skills you need for later.,1,0,0,0,"lex=0(rare_avg=4.77: classes(4.77), skills(4.77))"
3132,#3132 WFD,The assembly decided to give more power to local places.,1,0,0,1,"lex=0(rare_avg=4.82: assembly(4.61), places(5.03)) | dictation=dense(6)"
3133,#3133 WFD,Banks are trying to make money from markets that are growing fast.,2,0,0,2,"lex=0(rare_avg=4.65: markets(4.61), banks(4.69)) | dictation=long(12); dense(7)"
3134,#3134 WFD,Good design can make a big difference and shouldn't be ignored.,2,0,1,3,"lex=0(rare_avg=4.54: ignored(4.27), shouldn't(4.82)) | grammar=passive(be ignored) | dictation=contraction; long(11); dense(7)"
3135,#3135 WFD,Trees in cities help deal with too much rainwater.,1,1,0,1,"lex=1(rare_avg=3.85: rainwater(3.00), trees(4.69)) | dictation=dense(6)"
3136,#3136 WFD,The class teaches you about numbers and how to use them well.,1,0,0,1,"lex=0(rare_avg=4.46: teaches(3.95), numbers(4.98)) | dictation=long(12)"
3137,#3137 WFD,We've managed to get rid of some illnesses completely.,1,0,0,2,"lex=0(rare_avg=4.08: illnesses(3.67), rid(4.50)) | dictation=contraction; dense(6)"
3138,#3138 WFD,Health experts recommend consuming fish for its nutritional benefits.,1,1,0,1,"lex=1(rare_avg=3.77: nutritional(3.64), consuming(3.89)) | dictation=dense(7)"
3139,#3139 WFD,There are many ways to manage a business well.,1,0,0,0,"lex=0(rare_avg=4.80: manage(4.54), ways(5.06))"
3140,#3140 WFD,The sea level going up shows the climate is changing.,1,0,0,1,"lex=0(rare_avg=4.73: climate(4.71), changing(4.76)) | dictation=dense(6)"
3141,#3141 WFD,The goal is to get new people to invest in the company.,2,0,0,2,"lex=0(rare_avg=4.69: invest(4.32), goal(5.06)) | dictation=long(12); dense(6)"
3142,#3142 WFD,They're fixing up every part of the building right now.,1,0,0,1,"lex=0(rare_avg=4.69: fixing(4.09), building(5.29)) | dictation=contraction"
3143,#3143 WFD,You'll learn what you need to do in the class outline.,1,0,0,2,"lex=0(rare_avg=4.54: outline(3.92), learn(5.17)) | dictation=contraction; long(11)"
3144,#3144 WFD,Watching people helps us figure out why they do things.,1,0,0,0,"lex=0(rare_avg=4.88: helps(4.74), watching(5.02))"
3145,#3145 WFD,Working out makes you feel good and keeps your body healthy.,2,0,0,2,"lex=0(rare_avg=4.73: keeps(4.67), healthy(4.80)) | dictation=long(11); dense(7)"
3146,#3146 WFD,Special programs let you look into what you're interested in.,1,0,0,2,"lex=0(rare_avg=4.93: programs(4.90), interested(4.95)) | dictation=contraction; dense(6)"
3147,#3147 WFD,Going to the museum is a really good learning experience.,1,0,0,1,"lex=0(rare_avg=4.81: museum(4.71), learning(4.92)) | dictation=dense(6)"
3148,#3148 WFD,There are four main parts to the project you're doing.,1,0,0,2,"lex=0(rare_avg=5.14: parts(5.07), project(5.22)) | dictation=contraction; dense(6)"
3149,#3149 WFD,Philosophers use logic to deeply understand why people do things.,1,0,0,1,"lex=0(rare_avg=3.99: philosophers(3.62), logic(4.36)) | dictation=dense(7)"
3150,#3150 WFD,The history class includes three big writing assignments for grading.,1,1,0,1,"lex=1(rare_avg=3.67: grading(3.47), assignments(3.88)) | dictation=dense(8)"
3151,#3151 WFD,"Soon, a well-known conductor will lead the orchestra in concert.",1,0,0,1,"lex=0(rare_avg=3.90: conductor(3.80), orchestra(4.01)) | dictation=dense(7)"
3152,#3152 WFD,Learning to think critically is a big part of good education.,2,0,0,2,"lex=0(rare_avg=4.40: critically(3.88), learning(4.92)) | dictation=long(11); dense(7)"
3153,#3153 WFD,"With the weather changing, farmers are changing how they farm.",1,0,0,0,"lex=0(rare_avg=4.59: farmers(4.43), farm(4.75))"
3154,#3154 WFD,Make sure to read chapter one before our management class.,1,0,0,1,"lex=0(rare_avg=4.89: chapter(4.65), management(5.13)) | dictation=dense(7)"
3155,#3155 WFD,Doing activities outside class helps students learn more skills.,1,0,0,1,"lex=0(rare_avg=4.75: helps(4.74), skills(4.77)) | dictation=dense(8)"
3156,#3156 WFD,A good abstract quickly tells you what the study is about.,1,0,0,1,"lex=0(rare_avg=4.46: abstract(4.14), tells(4.78)) | dictation=long(11)"
3157,#3157 WFD,Please put the book back where it belongs in the library.,2,0,1,2,"lex=0(rare_avg=4.55: belongs(4.24), library(4.86)) | grammar=relative(where) | dictation=long(11); dense(6)"
3158,#3158 WFD,Schools really care about stopping students from copying work.,1,0,0,1,"lex=0(rare_avg=3.99: copying(3.68), stopping(4.29)) | dictation=dense(7)"
3159,#3159 WFD,Tests and exams will be the main part of your grade.,1,0,0,1,"lex=0(rare_avg=4.33: exams(4.00), tests(4.67)) | dictation=long(11)"
3160,#3160 WFD,"Remember, your homework is due next Tuesday without fail.",1,0,0,1,"lex=0(rare_avg=4.37: homework(4.13), fail(4.61)) | dictation=dense(6)"
3161,#3161 WFD,Great actors seem to naturally know how to own the stage.,2,0,0,2,"lex=0(rare_avg=4.44: actors(4.40), naturally(4.48)) | dictation=long(11); dense(6)"
3162,#3162 WFD,These students learned a lot from teachers who knew a lot.,2,0,1,2,"lex=0(rare_avg=4.79: teachers(4.74), learned(4.85)) | grammar=relative(who) | dictation=long(11); dense(6)"
3163,#3163 WFD,The best managers are always open to trying new things.,1,0,0,1,"lex=0(rare_avg=4.97: managers(4.47), trying(5.47)) | dictation=dense(6)"
3164,#3164 WFD,Journalists with qualifications often have many different job opportunities.,1,0,1,1,"lex=0(rare_avg=4.08: qualifications(3.88), journalists(4.29)) | grammar=perfect(have many different) | dictation=dense(7)"
3165,#3165 WFD,A disease that was once dangerous is now no longer a threat.,1,0,0,1,"lex=0(rare_avg=4.70: threat(4.60), dangerous(4.79)) | dictation=long(12)"
3166,#3166 WFD,We can add up numbers perfectly without making mistakes using calculators.,2,1,0,2,"lex=1(rare_avg=3.71: calculators(2.98), mistakes(4.45)) | dictation=long(11); dense(8)"
3167,#3167 WFD,We must act to prevent an increase in the unemployment rate.,2,0,1,1,"lex=0(rare_avg=4.50: unemployment(4.22), prevent(4.79)) | grammar=modal(must) | dictation=long(11)"
3168,#3168 WFD,The sources listed for this essay don't really cover what's needed.,2,0,0,3,"lex=0(rare_avg=4.46: essay(4.23), listed(4.69)) | dictation=contraction; long(11); dense(8)"
3169,#3169 WFD,The remnants trickled down to the lowest part of the valley.,2,1,0,1,"lex=1(rare_avg=3.02: trickled(2.53), remnants(3.51)) | dictation=long(11)"
3170,#3170 WFD,Our school lunch place has lots of different snacks and drinks.,2,0,1,2,"lex=0(rare_avg=4.14: snacks(3.86), drinks(4.43)) | grammar=perfect(has lots of different) | dictation=long(11); dense(7)"
3171,#3171 WFD,"Soon, money experts will give talks to important visitors here.",1,0,0,1,"lex=0(rare_avg=4.50: visitors(4.49), experts(4.52)) | dictation=dense(7)"
3172,#3172 WFD,City planners work to make our neighborhoods work better and grow.,2,1,0,2,"lex=1(rare_avg=3.74: planners(3.55), neighborhoods(3.93)) | dictation=long(11); dense(8)"
3173,#3173 WFD,"If the roots get damaged, the plant's leaves will start to die.",2,1,0,3,"lex=1(rare_avg=3.60: plant's(2.86), roots(4.34)) | dictation=contraction; long(12); dense(7)"
3174,#3174 WFD,Good journalism stays important and influential for a long time.,1,0,0,1,"lex=0(rare_avg=4.11: influential(4.09), journalism(4.12)) | dictation=dense(7)"
3175,#3175 WFD,You're not allowed to use your cell phones in the library here.,2,0,0,3,"lex=0(rare_avg=4.66: phones(4.45), library(4.86)) | dictation=contraction; long(12); dense(6)"
3176,#3176 WFD,Learning how to manage your career well is very important nowadays.,2,0,1,2,"lex=0(rare_avg=4.33: nowadays(4.11), manage(4.54)) | grammar=passive(is very important) | dictation=long(11); dense(6)"
3177,#3177 WFD,Our school works with others around the world to swap students.,2,0,0,2,"lex=0(rare_avg=4.59: swap(3.94), students(5.25)) | dictation=long(11); dense(7)"
3178,#3178 WFD,Eating the right food is super important for sportspeople to do well.,2,1,1,2,"lex=1(rare_avg=3.50: sportspeople(2.16), eating(4.85)) | grammar=passive(is super important) | dictation=long(12); dense(7)"
3179,#3179 WFD,All living things start from a single cell that's very basic.,2,0,0,3,"lex=0(rare_avg=4.88: cell(4.87), basic(4.89)) | dictation=contraction; long(11); dense(7)"
3180,#3180 WFD,You can now watch many school classes online from your home.,2,0,0,2,"lex=0(rare_avg=4.98: classes(4.77), online(5.19)) | dictation=long(11); dense(6)"
3181,#3181 WFD,This shows us that there are a few different problems happening together.,2,0,1,1,"lex=0(rare_avg=5.00: happening(4.80), problems(5.19)) | grammar=passive(are a few different) | dictation=long(12)"
3182,#3182 WFD,Many schools offer programs to study abroad for a term or two.,2,0,0,2,"lex=0(rare_avg=4.64: abroad(4.39), programs(4.90)) | dictation=long(12); dense(8)"
3183,#3183 WFD,Being flexible in your career choices is becoming increasingly crucial.,1,0,0,1,"lex=0(rare_avg=4.21: flexible(4.13), crucial(4.28)) | dictation=dense(6)"
3184,#3184 WFD,The president's speech drew a large crowd of interested listeners.,2,1,0,2,"lex=1(rare_avg=3.83: listeners(3.71), president's(3.94)) | dictation=contraction; dense(7)"
3185,#3185 WFD,Getting involved in art makes us really value the world around us.,2,0,0,2,"lex=0(rare_avg=5.12: involved(5.10), value(5.15)) | dictation=long(12); dense(8)"
3186,#3186 WFD,"Playing music can help you feel less stressed, experts say.",1,0,0,1,"lex=0(rare_avg=4.35: stressed(4.18), experts(4.52)) | dictation=dense(8)"
3187,#3187 WFD,Our company is planning to recruit many new employees worldwide.,1,0,0,1,"lex=0(rare_avg=4.21: recruit(3.89), worldwide(4.54)) | dictation=dense(7)"
3188,#3188 WFD,Working shifts can make it hard to have a good family life.,2,0,0,2,"lex=0(rare_avg=4.73: shifts(4.01), working(5.45)) | dictation=long(12); dense(7)"
3189,#3189 WFD,Make sure to include the pictures from the lecture in your work.,2,0,0,2,"lex=0(rare_avg=4.53: lecture(4.14), pictures(4.92)) | dictation=long(12); dense(6)"
3190,#3190 WFD,"Soon, forms will be handed out to students coming back to school.",2,0,1,2,"lex=0(rare_avg=4.58: handed(4.42), forms(4.73)) | grammar=passive(be handed) | dictation=long(12); dense(7)"
3191,#3191 WFD,The graph shows that there hasn't been a lot of growth recently.,2,0,0,3,"lex=0(rare_avg=4.38: graph(4.05), hasn't(4.71)) | dictation=contraction; long(12); dense(6)"
3192,#3192 WFD,The goal we have is to make things less competitive for people.,2,0,0,2,"lex=0(rare_avg=4.81: competitive(4.57), goal(5.06)) | dictation=long(12); dense(6)"
3193,#3193 WFD,Cultures around the world are finding ways to talk to each other.,2,0,0,2,"lex=0(rare_avg=4.53: cultures(4.20), finding(4.85)) | dictation=long(12); dense(6)"
3194,#3194 WFD,A good assistant always makes sure to get all the information needed.,2,0,0,2,"lex=0(rare_avg=4.95: assistant(4.72), needed(5.18)) | dictation=long(12); dense(7)"
3195,#3195 WFD,As the world gets more crowded more trees are being cut down.,1,0,0,1,"lex=0(rare_avg=4.33: crowded(3.98), trees(4.69)) | dictation=long(12)"
3196,#3196 WFD,"If the government helps out, we could use solar energy more often.",2,0,1,2,"lex=0(rare_avg=4.63: solar(4.53), helps(4.74)) | grammar=modal(could) | dictation=long(12); dense(6)"
3197,#3197 WFD,Trains help people travel far places much more easily.,1,0,0,1,"lex=0(rare_avg=4.59: trains(4.27), easily(4.91)) | dictation=dense(8)"
3198,#3198 WFD,The way we see different countries is changing because of the internet.,2,0,0,2,"lex=0(rare_avg=4.91: changing(4.76), internet(5.06)) | dictation=long(12); dense(7)"
3199,#3199 WFD,We're trying to come up with new solutions for society's big issues.,2,0,0,3,"lex=0(rare_avg=4.00: society's(3.50), solutions(4.50)) | dictation=contraction; long(12); dense(8)"
3200,#3200 WFD,I truly believe it's among the best actions I've ever taken.,2,0,0,3,"lex=0(rare_avg=4.85: actions(4.82), truly(4.87)) | dictation=contraction; long(11); dense(8)"
3201,#3201 WFD,"Accounting students typically understand economics, statistics, and some psychology.",1,0,0,2,"lex=0(rare_avg=4.30: accounting(4.29), psychology(4.31)) | dictation=list_enum; dense(7)"
3202,#3202 WFD,Students of accounting should grasp profit and loss statements well.,1,0,1,1,"lex=0(rare_avg=4.13: grasp(3.97), accounting(4.29)) | grammar=modal(should) | dictation=dense(7)"
3203,#3203 WFD,A consensus on climate change exists among many esteemed scientists.,1,1,0,1,"lex=1(rare_avg=3.69: esteemed(3.28), consensus(4.10)) | dictation=dense(8)"
3204,#3204 WFD,Art depicting freshwater life didn't appear until the modern era.,2,1,0,2,"lex=1(rare_avg=3.53: freshwater(3.52), depicting(3.54)) | dictation=contraction; dense(9)"
3205,#3205 WFD,He wasn't the only advocate pushing for legal reforms back then.,2,0,0,3,"lex=0(rare_avg=4.13: reforms(4.06), advocate(4.21)) | dictation=contraction; long(11); dense(6)"
3206,#3206 WFD,I anticipated our meeting would be in the smaller conference room.,2,0,1,1,"lex=0(rare_avg=4.44: anticipated(4.08), smaller(4.80)) | grammar=modal(would) | dictation=long(11)"
3207,#3207 WFD,Eating regularly during the week has its health benefits.,1,0,0,0,"lex=0(rare_avg=4.68: regularly(4.52), benefits(4.84))"
3208,#3208 WFD,Always go through the safety rules before handling any class tools.,2,0,0,2,"lex=0(rare_avg=4.49: handling(4.39), tools(4.59)) | dictation=long(11); dense(6)"
3209,#3209 WFD,"By collaborating, we can create statues that are both imposing and magnificent.",2,1,0,1,"lex=1(rare_avg=3.54: collaborating(3.42), statues(3.65)) | dictation=long(12)"
3210,#3210 WFD,Some old system features have been integrated into the new one.,3,0,2,2,"lex=0(rare_avg=4.62: integrated(4.29), features(4.94)) | grammar=passive(been integrated); perfect(have been integrated) | dictation=long(11); dense(6)"
3211,#3211 WFD,There's a push for universal access to free educational services.,1,0,0,2,"lex=0(rare_avg=4.54: universal(4.49), educational(4.60)) | dictation=contraction; dense(7)"
3212,#3212 WFD,"The cafeteria menu includes a selection of dishes, fish and chicken alike.",2,1,0,3,"lex=1(rare_avg=3.79: cafeteria(3.44), dishes(4.13)) | dictation=list_enum; long(12); dense(8)"
3213,#3213 WFD,This cart is made for transporting single items at one time.,2,1,0,2,"lex=1(rare_avg=3.79: transporting(3.59), cart(3.98)) | dictation=long(11); dense(7)"
3214,#3214 WFD,That period is often hailed as a golden era in English literature.,2,0,1,2,"lex=0(rare_avg=4.05: hailed(3.49), literature(4.62)) | grammar=passive(is often hailed) | dictation=long(12); dense(6)"
3215,#3215 WFD,Most essential course texts are stocked in the university's library.,2,1,1,2,"lex=1(rare_avg=3.61: stocked(3.44), university's(3.78)) | grammar=passive(are stocked) | dictation=contraction; dense(6)"
3216,#3216 WFD,The university official is ready to assist with your housing and transportation.,2,0,0,2,"lex=0(rare_avg=4.50: assist(4.42), transportation(4.57)) | dictation=long(12); dense(6)"
3217,#3217 WFD,The university's theater group plans to perform at the concert hall.,2,0,0,3,"lex=0(rare_avg=4.06: university's(3.78), theater(4.35)) | dictation=contraction; long(11); dense(7)"
3218,#3218 WFD,The former lecturer often returns as a visitor to the campus.,2,1,0,2,"lex=1(rare_avg=3.87: lecturer(3.72), visitor(4.01)) | dictation=long(11); dense(6)"
3219,#3219 WFD,More research is urgently needed in this particular field of study.,2,0,1,2,"lex=0(rare_avg=4.24: urgently(3.48), particular(5.00)) | grammar=passive(is urgently needed) | dictation=long(11); dense(6)"
3220,#3220 WFD,This course provides students with practical experience relevant to the industry.,2,0,0,2,"lex=0(rare_avg=4.54: practical(4.48), relevant(4.61)) | dictation=long(11); dense(7)"
3221,#3221 WFD,"To ensure clarity and avoid unnecessary repetition, it's important to be concise.",2,1,0,3,"lex=1(rare_avg=3.47: concise(3.46), repetition(3.48)) | dictation=contraction; long(12); dense(8)"
3222,#3222 WFD,"The meeting seemed minor, occurring in just a small room.",1,0,0,1,"lex=0(rare_avg=4.29: occurring(3.97), minor(4.62)) | dictation=dense(6)"
3223,#3223 WFD,The seminar offers opportunities to exchange and discuss ideas with peers.,2,1,0,2,"lex=1(rare_avg=3.89: seminar(3.77), peers(4.02)) | dictation=long(11); dense(7)"
3224,#3224 WFD,Student union members can significantly influence university policy changes.,1,0,0,1,"lex=0(rare_avg=4.66: significantly(4.54), influence(4.78)) | dictation=dense(8)"
3225,#3225 WFD,Part of the recipe includes adding boiling water to the mix.,2,0,0,2,"lex=0(rare_avg=3.99: boiling(3.75), recipe(4.23)) | dictation=long(11); dense(7)"
3226,#3226 WFD,Scholarships help meet financial needs of students globally and locally.,1,1,0,1,"lex=1(rare_avg=3.79: scholarships(3.76), globally(3.82)) | dictation=dense(8)"
3227,#3227 WFD,The university's website has many additional useful resources available.,1,0,0,2,"lex=0(rare_avg=4.25: university's(3.78), useful(4.72)) | dictation=contraction; dense(7)"
3228,#3228 WFD,"Digital systems have simplified borrowing books, making it more accessible today.",2,1,1,2,"lex=1(rare_avg=3.72: simplified(3.69), borrowing(3.75)) | grammar=perfect(have simplified) | dictation=long(11); dense(8)"
3229,#3229 WFD,This book discusses cultural impacts on our actions significantly.,1,0,0,1,"lex=0(rare_avg=3.98: discusses(3.93), impacts(4.03)) | dictation=dense(6)"
3230,#3230 WFD,The concept has inherent imperfections and necessitates thorough and deliberate evaluation.,2,1,1,2,"lex=1(rare_avg=3.02: necessitates(2.74), imperfections(3.29)) | grammar=perfect(has inherent) | dictation=long(11); dense(7)"
3231,#3231 WFD,Professionals have developed methods for quantifying plant growth through numerical measurements.,2,1,1,2,"lex=1(rare_avg=3.16: quantifying(2.67), numerical(3.65)) | grammar=perfect(have developed) | dictation=long(11); dense(8)"
3232,#3232 WFD,"Certain individuals thrive in competitive scenarios, while others favor cooperative endeavors.",2,1,0,2,"lex=1(rare_avg=3.52: endeavors(3.32), thrive(3.73)) | dictation=long(11); dense(10)"
3233,#3233 WFD,Mathematics instructors are presently encountering certain challenges in their teaching roles.,2,1,0,2,"lex=1(rare_avg=3.40: encountering(3.23), instructors(3.57)) | dictation=long(11); dense(8)"
3234,#3234 WFD,Instructors will grant approval for your extensive paper following the discussion.,2,0,0,2,"lex=0(rare_avg=4.03: instructors(3.57), extensive(4.49)) | dictation=long(11); dense(7)"
3235,#3235 WFD,Tomorrow's lesson will assess your understanding of complex material.,2,1,0,2,"lex=1(rare_avg=3.83: tomorrow's(3.59), assess(4.07)) | dictation=contraction; dense(6)"
3236,#3236 WFD,Thorough testing procedures serve to confirm the accuracy of factual information.,2,1,0,2,"lex=1(rare_avg=3.79: factual(3.61), thorough(3.97)) | dictation=long(11); dense(8)"
3237,#3237 WFD,"To excel, you must practice a specific skill repeatedly and consistently.",2,0,1,2,"lex=0(rare_avg=3.97: excel(3.73), repeatedly(4.21)) | grammar=modal(must) | dictation=long(11); dense(6)"
3238,#3238 WFD,Access the lecture slides and notes online after the class ends.,2,0,0,2,"lex=0(rare_avg=3.96: slides(3.78), lecture(4.14)) | dictation=long(11); dense(7)"
3239,#3239 WFD,Late submissions likely won't receive attention or thorough consideration.,2,1,0,2,"lex=1(rare_avg=3.84: submissions(3.71), thorough(3.97)) | dictation=contraction; dense(8)"
3240,#3240 WFD,Online resources now allow viewing of school lectures anytime.,1,0,0,1,"lex=0(rare_avg=4.02: lectures(3.96), viewing(4.08)) | dictation=dense(7)"
3241,#3241 WFD,Zoo animals behave differently than their counterparts in the wild.,1,1,0,1,"lex=1(rare_avg=3.88: counterparts(3.75), behave(4.00)) | dictation=dense(6)"
3242,#3242 WFD,Few employment opportunities exist within this particular job sector.,1,0,0,1,"lex=0(rare_avg=4.58: employment(4.56), opportunities(4.61)) | dictation=dense(7)"
3243,#3243 WFD,The bookstore carries all required textbooks for your school courses.,1,1,0,1,"lex=1(rare_avg=3.54: bookstore(3.42), textbooks(3.66)) | dictation=dense(6)"
3244,#3244 WFD,Numerous studies confirm the Earth's temperatures are steadily increasing.,1,0,0,2,"lex=0(rare_avg=4.08: steadily(3.84), temperatures(4.33)) | dictation=contraction; dense(6)"
3245,#3245 WFD,The library's desk has a vast collection of historical books.,2,1,0,2,"lex=1(rare_avg=3.68: library's(2.93), desk(4.43)) | dictation=contraction; dense(6)"
3246,#3246 WFD,"To comprehend human behavior profoundly, one must scrutinize and analyze their actions.",2,1,1,2,"lex=1(rare_avg=3.13: scrutinize(2.76), profoundly(3.51)) | grammar=modal(must) | dictation=long(12); dense(8)"
3247,#3247 WFD,This research introduces a variety of fascinating new subjects.,1,0,0,1,"lex=0(rare_avg=3.96: introduces(3.80), fascinating(4.13)) | dictation=dense(6)"
3248,#3248 WFD,Comprehending the intricacies of the global market is imperative for students.,2,2,0,2,"lex=2(rare_avg=2.76: comprehending(2.61), intricacies(2.92)) | dictation=long(11); dense(6)"
3249,#3249 WFD,Our goal is to effectively improve students' pronunciation skills through instruction.,2,1,0,2,"lex=1(rare_avg=3.82: pronunciation(3.51), instruction(4.14)) | dictation=long(11); dense(7)"
3250,#3250 WFD,Faculty members are consistently accessible and approachable for guidance and counsel.,2,1,0,2,"lex=1(rare_avg=3.54: approachable(2.91), counsel(4.16)) | dictation=long(11); dense(7)"
3251,#3251 WFD,Frequently observed attributes tend to interpret the problem in comparable manners.,2,1,0,2,"lex=1(rare_avg=3.82: interpret(3.81), manners(3.83)) | dictation=long(11); dense(8)"
3252,#3252 WFD,Campus life offers diverse activities for students to explore and enjoy.,2,0,0,2,"lex=0(rare_avg=4.28: diverse(4.24), explore(4.31)) | dictation=long(11); dense(8)"
3253,#3253 WFD,Students must submit assignments online through the university's learning platform.,2,1,1,2,"lex=1(rare_avg=3.83: university's(3.78), assignments(3.88)) | grammar=modal(must) | dictation=contraction; dense(7)"
3254,#3254 WFD,The university provides a conducive environment for academic and personal growth.,2,0,0,2,"lex=0(rare_avg=3.91: conducive(3.24), academic(4.57)) | dictation=long(11); dense(7)"
3255,#3255 WFD,Effective communication is crucial for success in the business world.,1,0,0,1,"lex=0(rare_avg=4.48: crucial(4.28), communication(4.68)) | dictation=dense(6)"
3256,#3256 WFD,Maintaining good health is essential for a productive college experience.,1,0,0,1,"lex=0(rare_avg=4.23: productive(4.22), maintaining(4.25)) | dictation=dense(7)"
3257,#3257 WFD,"The library is a quiet place to study, research, and find resources.",2,0,0,3,"lex=0(rare_avg=4.76: quiet(4.65), library(4.86)) | dictation=list_enum; long(12); dense(7)"
3258,#3258 WFD,Students often gather in the courtyard to socialize and relax together.,2,1,0,2,"lex=1(rare_avg=3.41: socialize(3.16), courtyard(3.65)) | dictation=long(11); dense(7)"
3259,#3259 WFD,Assignments should be submitted before the specified deadline to avoid penalties.,3,0,2,2,"lex=0(rare_avg=3.97: assignments(3.88), specified(4.06)) | grammar=modal(should); passive(be submitted) | dictation=long(11); dense(6)"
3260,#3260 WFD,University clubs offer students opportunities to pursue their diverse interests.,1,0,0,1,"lex=0(rare_avg=4.25: diverse(4.24), pursue(4.26)) | dictation=dense(8)"
3261,#3261 WFD,Business majors learn valuable skills for leadership and entrepreneurship.,1,1,0,1,"lex=1(rare_avg=3.66: entrepreneurship(3.57), majors(3.75)) | dictation=dense(7)"
3262,#3262 WFD,Regular exercise is key to maintaining physical and mental well-being.,1,0,0,1,"lex=0(rare_avg=4.46: maintaining(4.25), exercise(4.68)) | dictation=dense(7)"
3263,#3263 WFD,"The library's extensive collection includes books, journals, and digital resources.",2,1,0,3,"lex=1(rare_avg=3.42: library's(2.93), journals(3.92)) | dictation=contraction; list_enum; dense(8)"
3264,#3264 WFD,The campus cafeteria serves a variety of nutritious and delicious meals.,2,1,0,2,"lex=1(rare_avg=3.31: nutritious(3.18), cafeteria(3.44)) | dictation=long(11); dense(7)"
3265,#3265 WFD,Collaborative projects help students develop teamwork and problem-solving abilities.,1,1,0,1,"lex=1(rare_avg=3.63: teamwork(3.48), collaborative(3.78)) | dictation=dense(9)"
3266,#3266 WFD,Students often gather in the quad for outdoor events and activities.,2,0,0,2,"lex=0(rare_avg=3.97: quad(3.70), outdoor(4.23)) | dictation=long(11); dense(7)"
3267,#3267 WFD,Meeting project deadlines is essential for academic and professional success.,1,0,0,1,"lex=0(rare_avg=3.98: deadlines(3.38), academic(4.57)) | dictation=dense(7)"
3268,#3268 WFD,University graduates have opportunities for career advancement and personal growth.,1,0,0,1,"lex=0(rare_avg=3.92: advancement(3.81), graduates(4.02)) | dictation=dense(7)"
3269,#3269 WFD,Balancing coursework and a part-time job requires effective time management.,1,1,0,1,"lex=1(rare_avg=3.40: coursework(3.00), balancing(3.80)) | dictation=dense(9)"
3270,#3270 WFD,Regular exercise promotes physical fitness and reduces stress levels in students.,2,1,0,2,"lex=1(rare_avg=3.88: promotes(3.79), reduces(3.98)) | dictation=long(11); dense(9)"
3271,#3271 WFD,"The library offers study rooms, computer access, and research assistance services.",2,0,0,3,"lex=0(rare_avg=4.57: rooms(4.56), assistance(4.59)) | dictation=list_enum; long(11); dense(9)"
3272,#3272 WFD,A campus tour is beneficial at the beginning of each term.,1,0,0,1,"lex=0(rare_avg=4.29: beneficial(4.08), campus(4.51)) | dictation=long(11)"
3273,#3273 WFD,My technique is to understand the sentence while writing the first letter of each word.,2,0,0,2,"lex=0(rare_avg=4.53: technique(4.47), sentence(4.58)) | dictation=long(15); dense(8)"
3274,#3274 WFD,The best student has an opportunity to acquire a scholarship.,1,0,0,0,"lex=0(rare_avg=4.14: acquire(4.13), scholarship(4.15))"
3275,#3275 WFD,Muscle cells bring parts of the body closer together.,1,0,0,1,"lex=0(rare_avg=4.59: muscle(4.44), closer(4.73)) | dictation=dense(7)"
3276,#3276 WFD,You can submit an electronic or hard copy of your essay.,1,0,0,1,"lex=0(rare_avg=4.26: essay(4.23), submit(4.28)) | dictation=long(11)"
3278,#3278 WFD,It is important to plan your study time carefully.,1,0,1,0,"lex=0(rare_avg=4.86: carefully(4.46), study(5.26)) | grammar=passive(is important)"
3279,#3279 WFD,This is the first example of a modern and professional army.,1,0,0,1,"lex=0(rare_avg=5.05: professional(5.05), army(5.06)) | dictation=long(11)"
3280,#3280 WFD,Our facility includes five libraries across the university.,1,0,0,1,"lex=0(rare_avg=4.37: libraries(4.14), facility(4.60)) | dictation=dense(6)"
3281,#3281 WFD,Houses were built for workers near the factories.,1,0,1,0,"lex=0(rare_avg=4.33: factories(3.95), houses(4.72)) | grammar=passive(were built)"
3282,#3282 WFD,Computers used to be larger than they are now.,1,0,0,0,"lex=0(rare_avg=4.58: computers(4.33), larger(4.82))"
3283,#3283 WFD,Social psychology is concerned with the understanding of human behavior.,1,0,1,1,"lex=0(rare_avg=4.50: psychology(4.31), behavior(4.69)) | grammar=passive(is concerned) | dictation=dense(6)"
3284,#3284 WFD,Formal conclusions could be established through rigorous experiments.,3,1,2,0,"lex=1(rare_avg=3.84: rigorous(3.68), conclusions(4.00)) | grammar=modal(could); passive(be established)"
3285,#3285 WFD,The population has risen sharply during the recent twenty years.,2,1,1,1,"lex=1(rare_avg=3.88: risen(3.86), sharply(3.89)) | grammar=perfect(has risen) | dictation=dense(6)"
3286,#3286 WFD,The news will not be received until the following week.,1,0,1,0,"lex=0(rare_avg=5.30: received(5.16), news(5.44)) | grammar=passive(be received)"
3287,#3287 WFD,A new article was published regarding the university last week.,1,0,1,1,"lex=0(rare_avg=4.87: regarding(4.67), published(5.07)) | grammar=passive(was published) | dictation=dense(7)"
3288,#3288 WFD,Stories often contain messages in our life.,1,0,0,0,"lex=0(rare_avg=4.52: contain(4.50), messages(4.54))"
3290,#3290 WFD,You are required to attend lectures and write weekly reports.,1,0,1,1,"lex=0(rare_avg=4.25: lectures(3.96), attend(4.55)) | grammar=passive(are required) | dictation=dense(6)"
3291,#3291 WFD,Many different conferences offer opportunities for volunteer work.,1,0,0,1,"lex=0(rare_avg=4.16: conferences(4.03), volunteer(4.28)) | dictation=dense(7)"
3292,#3292 WFD,Gravity is the force that attracts two bodies toward one another.,2,0,0,2,"lex=0(rare_avg=3.92: attracts(3.63), gravity(4.21)) | dictation=long(11); dense(8)"
3294,#3294 WFD,The author expressed an idea that modern readers inevitably cannot accept.,2,0,0,2,"lex=0(rare_avg=4.16: inevitably(3.90), readers(4.41)) | dictation=long(11); dense(8)"
3295,#3295 WFD,It is important to balance your study and personal life effectively.,2,0,1,2,"lex=0(rare_avg=4.62: effectively(4.49), balance(4.76)) | grammar=passive(is important) | dictation=long(11); dense(6)"
3296,#3296 WFD,The lecture scheduled for the third day will cover essential course materials.,2,0,0,2,"lex=0(rare_avg=4.29: lecture(4.14), scheduled(4.45)) | dictation=long(12); dense(8)"
3297,#3297 WFD,Students should take their time to study.,1,0,1,0,"lex=0(rare_avg=5.25: students(5.25), study(5.26)) | grammar=modal(should)"
3298,#3298 WFD,Animal behavior appears to contain both similar and distinct aspects to that of humans.,2,0,0,2,"lex=0(rare_avg=4.39: distinct(4.29), contain(4.50)) | dictation=long(14); dense(8)"
3299,#3299 WFD,The lecture will deal with the influence of technology on music.,1,0,0,1,"lex=0(rare_avg=4.46: lecture(4.14), influence(4.78)) | dictation=long(11)"
3300,#3300 WFD,Undergraduate students can apply for the new biology course.,1,0,0,1,"lex=0(rare_avg=4.04: undergraduate(3.85), biology(4.22)) | dictation=dense(6)"
3301,#3301 WFD,The eventual winners will be the graduates that adapt best.,1,1,0,0,"lex=1(rare_avg=3.85: eventual(3.73), adapt(3.98))"
3302,#3302 WFD,Many graduate students can find a job in the communications field.,2,0,0,2,"lex=0(rare_avg=4.54: graduate(4.50), communications(4.59)) | dictation=long(11); dense(7)"
3303,#3303 WFD,We will discuss these two pictures in the next lecture.,1,0,0,0,"lex=0(rare_avg=4.40: lecture(4.14), discuss(4.66))"
3304,#3304 WFD,Thousands of people turned out ahead of the prestigious election.,1,0,0,1,"lex=0(rare_avg=4.31: prestigious(3.86), thousands(4.77)) | dictation=dense(6)"
